{
"type": "FeatureCollection",
"name": "start_points",
"crs": { "type": "name", "properties": { "name": "urn:ogc:def:crs:OGC:1.3:CRS84" } },
"features": [
{ "type": "Feature", "properties": { "name": "1", "role": "start" }, "geometry": { "type": "Point", "coordinates": [ 30.194019331495035, 59.942791681852341 ] } },
{ "type": "Feature", "properties": { "name": "2", "role": "start" }, "geometry": { "type": "Point", "coordinates": [ 30.191176086089484, 59.943135876371272 ] } },
{ "type": "Feature", "properties": { "name": "3", "role": "start" }, "geometry": { "type": "Point", "coordinates": [ 30.191217301145478, 59.943244504292949 ] } },
{ "type": "Feature", "properties": { "name": "4", "role": "start" }, "geometry": { "type": "Point", "coordinates": [ 30.189736611031559, 59.943351662132102 ] } },
{ "type": "Feature", "properties": { "name": "5", "role": "start" }, "geometry": { "type": "Point", "coordinates": [ 30.190425234092316, 59.943367315675616 ] } },
{ "type": "Feature", "properties": { "name": "6", "role": "start" }, "geometry": { "type": "Point", "coordinates": [ 30.189251273903945, 59.943556093612088 ] } },
{ "type": "Feature", "properties": { "name": "7", "role": "start" }, "geometry": { "type": "Point", "coordinates": [ 30.184492060481887, 59.944042407659161 ] } },
{ "type": "Feature", "properties": { "name": "8", "role": "start" }, "geometry": { "type": "Point", "coordinates": [ 30.178781887624048, 59.944045460002684 ] } },
{ "type": "Feature", "properties": { "name": "9", "role": "start" }, "geometry": { "type": "Point", "coordinates": [ 30.179151671304158, 59.944682805440358 ] } },
{ "type": "Feature", "properties": { "name": "10", "role": "start" }, "geometry": { "type": "Point", "coordinates": [ 30.179651608770467, 59.94475911659611 ] } },
{ "type": "Feature", "properties": { "name": "11", "role": "start" }, "geometry": { "type": "Point", "coordinates": [ 30.191757414126716, 59.945254879237929 ] } },
{ "type": "Feature", "properties": { "name": "12", "role": "start" }, "geometry": { "type": "Point", "coordinates": [ 30.192441731590407, 59.945473469931827 ] } },
{ "type": "Feature", "properties": { "name": "13", "role": "start" }, "geometry": { "type": "Point", "coordinates": [ 30.192743138666192, 59.946836950345599 ] } },
{ "type": "Feature", "properties": { "name": "14", "role": "start" }, "geometry": { "type": "Point", "coordinates": [ 30.19330690473382, 59.947128935239412 ] } },
{ "type": "Feature", "properties": { "name": "15", "role": "start" }, "geometry": { "type": "Point", "coordinates": [ 30.194136483717539, 59.94760707671562 ] } },
{ "type": "Feature", "properties": { "name": "16", "role": "start" }, "geometry": { "type": "Point", "coordinates": [ 30.193976329283547, 59.948921077663186 ] } },
{ "type": "Feature", "properties": { "name": "17", "role": "start" }, "geometry": { "type": "Point", "coordinates": [ 30.194880510509133, 59.948969930052719 ] } },
{ "type": "Feature", "properties": { "name": "18", "role": "start" }, "geometry": { "type": "Point", "coordinates": [ 30.193054799610067, 59.951492350344225 ] } },
{ "type": "Feature", "properties": { "name": "19", "role": "start" }, "geometry": { "type": "Point", "coordinates": [ 30.192735967964808, 59.951896379132307 ] } },
{ "type": "Feature", "properties": { "name": "20", "role": "start" }, "geometry": { "type": "Point", "coordinates": [ 30.192865297311371, 59.952113624482458 ] } },
{ "type": "Feature", "properties": { "name": "21", "role": "start" }, "geometry": { "type": "Point", "coordinates": [ 30.192874006598398, 59.952258219390131 ] } },
{ "type": "Feature", "properties": { "name": "22", "role": "start" }, "geometry": { "type": "Point", "coordinates": [ 30.187676218324572, 59.952176050701134 ] } },
{ "type": "Feature", "properties": { "name": "23", "role": "start" }, "geometry": { "type": "Point", "coordinates": [ 30.190563449856118, 59.952371435297849 ] } },
{ "type": "Feature", "properties": { "name": "24", "role": "start" }, "geometry": { "type": "Point", "coordinates": [ 30.189910374644565, 59.952368489080293 ] } },
{ "type": "Feature", "properties": { "name": "25", "role": "start" }, "geometry": { "type": "Point", "coordinates": [ 30.188536850575147, 59.95236423843005 ] } },
{ "type": "Feature", "properties": { "name": "26", "role": "start" }, "geometry": { "type": "Point", "coordinates": [ 30.189983358139727, 59.952588069505552 ] } },
{ "type": "Feature", "properties": { "name": "27", "role": "start" }, "geometry": { "type": "Point", "coordinates": [ 30.190030273441213, 59.952664951059447 ] } },
{ "type": "Feature", "properties": { "name": "28", "role": "start" }, "geometry": { "type": "Point", "coordinates": [ 30.184089984835186, 59.953271382700173 ] } },
{ "type": "Feature", "properties": { "name": "29", "role": "start" }, "geometry": { "type": "Point", "coordinates": [ 30.183894986007513, 59.953388561902678 ] } },
{ "type": "Feature", "properties": { "name": "30", "role": "start" }, "geometry": { "type": "Point", "coordinates": [ 30.184009009422063, 59.953554943895469 ] } },
{ "type": "Feature", "properties": { "name": "31", "role": "start" }, "geometry": { "type": "Point", "coordinates": [ 30.183823210616314, 59.95378068684046 ] } },
{ "type": "Feature", "properties": { "name": "32", "role": "start" }, "geometry": { "type": "Point", "coordinates": [ 30.185186089729562, 59.954120047942453 ] } },
{ "type": "Feature", "properties": { "name": "33", "role": "start" }, "geometry": { "type": "Point", "coordinates": [ 30.194199229861141, 59.951565451183896 ] } },
{ "type": "Feature", "properties": { "name": "34", "role": "start" }, "geometry": { "type": "Point", "coordinates": [ 30.19443006833356, 59.95185213229346 ] } },
{ "type": "Feature", "properties": { "name": "35", "role": "start" }, "geometry": { "type": "Point", "coordinates": [ 30.194553340761626, 59.949783982992834 ] } },
{ "type": "Feature", "properties": { "name": "36", "role": "start" }, "geometry": { "type": "Point", "coordinates": [ 30.194657644652448, 59.948555998173106 ] } },
{ "type": "Feature", "properties": { "name": "37", "role": "start" }, "geometry": { "type": "Point", "coordinates": [ 30.195074239793566, 59.948447046076218 ] } },
{ "type": "Feature", "properties": { "name": "38", "role": "start" }, "geometry": { "type": "Point", "coordinates": [ 30.195249107293854, 59.950031403833812 ] } },
{ "type": "Feature", "properties": { "name": "39", "role": "start" }, "geometry": { "type": "Point", "coordinates": [ 30.195498210122139, 59.951506787917396 ] } },
{ "type": "Feature", "properties": { "name": "40", "role": "start" }, "geometry": { "type": "Point", "coordinates": [ 30.195518404250151, 59.949873898112457 ] } },
{ "type": "Feature", "properties": { "name": "41", "role": "start" }, "geometry": { "type": "Point", "coordinates": [ 30.196196605339775, 59.950811072817885 ] } },
{ "type": "Feature", "properties": { "name": "42", "role": "start" }, "geometry": { "type": "Point", "coordinates": [ 30.195898617515052, 59.949751126998464 ] } },
{ "type": "Feature", "properties": { "name": "43", "role": "start" }, "geometry": { "type": "Point", "coordinates": [ 30.196438331526171, 59.951507517583295 ] } },
{ "type": "Feature", "properties": { "name": "44", "role": "start" }, "geometry": { "type": "Point", "coordinates": [ 30.192119826001623, 59.945845461048975 ] } },
{ "type": "Feature", "properties": { "name": "45", "role": "start" }, "geometry": { "type": "Point", "coordinates": [ 30.187653082241102, 59.9420849470837 ] } },
{ "type": "Feature", "properties": { "name": "46", "role": "start" }, "geometry": { "type": "Point", "coordinates": [ 30.190604763544467, 59.941697987648986 ] } },
{ "type": "Feature", "properties": { "name": "47", "role": "start" }, "geometry": { "type": "Point", "coordinates": [ 30.196562893845961, 59.938508534817018 ] } },
{ "type": "Feature", "properties": { "name": "48", "role": "start" }, "geometry": { "type": "Point", "coordinates": [ 30.196681239154312, 59.94068720937107 ] } },
{ "type": "Feature", "properties": { "name": "49", "role": "start" }, "geometry": { "type": "Point", "coordinates": [ 30.197601211118023, 59.93805024277642 ] } },
{ "type": "Feature", "properties": { "name": "50", "role": "start" }, "geometry": { "type": "Point", "coordinates": [ 30.198412858794118, 59.937481470872456 ] } },
{ "type": "Feature", "properties": { "name": "51", "role": "start" }, "geometry": { "type": "Point", "coordinates": [ 30.198733411906858, 59.940560067714188 ] } },
{ "type": "Feature", "properties": { "name": "52", "role": "start" }, "geometry": { "type": "Point", "coordinates": [ 30.199090560564514, 59.942401103307418 ] } },
{ "type": "Feature", "properties": { "name": "53", "role": "start" }, "geometry": { "type": "Point", "coordinates": [ 30.199810620888361, 59.936689248421359 ] } },
{ "type": "Feature", "properties": { "name": "54", "role": "start" }, "geometry": { "type": "Point", "coordinates": [ 30.200168952615808, 59.937531682336655 ] } },
{ "type": "Feature", "properties": { "name": "55", "role": "start" }, "geometry": { "type": "Point", "coordinates": [ 30.200454515335853, 59.936074483191391 ] } },
{ "type": "Feature", "properties": { "name": "56", "role": "start" }, "geometry": { "type": "Point", "coordinates": [ 30.200400331767032, 59.939642388942126 ] } },
{ "type": "Feature", "properties": { "name": "57", "role": "start" }, "geometry": { "type": "Point", "coordinates": [ 30.200517265007345, 59.942222397510783 ] } },
{ "type": "Feature", "properties": { "name": "58", "role": "start" }, "geometry": { "type": "Point", "coordinates": [ 30.200754447107258, 59.941936672844776 ] } },
{ "type": "Feature", "properties": { "name": "59", "role": "start" }, "geometry": { "type": "Point", "coordinates": [ 30.201247448438775, 59.938977422130726 ] } },
{ "type": "Feature", "properties": { "name": "60", "role": "start" }, "geometry": { "type": "Point", "coordinates": [ 30.203311334274979, 59.937499444380265 ] } },
{ "type": "Feature", "properties": { "name": "61", "role": "start" }, "geometry": { "type": "Point", "coordinates": [ 30.20326771574204, 59.939344534453731 ] } },
{ "type": "Feature", "properties": { "name": "62", "role": "start" }, "geometry": { "type": "Point", "coordinates": [ 30.205124540606061, 59.938059143703057 ] } },
{ "type": "Feature", "properties": { "name": "63", "role": "start" }, "geometry": { "type": "Point", "coordinates": [ 30.211550263575695, 59.941872069515256 ] } },
{ "type": "Feature", "properties": { "name": "64", "role": "start" }, "geometry": { "type": "Point", "coordinates": [ 30.208870616471621, 59.942108081345395 ] } },
{ "type": "Feature", "properties": { "name": "65", "role": "start" }, "geometry": { "type": "Point", "coordinates": [ 30.209111938218893, 59.942164002120812 ] } },
{ "type": "Feature", "properties": { "name": "66", "role": "start" }, "geometry": { "type": "Point", "coordinates": [ 30.208788973607579, 59.942706707981358 ] } },
{ "type": "Feature", "properties": { "name": "67", "role": "start" }, "geometry": { "type": "Point", "coordinates": [ 30.220507408590223, 59.942964744087895 ] } },
{ "type": "Feature", "properties": { "name": "68", "role": "start" }, "geometry": { "type": "Point", "coordinates": [ 30.219092292954816, 59.942992089932417 ] } },
{ "type": "Feature", "properties": { "name": "69", "role": "start" }, "geometry": { "type": "Point", "coordinates": [ 30.209986683003756, 59.943036072561526 ] } },
{ "type": "Feature", "properties": { "name": "70", "role": "start" }, "geometry": { "type": "Point", "coordinates": [ 30.216155437092954, 59.943375100504269 ] } },
{ "type": "Feature", "properties": { "name": "71", "role": "start" }, "geometry": { "type": "Point", "coordinates": [ 30.217575712228946, 59.943787460001552 ] } },
{ "type": "Feature", "properties": { "name": "72", "role": "start" }, "geometry": { "type": "Point", "coordinates": [ 30.217305772165322, 59.945634084017954 ] } },
{ "type": "Feature", "properties": { "name": "73", "role": "start" }, "geometry": { "type": "Point", "coordinates": [ 30.215113145915083, 59.945630207757794 ] } },
{ "type": "Feature", "properties": { "name": "74", "role": "start" }, "geometry": { "type": "Point", "coordinates": [ 30.216467255121135, 59.945670129849645 ] } },
{ "type": "Feature", "properties": { "name": "75", "role": "start" }, "geometry": { "type": "Point", "coordinates": [ 30.216115845861829, 59.9456756939596 ] } },
{ "type": "Feature", "properties": { "name": "76", "role": "start" }, "geometry": { "type": "Point", "coordinates": [ 30.217675377091329, 59.945768030690289 ] } },
{ "type": "Feature", "properties": { "name": "77", "role": "start" }, "geometry": { "type": "Point", "coordinates": [ 30.217562244410761, 59.945783348239345 ] } },
{ "type": "Feature", "properties": { "name": "78", "role": "start" }, "geometry": { "type": "Point", "coordinates": [ 30.217448702221716, 59.945792969989057 ] } },
{ "type": "Feature", "properties": { "name": "79", "role": "start" }, "geometry": { "type": "Point", "coordinates": [ 30.217000422394403, 59.945787254301436 ] } },
{ "type": "Feature", "properties": { "name": "80", "role": "start" }, "geometry": { "type": "Point", "coordinates": [ 30.207561285931146, 59.945673088496292 ] } },
{ "type": "Feature", "properties": { "name": "81", "role": "start" }, "geometry": { "type": "Point", "coordinates": [ 30.215354122387723, 59.945934713941888 ] } },
{ "type": "Feature", "properties": { "name": "82", "role": "start" }, "geometry": { "type": "Point", "coordinates": [ 30.216377678372318, 59.945965600336997 ] } },
{ "type": "Feature", "properties": { "name": "83", "role": "start" }, "geometry": { "type": "Point", "coordinates": [ 30.208275044888435, 59.945867937328259 ] } },
{ "type": "Feature", "properties": { "name": "84", "role": "start" }, "geometry": { "type": "Point", "coordinates": [ 30.219445062302412, 59.946866227758946 ] } },
{ "type": "Feature", "properties": { "name": "85", "role": "start" }, "geometry": { "type": "Point", "coordinates": [ 30.217738007133878, 59.947207085308364 ] } },
{ "type": "Feature", "properties": { "name": "86", "role": "start" }, "geometry": { "type": "Point", "coordinates": [ 30.216273594479421, 59.947330721606065 ] } },
{ "type": "Feature", "properties": { "name": "87", "role": "start" }, "geometry": { "type": "Point", "coordinates": [ 30.21814968554045, 59.948164752823935 ] } },
{ "type": "Feature", "properties": { "name": "88", "role": "start" }, "geometry": { "type": "Point", "coordinates": [ 30.214328814545631, 59.948275348549984 ] } },
{ "type": "Feature", "properties": { "name": "89", "role": "start" }, "geometry": { "type": "Point", "coordinates": [ 30.219602724222575, 59.948506487866005 ] } },
{ "type": "Feature", "properties": { "name": "90", "role": "start" }, "geometry": { "type": "Point", "coordinates": [ 30.212598228630348, 59.938380408567625 ] } },
{ "type": "Feature", "properties": { "name": "91", "role": "start" }, "geometry": { "type": "Point", "coordinates": [ 30.217471535658412, 59.938547203310321 ] } },
{ "type": "Feature", "properties": { "name": "92", "role": "start" }, "geometry": { "type": "Point", "coordinates": [ 30.21448278073094, 59.938811460331507 ] } },
{ "type": "Feature", "properties": { "name": "93", "role": "start" }, "geometry": { "type": "Point", "coordinates": [ 30.216061006301747, 59.940127640942762 ] } },
{ "type": "Feature", "properties": { "name": "94", "role": "start" }, "geometry": { "type": "Point", "coordinates": [ 30.218886126226209, 59.940391374394494 ] } },
{ "type": "Feature", "properties": { "name": "95", "role": "start" }, "geometry": { "type": "Point", "coordinates": [ 30.219474168734834, 59.940632744871714 ] } },
{ "type": "Feature", "properties": { "name": "96", "role": "start" }, "geometry": { "type": "Point", "coordinates": [ 30.220216738302533, 59.940693938114897 ] } },
{ "type": "Feature", "properties": { "name": "97", "role": "start" }, "geometry": { "type": "Point", "coordinates": [ 30.21921477705148, 59.940918028165761 ] } },
{ "type": "Feature", "properties": { "name": "98", "role": "start" }, "geometry": { "type": "Point", "coordinates": [ 30.219061691461764, 59.9410874490884 ] } },
{ "type": "Feature", "properties": { "name": "99", "role": "start" }, "geometry": { "type": "Point", "coordinates": [ 30.218983838777255, 59.941173214607375 ] } },
{ "type": "Feature", "properties": { "name": "100", "role": "start" }, "geometry": { "type": "Point", "coordinates": [ 30.21974964153371, 59.941268327040575 ] } },
{ "type": "Feature", "properties": { "name": "101", "role": "start" }, "geometry": { "type": "Point", "coordinates": [ 30.223488591924607, 59.941874209820469 ] } },
{ "type": "Feature", "properties": { "name": "102", "role": "start" }, "geometry": { "type": "Point", "coordinates": [ 30.22495716013734, 59.9421637336186 ] } },
{ "type": "Feature", "properties": { "name": "103", "role": "start" }, "geometry": { "type": "Point", "coordinates": [ 30.222545225685579, 59.942251005513434 ] } },
{ "type": "Feature", "properties": { "name": "104", "role": "start" }, "geometry": { "type": "Point", "coordinates": [ 30.221384676167801, 59.942282513049122 ] } },
{ "type": "Feature", "properties": { "name": "105", "role": "start" }, "geometry": { "type": "Point", "coordinates": [ 30.222665316082043, 59.94257193132875 ] } },
{ "type": "Feature", "properties": { "name": "106", "role": "start" }, "geometry": { "type": "Point", "coordinates": [ 30.223907795742576, 59.942796653527651 ] } },
{ "type": "Feature", "properties": { "name": "107", "role": "start" }, "geometry": { "type": "Point", "coordinates": [ 30.222721414243601, 59.942917451365958 ] } },
{ "type": "Feature", "properties": { "name": "108", "role": "start" }, "geometry": { "type": "Point", "coordinates": [ 30.22588885954233, 59.943157003005858 ] } },
{ "type": "Feature", "properties": { "name": "109", "role": "start" }, "geometry": { "type": "Point", "coordinates": [ 30.224977507406674, 59.943156903751948 ] } },
{ "type": "Feature", "properties": { "name": "110", "role": "start" }, "geometry": { "type": "Point", "coordinates": [ 30.225954859369658, 59.94354715299103 ] } },
{ "type": "Feature", "properties": { "name": "111", "role": "start" }, "geometry": { "type": "Point", "coordinates": [ 30.22136503114632, 59.943644734492608 ] } },
{ "type": "Feature", "properties": { "name": "112", "role": "start" }, "geometry": { "type": "Point", "coordinates": [ 30.22583970079371, 59.945935242206232 ] } },
{ "type": "Feature", "properties": { "name": "113", "role": "start" }, "geometry": { "type": "Point", "coordinates": [ 30.224114068794218, 59.946273161166808 ] } },
{ "type": "Feature", "properties": { "name": "114", "role": "start" }, "geometry": { "type": "Point", "coordinates": [ 30.220921050863513, 59.946742116923886 ] } },
{ "type": "Feature", "properties": { "name": "115", "role": "start" }, "geometry": { "type": "Point", "coordinates": [ 30.225974327526853, 59.947561552850409 ] } },
{ "type": "Feature", "properties": { "name": "116", "role": "start" }, "geometry": { "type": "Point", "coordinates": [ 30.221314050308337, 59.947705060805099 ] } },
{ "type": "Feature", "properties": { "name": "117", "role": "start" }, "geometry": { "type": "Point", "coordinates": [ 30.222790528486726, 59.948034376512219 ] } },
{ "type": "Feature", "properties": { "name": "118", "role": "start" }, "geometry": { "type": "Point", "coordinates": [ 30.233143334828625, 59.944384553221042 ] } },
{ "type": "Feature", "properties": { "name": "119", "role": "start" }, "geometry": { "type": "Point", "coordinates": [ 30.234286411412679, 59.944638074833279 ] } },
{ "type": "Feature", "properties": { "name": "120", "role": "start" }, "geometry": { "type": "Point", "coordinates": [ 30.231432674652805, 59.944620366456192 ] } },
{ "type": "Feature", "properties": { "name": "121", "role": "start" }, "geometry": { "type": "Point", "coordinates": [ 30.228870616603718, 59.944741946769014 ] } },
{ "type": "Feature", "properties": { "name": "122", "role": "start" }, "geometry": { "type": "Point", "coordinates": [ 30.236123433447084, 59.945065115787855 ] } },
{ "type": "Feature", "properties": { "name": "123", "role": "start" }, "geometry": { "type": "Point", "coordinates": [ 30.235641176274626, 59.94544549878357 ] } },
{ "type": "Feature", "properties": { "name": "124", "role": "start" }, "geometry": { "type": "Point", "coordinates": [ 30.232038174931223, 59.945681843430592 ] } },
{ "type": "Feature", "properties": { "name": "125", "role": "start" }, "geometry": { "type": "Point", "coordinates": [ 30.235197695390259, 59.945825486150461 ] } },
{ "type": "Feature", "properties": { "name": "126", "role": "start" }, "geometry": { "type": "Point", "coordinates": [ 30.229393149601361, 59.945751864227091 ] } },
{ "type": "Feature", "properties": { "name": "127", "role": "start" }, "geometry": { "type": "Point", "coordinates": [ 30.227314413600812, 59.945807575434372 ] } },
{ "type": "Feature", "properties": { "name": "128", "role": "start" }, "geometry": { "type": "Point", "coordinates": [ 30.233270653475767, 59.946191202443046 ] } },
{ "type": "Feature", "properties": { "name": "129", "role": "start" }, "geometry": { "type": "Point", "coordinates": [ 30.227714287035223, 59.946461352466436 ] } },
{ "type": "Feature", "properties": { "name": "130", "role": "start" }, "geometry": { "type": "Point", "coordinates": [ 30.227708253936356, 59.946754301972319 ] } },
{ "type": "Feature", "properties": { "name": "131", "role": "start" }, "geometry": { "type": "Point", "coordinates": [ 30.229192970014441, 59.947096785793057 ] } },
{ "type": "Feature", "properties": { "name": "132", "role": "start" }, "geometry": { "type": "Point", "coordinates": [ 30.227726393834033, 59.94307855014771 ] } },
{ "type": "Feature", "properties": { "name": "133", "role": "start" }, "geometry": { "type": "Point", "coordinates": [ 30.227685538333098, 59.943353949811829 ] } },
{ "type": "Feature", "properties": { "name": "134", "role": "start" }, "geometry": { "type": "Point", "coordinates": [ 30.228822947948753, 59.943476895867846 ] } },
{ "type": "Feature", "properties": { "name": "135", "role": "start" }, "geometry": { "type": "Point", "coordinates": [ 30.234434193511376, 59.943977247453873 ] } },
{ "type": "Feature", "properties": { "name": "136", "role": "start" }, "geometry": { "type": "Point", "coordinates": [ 30.239184135788388, 59.944554716108073 ] } },
{ "type": "Feature", "properties": { "name": "137", "role": "start" }, "geometry": { "type": "Point", "coordinates": [ 30.238495135171473, 59.945034331843317 ] } },
{ "type": "Feature", "properties": { "name": "138", "role": "start" }, "geometry": { "type": "Point", "coordinates": [ 30.237176938581044, 59.945535501766052 ] } },
{ "type": "Feature", "properties": { "name": "139", "role": "start" }, "geometry": { "type": "Point", "coordinates": [ 30.238099467197635, 59.945673769222928 ] } },
{ "type": "Feature", "properties": { "name": "140", "role": "start" }, "geometry": { "type": "Point", "coordinates": [ 30.238558984115322, 59.945873348621049 ] } },
{ "type": "Feature", "properties": { "name": "141", "role": "start" }, "geometry": { "type": "Point", "coordinates": [ 30.238905413983534, 59.946035524710197 ] } },
{ "type": "Feature", "properties": { "name": "142", "role": "start" }, "geometry": { "type": "Point", "coordinates": [ 30.239184548077176, 59.946226373890674 ] } },
{ "type": "Feature", "properties": { "name": "143", "role": "start" }, "geometry": { "type": "Point", "coordinates": [ 30.237482671520041, 59.946201226527045 ] } },
{ "type": "Feature", "properties": { "name": "144", "role": "start" }, "geometry": { "type": "Point", "coordinates": [ 30.244506562822675, 59.93932983493081 ] } },
{ "type": "Feature", "properties": { "name": "145", "role": "start" }, "geometry": { "type": "Point", "coordinates": [ 30.245251491973335, 59.939006145884768 ] } },
{ "type": "Feature", "properties": { "name": "146", "role": "start" }, "geometry": { "type": "Point", "coordinates": [ 30.245359492669436, 59.939288668105661 ] } },
{ "type": "Feature", "properties": { "name": "147", "role": "start" }, "geometry": { "type": "Point", "coordinates": [ 30.252437532149997, 59.940324695821189 ] } },
{ "type": "Feature", "properties": { "name": "148", "role": "start" }, "geometry": { "type": "Point", "coordinates": [ 30.252347149646592, 59.945027905857053 ] } },
{ "type": "Feature", "properties": { "name": "149", "role": "start" }, "geometry": { "type": "Point", "coordinates": [ 30.258523777604672, 59.945202970469289 ] } },
{ "type": "Feature", "properties": { "name": "150", "role": "start" }, "geometry": { "type": "Point", "coordinates": [ 30.255103250995713, 59.945200241119075 ] } },
{ "type": "Feature", "properties": { "name": "151", "role": "start" }, "geometry": { "type": "Point", "coordinates": [ 30.253966113477322, 59.945187943584777 ] } },
{ "type": "Feature", "properties": { "name": "152", "role": "start" }, "geometry": { "type": "Point", "coordinates": [ 30.25834989413951, 59.945300305535156 ] } },
{ "type": "Feature", "properties": { "name": "153", "role": "start" }, "geometry": { "type": "Point", "coordinates": [ 30.254314144686159, 59.945276041098374 ] } },
{ "type": "Feature", "properties": { "name": "154", "role": "start" }, "geometry": { "type": "Point", "coordinates": [ 30.255581457902526, 59.945351685655254 ] } },
{ "type": "Feature", "properties": { "name": "155", "role": "start" }, "geometry": { "type": "Point", "coordinates": [ 30.254242781751309, 59.945345880612592 ] } },
{ "type": "Feature", "properties": { "name": "156", "role": "start" }, "geometry": { "type": "Point", "coordinates": [ 30.253848650803171, 59.945344151072035 ] } },
{ "type": "Feature", "properties": { "name": "157", "role": "start" }, "geometry": { "type": "Point", "coordinates": [ 30.255861229609589, 59.945399098333425 ] } },
{ "type": "Feature", "properties": { "name": "158", "role": "start" }, "geometry": { "type": "Point", "coordinates": [ 30.254833596521507, 59.945376602000671 ] } },
{ "type": "Feature", "properties": { "name": "159", "role": "start" }, "geometry": { "type": "Point", "coordinates": [ 30.253125789488184, 59.945361351875604 ] } },
{ "type": "Feature", "properties": { "name": "160", "role": "start" }, "geometry": { "type": "Point", "coordinates": [ 30.254153850336436, 59.945435827816453 ] } },
{ "type": "Feature", "properties": { "name": "161", "role": "start" }, "geometry": { "type": "Point", "coordinates": [ 30.256627493658378, 59.945545358889838 ] } },
{ "type": "Feature", "properties": { "name": "162", "role": "start" }, "geometry": { "type": "Point", "coordinates": [ 30.258160981292399, 59.945585472999824 ] } },
{ "type": "Feature", "properties": { "name": "163", "role": "start" }, "geometry": { "type": "Point", "coordinates": [ 30.255987785635163, 59.945637645716808 ] } },
{ "type": "Feature", "properties": { "name": "164", "role": "start" }, "geometry": { "type": "Point", "coordinates": [ 30.253905419480173, 59.945692013443555 ] } },
{ "type": "Feature", "properties": { "name": "165", "role": "start" }, "geometry": { "type": "Point", "coordinates": [ 30.257903620803102, 59.945802260517375 ] } },
{ "type": "Feature", "properties": { "name": "166", "role": "start" }, "geometry": { "type": "Point", "coordinates": [ 30.256706861708899, 59.945815471848967 ] } },
{ "type": "Feature", "properties": { "name": "167", "role": "start" }, "geometry": { "type": "Point", "coordinates": [ 30.257210373206934, 59.94589285056967 ] } },
{ "type": "Feature", "properties": { "name": "168", "role": "start" }, "geometry": { "type": "Point", "coordinates": [ 30.253795253555328, 59.945830845784535 ] } },
{ "type": "Feature", "properties": { "name": "169", "role": "start" }, "geometry": { "type": "Point", "coordinates": [ 30.252429714482922, 59.945875403989589 ] } },
{ "type": "Feature", "properties": { "name": "170", "role": "start" }, "geometry": { "type": "Point", "coordinates": [ 30.257064457134224, 59.946010593360562 ] } },
{ "type": "Feature", "properties": { "name": "171", "role": "start" }, "geometry": { "type": "Point", "coordinates": [ 30.256057626266031, 59.945990438694885 ] } },
{ "type": "Feature", "properties": { "name": "172", "role": "start" }, "geometry": { "type": "Point", "coordinates": [ 30.257599614919485, 59.946049399375191 ] } },
{ "type": "Feature", "properties": { "name": "173", "role": "start" }, "geometry": { "type": "Point", "coordinates": [ 30.253362615716622, 59.94597609565961 ] } },
{ "type": "Feature", "properties": { "name": "174", "role": "start" }, "geometry": { "type": "Point", "coordinates": [ 30.255224246630441, 59.946041953971758 ] } },
{ "type": "Feature", "properties": { "name": "175", "role": "start" }, "geometry": { "type": "Point", "coordinates": [ 30.25387311475852, 59.946059797042068 ] } },
{ "type": "Feature", "properties": { "name": "176", "role": "start" }, "geometry": { "type": "Point", "coordinates": [ 30.252867835179565, 59.946150066840204 ] } },
{ "type": "Feature", "properties": { "name": "177", "role": "start" }, "geometry": { "type": "Point", "coordinates": [ 30.254462126142286, 59.946198381519601 ] } },
{ "type": "Feature", "properties": { "name": "178", "role": "start" }, "geometry": { "type": "Point", "coordinates": [ 30.255299671040969, 59.946330897923374 ] } },
{ "type": "Feature", "properties": { "name": "179", "role": "start" }, "geometry": { "type": "Point", "coordinates": [ 30.255980404823564, 59.946469021237355 ] } },
{ "type": "Feature", "properties": { "name": "180", "role": "start" }, "geometry": { "type": "Point", "coordinates": [ 30.255721062828684, 59.946733874076266 ] } },
{ "type": "Feature", "properties": { "name": "181", "role": "start" }, "geometry": { "type": "Point", "coordinates": [ 30.253509650130912, 59.946742058661876 ] } },
{ "type": "Feature", "properties": { "name": "182", "role": "start" }, "geometry": { "type": "Point", "coordinates": [ 30.253344935492279, 59.939249134551957 ] } },
{ "type": "Feature", "properties": { "name": "183", "role": "start" }, "geometry": { "type": "Point", "coordinates": [ 30.253472489152639, 59.940228486080329 ] } },
{ "type": "Feature", "properties": { "name": "184", "role": "start" }, "geometry": { "type": "Point", "coordinates": [ 30.253777351152625, 59.938733153977942 ] } },
{ "type": "Feature", "properties": { "name": "185", "role": "start" }, "geometry": { "type": "Point", "coordinates": [ 30.254573152878542, 59.938682198161615 ] } },
{ "type": "Feature", "properties": { "name": "186", "role": "start" }, "geometry": { "type": "Point", "coordinates": [ 30.255196744032666, 59.939170708688536 ] } },
{ "type": "Feature", "properties": { "name": "187", "role": "start" }, "geometry": { "type": "Point", "coordinates": [ 30.255610448069447, 59.937311818168943 ] } },
{ "type": "Feature", "properties": { "name": "188", "role": "start" }, "geometry": { "type": "Point", "coordinates": [ 30.255759527103933, 59.939961668665653 ] } },
{ "type": "Feature", "properties": { "name": "189", "role": "start" }, "geometry": { "type": "Point", "coordinates": [ 30.256101568545041, 59.939085448248314 ] } },
{ "type": "Feature", "properties": { "name": "190", "role": "start" }, "geometry": { "type": "Point", "coordinates": [ 30.256203876077198, 59.939459166866371 ] } },
{ "type": "Feature", "properties": { "name": "191", "role": "start" }, "geometry": { "type": "Point", "coordinates": [ 30.256518598059063, 59.938031050118241 ] } },
{ "type": "Feature", "properties": { "name": "192", "role": "start" }, "geometry": { "type": "Point", "coordinates": [ 30.256502210112071, 59.940093399023013 ] } },
{ "type": "Feature", "properties": { "name": "193", "role": "start" }, "geometry": { "type": "Point", "coordinates": [ 30.256724340140245, 59.939292305132291 ] } },
{ "type": "Feature", "properties": { "name": "194", "role": "start" }, "geometry": { "type": "Point", "coordinates": [ 30.257037747818387, 59.937639054065819 ] } },
{ "type": "Feature", "properties": { "name": "195", "role": "start" }, "geometry": { "type": "Point", "coordinates": [ 30.257178783762051, 59.93799433716076 ] } },
{ "type": "Feature", "properties": { "name": "196", "role": "start" }, "geometry": { "type": "Point", "coordinates": [ 30.25724196771494, 59.938845009415765 ] } },
{ "type": "Feature", "properties": { "name": "197", "role": "start" }, "geometry": { "type": "Point", "coordinates": [ 30.257486278487391, 59.937726211859079 ] } },
{ "type": "Feature", "properties": { "name": "198", "role": "start" }, "geometry": { "type": "Point", "coordinates": [ 30.257413130790393, 59.939337070204878 ] } },
{ "type": "Feature", "properties": { "name": "199", "role": "start" }, "geometry": { "type": "Point", "coordinates": [ 30.257450175405143, 59.939825346732846 ] } },
{ "type": "Feature", "properties": { "name": "200", "role": "start" }, "geometry": { "type": "Point", "coordinates": [ 30.257546149353427, 59.938651952858685 ] } },
{ "type": "Feature", "properties": { "name": "201", "role": "start" }, "geometry": { "type": "Point", "coordinates": [ 30.25783062803988, 59.93832052688122 ] } },
{ "type": "Feature", "properties": { "name": "202", "role": "start" }, "geometry": { "type": "Point", "coordinates": [ 30.258049876551961, 59.938943808991162 ] } },
{ "type": "Feature", "properties": { "name": "203", "role": "start" }, "geometry": { "type": "Point", "coordinates": [ 30.258328315553285, 59.939716495527435 ] } },
{ "type": "Feature", "properties": { "name": "204", "role": "start" }, "geometry": { "type": "Point", "coordinates": [ 30.258622433466503, 59.94003693181385 ] } },
{ "type": "Feature", "properties": { "name": "205", "role": "start" }, "geometry": { "type": "Point", "coordinates": [ 30.258805892165984, 59.93976589258132 ] } },
{ "type": "Feature", "properties": { "name": "206", "role": "start" }, "geometry": { "type": "Point", "coordinates": [ 30.259221541176672, 59.939831651909472 ] } },
{ "type": "Feature", "properties": { "name": "207", "role": "start" }, "geometry": { "type": "Point", "coordinates": [ 30.259289212661027, 59.939977441588276 ] } },
{ "type": "Feature", "properties": { "name": "208", "role": "start" }, "geometry": { "type": "Point", "coordinates": [ 30.259531373514708, 59.938292028997246 ] } },
{ "type": "Feature", "properties": { "name": "209", "role": "start" }, "geometry": { "type": "Point", "coordinates": [ 30.260222691224001, 59.938021913315396 ] } },
{ "type": "Feature", "properties": { "name": "210", "role": "start" }, "geometry": { "type": "Point", "coordinates": [ 30.260224324619831, 59.940255590811176 ] } },
{ "type": "Feature", "properties": { "name": "211", "role": "start" }, "geometry": { "type": "Point", "coordinates": [ 30.260457061653252, 59.938527410818828 ] } },
{ "type": "Feature", "properties": { "name": "212", "role": "start" }, "geometry": { "type": "Point", "coordinates": [ 30.26052137921036, 59.940442134944448 ] } },
{ "type": "Feature", "properties": { "name": "213", "role": "start" }, "geometry": { "type": "Point", "coordinates": [ 30.261190812432535, 59.938304045588417 ] } },
{ "type": "Feature", "properties": { "name": "214", "role": "start" }, "geometry": { "type": "Point", "coordinates": [ 30.261566700005815, 59.938657757769235 ] } },
{ "type": "Feature", "properties": { "name": "215", "role": "start" }, "geometry": { "type": "Point", "coordinates": [ 30.253707663893366, 59.944358888881659 ] } },
{ "type": "Feature", "properties": { "name": "216", "role": "start" }, "geometry": { "type": "Point", "coordinates": [ 30.254911460430122, 59.940769238096884 ] } },
{ "type": "Feature", "properties": { "name": "217", "role": "start" }, "geometry": { "type": "Point", "coordinates": [ 30.255032581082443, 59.941012884843538 ] } },
{ "type": "Feature", "properties": { "name": "218", "role": "start" }, "geometry": { "type": "Point", "coordinates": [ 30.255258131931409, 59.943489261328359 ] } },
{ "type": "Feature", "properties": { "name": "219", "role": "start" }, "geometry": { "type": "Point", "coordinates": [ 30.255517385737772, 59.940946818121475 ] } },
{ "type": "Feature", "properties": { "name": "220", "role": "start" }, "geometry": { "type": "Point", "coordinates": [ 30.255406710033022, 59.943825449821773 ] } },
{ "type": "Feature", "properties": { "name": "221", "role": "start" }, "geometry": { "type": "Point", "coordinates": [ 30.255791826285783, 59.942634445726135 ] } },
{ "type": "Feature", "properties": { "name": "222", "role": "start" }, "geometry": { "type": "Point", "coordinates": [ 30.255886182138795, 59.944490468710995 ] } },
{ "type": "Feature", "properties": { "name": "223", "role": "start" }, "geometry": { "type": "Point", "coordinates": [ 30.256206589690841, 59.94219817207405 ] } },
{ "type": "Feature", "properties": { "name": "224", "role": "start" }, "geometry": { "type": "Point", "coordinates": [ 30.256745186260837, 59.940865084633948 ] } },
{ "type": "Feature", "properties": { "name": "225", "role": "start" }, "geometry": { "type": "Point", "coordinates": [ 30.257097251690769, 59.941389623915988 ] } },
{ "type": "Feature", "properties": { "name": "226", "role": "start" }, "geometry": { "type": "Point", "coordinates": [ 30.257030782555812, 59.942839734954859 ] } },
{ "type": "Feature", "properties": { "name": "227", "role": "start" }, "geometry": { "type": "Point", "coordinates": [ 30.256958412539316, 59.94381912247372 ] } },
{ "type": "Feature", "properties": { "name": "228", "role": "start" }, "geometry": { "type": "Point", "coordinates": [ 30.257592706578336, 59.941722708504443 ] } },
{ "type": "Feature", "properties": { "name": "229", "role": "start" }, "geometry": { "type": "Point", "coordinates": [ 30.258100834399013, 59.942568260791099 ] } },
{ "type": "Feature", "properties": { "name": "230", "role": "start" }, "geometry": { "type": "Point", "coordinates": [ 30.25825000638001, 59.943623983080066 ] } },
{ "type": "Feature", "properties": { "name": "231", "role": "start" }, "geometry": { "type": "Point", "coordinates": [ 30.258539179650025, 59.941704199772374 ] } },
{ "type": "Feature", "properties": { "name": "232", "role": "start" }, "geometry": { "type": "Point", "coordinates": [ 30.258506670519495, 59.943246039848852 ] } },
{ "type": "Feature", "properties": { "name": "233", "role": "start" }, "geometry": { "type": "Point", "coordinates": [ 30.258543274059456, 59.943354623245646 ] } },
{ "type": "Feature", "properties": { "name": "234", "role": "start" }, "geometry": { "type": "Point", "coordinates": [ 30.258891976372869, 59.942838356217528 ] } },
{ "type": "Feature", "properties": { "name": "235", "role": "start" }, "geometry": { "type": "Point", "coordinates": [ 30.25876456852993, 59.945037488443617 ] } },
{ "type": "Feature", "properties": { "name": "236", "role": "start" }, "geometry": { "type": "Point", "coordinates": [ 30.259613043534493, 59.940827486715818 ] } },
{ "type": "Feature", "properties": { "name": "237", "role": "start" }, "geometry": { "type": "Point", "coordinates": [ 30.259445734349868, 59.943444502674012 ] } },
{ "type": "Feature", "properties": { "name": "238", "role": "start" }, "geometry": { "type": "Point", "coordinates": [ 30.259631286289061, 59.941477255962774 ] } },
{ "type": "Feature", "properties": { "name": "239", "role": "start" }, "geometry": { "type": "Point", "coordinates": [ 30.259706518552363, 59.94309643913649 ] } },
{ "type": "Feature", "properties": { "name": "240", "role": "start" }, "geometry": { "type": "Point", "coordinates": [ 30.260143481458247, 59.941827378824961 ] } },
{ "type": "Feature", "properties": { "name": "241", "role": "start" }, "geometry": { "type": "Point", "coordinates": [ 30.260134259523483, 59.94389298408916 ] } },
{ "type": "Feature", "properties": { "name": "242", "role": "start" }, "geometry": { "type": "Point", "coordinates": [ 30.260053559483538, 59.944904480289587 ] } },
{ "type": "Feature", "properties": { "name": "243", "role": "start" }, "geometry": { "type": "Point", "coordinates": [ 30.260395424027838, 59.942534357180165 ] } },
{ "type": "Feature", "properties": { "name": "244", "role": "start" }, "geometry": { "type": "Point", "coordinates": [ 30.260365354758711, 59.943371147962871 ] } },
{ "type": "Feature", "properties": { "name": "245", "role": "start" }, "geometry": { "type": "Point", "coordinates": [ 30.26035468898657, 59.944760082926329 ] } },
{ "type": "Feature", "properties": { "name": "246", "role": "start" }, "geometry": { "type": "Point", "coordinates": [ 30.260683011296667, 59.944240052746878 ] } },
{ "type": "Feature", "properties": { "name": "247", "role": "start" }, "geometry": { "type": "Point", "coordinates": [ 30.260918472450552, 59.942532076199754 ] } },
{ "type": "Feature", "properties": { "name": "248", "role": "start" }, "geometry": { "type": "Point", "coordinates": [ 30.258542353851254, 59.946558614327522 ] } },
{ "type": "Feature", "properties": { "name": "249", "role": "start" }, "geometry": { "type": "Point", "coordinates": [ 30.258824002016993, 59.945821058046356 ] } },
{ "type": "Feature", "properties": { "name": "250", "role": "start" }, "geometry": { "type": "Point", "coordinates": [ 30.258919308739152, 59.946112745984692 ] } },
{ "type": "Feature", "properties": { "name": "251", "role": "start" }, "geometry": { "type": "Point", "coordinates": [ 30.258948145973829, 59.946647917972925 ] } },
{ "type": "Feature", "properties": { "name": "252", "role": "start" }, "geometry": { "type": "Point", "coordinates": [ 30.259127494693871, 59.945549950991314 ] } },
{ "type": "Feature", "properties": { "name": "253", "role": "start" }, "geometry": { "type": "Point", "coordinates": [ 30.258989528237887, 59.947655520224934 ] } },
{ "type": "Feature", "properties": { "name": "254", "role": "start" }, "geometry": { "type": "Point", "coordinates": [ 30.259273915745286, 59.945316568513412 ] } },
{ "type": "Feature", "properties": { "name": "255", "role": "start" }, "geometry": { "type": "Point", "coordinates": [ 30.259143979251785, 59.946972783075132 ] } },
{ "type": "Feature", "properties": { "name": "256", "role": "start" }, "geometry": { "type": "Point", "coordinates": [ 30.259298969227792, 59.94581508363251 ] } },
{ "type": "Feature", "properties": { "name": "257", "role": "start" }, "geometry": { "type": "Point", "coordinates": [ 30.259330500148565, 59.945239892030926 ] } },
{ "type": "Feature", "properties": { "name": "258", "role": "start" }, "geometry": { "type": "Point", "coordinates": [ 30.259309189157317, 59.945980734737667 ] } },
{ "type": "Feature", "properties": { "name": "259", "role": "start" }, "geometry": { "type": "Point", "coordinates": [ 30.259551146079144, 59.945857418943113 ] } },
{ "type": "Feature", "properties": { "name": "260", "role": "start" }, "geometry": { "type": "Point", "coordinates": [ 30.259661195195708, 59.945622435563827 ] } },
{ "type": "Feature", "properties": { "name": "261", "role": "start" }, "geometry": { "type": "Point", "coordinates": [ 30.259736952448122, 59.945768202586748 ] } },
{ "type": "Feature", "properties": { "name": "262", "role": "start" }, "geometry": { "type": "Point", "coordinates": [ 30.259797851076922, 59.945405069001225 ] } },
{ "type": "Feature", "properties": { "name": "263", "role": "start" }, "geometry": { "type": "Point", "coordinates": [ 30.259887174549227, 59.947970554777882 ] } },
{ "type": "Feature", "properties": { "name": "264", "role": "start" }, "geometry": { "type": "Point", "coordinates": [ 30.259901318774972, 59.945946444461903 ] } },
{ "type": "Feature", "properties": { "name": "265", "role": "start" }, "geometry": { "type": "Point", "coordinates": [ 30.25992606422421, 59.946500298582144 ] } },
{ "type": "Feature", "properties": { "name": "266", "role": "start" }, "geometry": { "type": "Point", "coordinates": [ 30.25998981430876, 59.9463139751523 ] } },
{ "type": "Feature", "properties": { "name": "267", "role": "start" }, "geometry": { "type": "Point", "coordinates": [ 30.260153756420763, 59.945391613763299 ] } },
{ "type": "Feature", "properties": { "name": "268", "role": "start" }, "geometry": { "type": "Point", "coordinates": [ 30.260204823037579, 59.945680896409904 ] } },
{ "type": "Feature", "properties": { "name": "269", "role": "start" }, "geometry": { "type": "Point", "coordinates": [ 30.260238505078355, 59.945527170719387 ] } },
{ "type": "Feature", "properties": { "name": "270", "role": "start" }, "geometry": { "type": "Point", "coordinates": [ 30.26015229673996, 59.946987156724177 ] } },
{ "type": "Feature", "properties": { "name": "271", "role": "start" }, "geometry": { "type": "Point", "coordinates": [ 30.260474700796991, 59.946701995101932 ] } },
{ "type": "Feature", "properties": { "name": "272", "role": "start" }, "geometry": { "type": "Point", "coordinates": [ 30.261176286829336, 59.946088589555863 ] } },
{ "type": "Feature", "properties": { "name": "273", "role": "start" }, "geometry": { "type": "Point", "coordinates": [ 30.26128800619469, 59.946730056177472 ] } },
{ "type": "Feature", "properties": { "name": "274", "role": "start" }, "geometry": { "type": "Point", "coordinates": [ 30.261502719363818, 59.945747029699042 ] } },
{ "type": "Feature", "properties": { "name": "275", "role": "start" }, "geometry": { "type": "Point", "coordinates": [ 30.26142380775044, 59.94710381273115 ] } },
{ "type": "Feature", "properties": { "name": "276", "role": "start" }, "geometry": { "type": "Point", "coordinates": [ 30.261547419288188, 59.946532449444199 ] } },
{ "type": "Feature", "properties": { "name": "277", "role": "start" }, "geometry": { "type": "Point", "coordinates": [ 30.261923486397823, 59.94637462215335 ] } },
{ "type": "Feature", "properties": { "name": "278", "role": "start" }, "geometry": { "type": "Point", "coordinates": [ 30.261981843211739, 59.946140099827943 ] } },
{ "type": "Feature", "properties": { "name": "279", "role": "start" }, "geometry": { "type": "Point", "coordinates": [ 30.26218819750968, 59.946289132891046 ] } },
{ "type": "Feature", "properties": { "name": "280", "role": "start" }, "geometry": { "type": "Point", "coordinates": [ 30.262425258232636, 59.945761368703273 ] } },
{ "type": "Feature", "properties": { "name": "281", "role": "start" }, "geometry": { "type": "Point", "coordinates": [ 30.262372274207269, 59.947034747683446 ] } },
{ "type": "Feature", "properties": { "name": "282", "role": "start" }, "geometry": { "type": "Point", "coordinates": [ 30.26257287437948, 59.9470007804102 ] } },
{ "type": "Feature", "properties": { "name": "283", "role": "start" }, "geometry": { "type": "Point", "coordinates": [ 30.262710004146282, 59.945746638626254 ] } },
{ "type": "Feature", "properties": { "name": "284", "role": "start" }, "geometry": { "type": "Point", "coordinates": [ 30.263098864296623, 59.945789958571247 ] } },
{ "type": "Feature", "properties": { "name": "285", "role": "start" }, "geometry": { "type": "Point", "coordinates": [ 30.263211964783441, 59.946032298487332 ] } },
{ "type": "Feature", "properties": { "name": "286", "role": "start" }, "geometry": { "type": "Point", "coordinates": [ 30.263199705122812, 59.946300402088738 ] } },
{ "type": "Feature", "properties": { "name": "287", "role": "start" }, "geometry": { "type": "Point", "coordinates": [ 30.263312329716513, 59.945422587391953 ] } },
{ "type": "Feature", "properties": { "name": "288", "role": "start" }, "geometry": { "type": "Point", "coordinates": [ 30.263667988136099, 59.946158308207963 ] } },
{ "type": "Feature", "properties": { "name": "289", "role": "start" }, "geometry": { "type": "Point", "coordinates": [ 30.264218691513182, 59.946304744796613 ] } },
{ "type": "Feature", "properties": { "name": "290", "role": "start" }, "geometry": { "type": "Point", "coordinates": [ 30.264352267280096, 59.94571870535534 ] } },
{ "type": "Feature", "properties": { "name": "291", "role": "start" }, "geometry": { "type": "Point", "coordinates": [ 30.264352267280096, 59.94571870535534 ] } },
{ "type": "Feature", "properties": { "name": "292", "role": "start" }, "geometry": { "type": "Point", "coordinates": [ 30.264328244959302, 59.94729975914057 ] } },
{ "type": "Feature", "properties": { "name": "293", "role": "start" }, "geometry": { "type": "Point", "coordinates": [ 30.26345034836789, 59.94599537118475 ] } },
{ "type": "Feature", "properties": { "name": "294", "role": "start" }, "geometry": { "type": "Point", "coordinates": [ 30.263191219026712, 59.945645512214924 ] } },
{ "type": "Feature", "properties": { "name": "295", "role": "start" }, "geometry": { "type": "Point", "coordinates": [ 30.260636152429289, 59.947331335123103 ] } },
{ "type": "Feature", "properties": { "name": "296", "role": "start" }, "geometry": { "type": "Point", "coordinates": [ 30.26155201782651, 59.947580102612797 ] } },
{ "type": "Feature", "properties": { "name": "297", "role": "start" }, "geometry": { "type": "Point", "coordinates": [ 30.262471193044398, 59.947164758797236 ] } },
{ "type": "Feature", "properties": { "name": "298", "role": "start" }, "geometry": { "type": "Point", "coordinates": [ 30.262827512557241, 59.947466612969365 ] } },
{ "type": "Feature", "properties": { "name": "299", "role": "start" }, "geometry": { "type": "Point", "coordinates": [ 30.260851055240988, 59.944069106368175 ] } },
{ "type": "Feature", "properties": { "name": "300", "role": "start" }, "geometry": { "type": "Point", "coordinates": [ 30.260873162961676, 59.944534249918561 ] } },
{ "type": "Feature", "properties": { "name": "301", "role": "start" }, "geometry": { "type": "Point", "coordinates": [ 30.261019615925122, 59.944379066239378 ] } },
{ "type": "Feature", "properties": { "name": "302", "role": "start" }, "geometry": { "type": "Point", "coordinates": [ 30.261108549440593, 59.943852898143298 ] } },
{ "type": "Feature", "properties": { "name": "303", "role": "start" }, "geometry": { "type": "Point", "coordinates": [ 30.261049894322355, 59.94512894636982 ] } },
{ "type": "Feature", "properties": { "name": "304", "role": "start" }, "geometry": { "type": "Point", "coordinates": [ 30.261287960808339, 59.94409540492925 ] } },
{ "type": "Feature", "properties": { "name": "305", "role": "start" }, "geometry": { "type": "Point", "coordinates": [ 30.261430255173924, 59.944039992391815 ] } },
{ "type": "Feature", "properties": { "name": "306", "role": "start" }, "geometry": { "type": "Point", "coordinates": [ 30.261463868383171, 59.944487355193054 ] } },
{ "type": "Feature", "properties": { "name": "307", "role": "start" }, "geometry": { "type": "Point", "coordinates": [ 30.261537394658991, 59.944276727010447 ] } },
{ "type": "Feature", "properties": { "name": "308", "role": "start" }, "geometry": { "type": "Point", "coordinates": [ 30.261757053253948, 59.944427745773773 ] } },
{ "type": "Feature", "properties": { "name": "309", "role": "start" }, "geometry": { "type": "Point", "coordinates": [ 30.262625621535459, 59.94428289683011 ] } },
{ "type": "Feature", "properties": { "name": "310", "role": "start" }, "geometry": { "type": "Point", "coordinates": [ 30.263171794036449, 59.944128209586566 ] } },
{ "type": "Feature", "properties": { "name": "311", "role": "start" }, "geometry": { "type": "Point", "coordinates": [ 30.263250229204989, 59.943643951321476 ] } },
{ "type": "Feature", "properties": { "name": "312", "role": "start" }, "geometry": { "type": "Point", "coordinates": [ 30.263602326250421, 59.943648842608432 ] } },
{ "type": "Feature", "properties": { "name": "313", "role": "start" }, "geometry": { "type": "Point", "coordinates": [ 30.26382240874899, 59.944517058597135 ] } },
{ "type": "Feature", "properties": { "name": "314", "role": "start" }, "geometry": { "type": "Point", "coordinates": [ 30.261538391354328, 59.940669717421244 ] } },
{ "type": "Feature", "properties": { "name": "315", "role": "start" }, "geometry": { "type": "Point", "coordinates": [ 30.262076133115091, 59.940215940900089 ] } },
{ "type": "Feature", "properties": { "name": "316", "role": "start" }, "geometry": { "type": "Point", "coordinates": [ 30.262278710641166, 59.938930567151466 ] } },
{ "type": "Feature", "properties": { "name": "317", "role": "start" }, "geometry": { "type": "Point", "coordinates": [ 30.262488643437322, 59.939808562492495 ] } },
{ "type": "Feature", "properties": { "name": "318", "role": "start" }, "geometry": { "type": "Point", "coordinates": [ 30.262543450117242, 59.940651413097243 ] } },
{ "type": "Feature", "properties": { "name": "319", "role": "start" }, "geometry": { "type": "Point", "coordinates": [ 30.262823456497539, 59.9400391369335 ] } },
{ "type": "Feature", "properties": { "name": "320", "role": "start" }, "geometry": { "type": "Point", "coordinates": [ 30.263434210090271, 59.939083616172773 ] } },
{ "type": "Feature", "properties": { "name": "321", "role": "start" }, "geometry": { "type": "Point", "coordinates": [ 30.263525991702153, 59.939572079357191 ] } },
{ "type": "Feature", "properties": { "name": "322", "role": "start" }, "geometry": { "type": "Point", "coordinates": [ 30.263625168121923, 59.939248551447243 ] } },
{ "type": "Feature", "properties": { "name": "323", "role": "start" }, "geometry": { "type": "Point", "coordinates": [ 30.263729959425294, 59.939757481637699 ] } },
{ "type": "Feature", "properties": { "name": "324", "role": "start" }, "geometry": { "type": "Point", "coordinates": [ 30.263827105093313, 59.940854748851621 ] } },
{ "type": "Feature", "properties": { "name": "325", "role": "start" }, "geometry": { "type": "Point", "coordinates": [ 30.26412918664024, 59.939943640441967 ] } },
{ "type": "Feature", "properties": { "name": "326", "role": "start" }, "geometry": { "type": "Point", "coordinates": [ 30.264573922725695, 59.939682257387865 ] } },
{ "type": "Feature", "properties": { "name": "327", "role": "start" }, "geometry": { "type": "Point", "coordinates": [ 30.264591221305867, 59.939589630696823 ] } },
{ "type": "Feature", "properties": { "name": "328", "role": "start" }, "geometry": { "type": "Point", "coordinates": [ 30.264856674614581, 59.9393431926947 ] } },
{ "type": "Feature", "properties": { "name": "329", "role": "start" }, "geometry": { "type": "Point", "coordinates": [ 30.26525006065004, 59.940452933920319 ] } },
{ "type": "Feature", "properties": { "name": "330", "role": "start" }, "geometry": { "type": "Point", "coordinates": [ 30.265650236525634, 59.94076126381286 ] } },
{ "type": "Feature", "properties": { "name": "331", "role": "start" }, "geometry": { "type": "Point", "coordinates": [ 30.266155658616412, 59.939795361978383 ] } },
{ "type": "Feature", "properties": { "name": "332", "role": "start" }, "geometry": { "type": "Point", "coordinates": [ 30.264219401236151, 59.945212863460242 ] } },
{ "type": "Feature", "properties": { "name": "333", "role": "start" }, "geometry": { "type": "Point", "coordinates": [ 30.264349440252026, 59.944967038010844 ] } },
{ "type": "Feature", "properties": { "name": "334", "role": "start" }, "geometry": { "type": "Point", "coordinates": [ 30.264433137756889, 59.944410138294302 ] } },
{ "type": "Feature", "properties": { "name": "335", "role": "start" }, "geometry": { "type": "Point", "coordinates": [ 30.264525817906275, 59.944778687905455 ] } },
{ "type": "Feature", "properties": { "name": "336", "role": "start" }, "geometry": { "type": "Point", "coordinates": [ 30.2646448325013, 59.945118532949955 ] } },
{ "type": "Feature", "properties": { "name": "337", "role": "start" }, "geometry": { "type": "Point", "coordinates": [ 30.264678354235201, 59.944924039757218 ] } },
{ "type": "Feature", "properties": { "name": "338", "role": "start" }, "geometry": { "type": "Point", "coordinates": [ 30.265081352703923, 59.944582003154693 ] } },
{ "type": "Feature", "properties": { "name": "339", "role": "start" }, "geometry": { "type": "Point", "coordinates": [ 30.265109747048371, 59.945140062450832 ] } },
{ "type": "Feature", "properties": { "name": "340", "role": "start" }, "geometry": { "type": "Point", "coordinates": [ 30.265346475188203, 59.943685564669281 ] } },
{ "type": "Feature", "properties": { "name": "341", "role": "start" }, "geometry": { "type": "Point", "coordinates": [ 30.265292520661188, 59.945015527704584 ] } },
{ "type": "Feature", "properties": { "name": "342", "role": "start" }, "geometry": { "type": "Point", "coordinates": [ 30.265651539352973, 59.943727911527141 ] } },
{ "type": "Feature", "properties": { "name": "343", "role": "start" }, "geometry": { "type": "Point", "coordinates": [ 30.265664359323317, 59.943848214484419 ] } },
{ "type": "Feature", "properties": { "name": "344", "role": "start" }, "geometry": { "type": "Point", "coordinates": [ 30.265798008419182, 59.943732699312548 ] } },
{ "type": "Feature", "properties": { "name": "345", "role": "start" }, "geometry": { "type": "Point", "coordinates": [ 30.265824287513855, 59.943832350610109 ] } },
{ "type": "Feature", "properties": { "name": "346", "role": "start" }, "geometry": { "type": "Point", "coordinates": [ 30.265924306066033, 59.943719602772383 ] } },
{ "type": "Feature", "properties": { "name": "347", "role": "start" }, "geometry": { "type": "Point", "coordinates": [ 30.266029749065133, 59.944291450068675 ] } },
{ "type": "Feature", "properties": { "name": "348", "role": "start" }, "geometry": { "type": "Point", "coordinates": [ 30.266046833404541, 59.944187004605077 ] } },
{ "type": "Feature", "properties": { "name": "349", "role": "start" }, "geometry": { "type": "Point", "coordinates": [ 30.266250254333119, 59.943654937341876 ] } },
{ "type": "Feature", "properties": { "name": "350", "role": "start" }, "geometry": { "type": "Point", "coordinates": [ 30.266268646325784, 59.943990051992067 ] } },
{ "type": "Feature", "properties": { "name": "351", "role": "start" }, "geometry": { "type": "Point", "coordinates": [ 30.266597612998968, 59.943801895944816 ] } },
{ "type": "Feature", "properties": { "name": "352", "role": "start" }, "geometry": { "type": "Point", "coordinates": [ 30.266653936090947, 59.944311090178495 ] } },
{ "type": "Feature", "properties": { "name": "353", "role": "start" }, "geometry": { "type": "Point", "coordinates": [ 30.266645365689826, 59.945332945030401 ] } },
{ "type": "Feature", "properties": { "name": "354", "role": "start" }, "geometry": { "type": "Point", "coordinates": [ 30.266729558515362, 59.945087447188165 ] } },
{ "type": "Feature", "properties": { "name": "355", "role": "start" }, "geometry": { "type": "Point", "coordinates": [ 30.266885094245961, 59.944094954916054 ] } },
{ "type": "Feature", "properties": { "name": "356", "role": "start" }, "geometry": { "type": "Point", "coordinates": [ 30.267113507803465, 59.943914031690134 ] } },
{ "type": "Feature", "properties": { "name": "357", "role": "start" }, "geometry": { "type": "Point", "coordinates": [ 30.267054889445976, 59.945449446621055 ] } },
{ "type": "Feature", "properties": { "name": "358", "role": "start" }, "geometry": { "type": "Point", "coordinates": [ 30.26729034567785, 59.945238692492936 ] } },
{ "type": "Feature", "properties": { "name": "359", "role": "start" }, "geometry": { "type": "Point", "coordinates": [ 30.267540159760216, 59.94438561168122 ] } },
{ "type": "Feature", "properties": { "name": "360", "role": "start" }, "geometry": { "type": "Point", "coordinates": [ 30.265030618238416, 59.946999086950271 ] } },
{ "type": "Feature", "properties": { "name": "361", "role": "start" }, "geometry": { "type": "Point", "coordinates": [ 30.265087529765935, 59.946752456644376 ] } },
{ "type": "Feature", "properties": { "name": "362", "role": "start" }, "geometry": { "type": "Point", "coordinates": [ 30.265373752162493, 59.947221980556833 ] } },
{ "type": "Feature", "properties": { "name": "363", "role": "start" }, "geometry": { "type": "Point", "coordinates": [ 30.266219667987865, 59.946158697518186 ] } },
{ "type": "Feature", "properties": { "name": "364", "role": "start" }, "geometry": { "type": "Point", "coordinates": [ 30.266617207677914, 59.946193261952907 ] } },
{ "type": "Feature", "properties": { "name": "365", "role": "start" }, "geometry": { "type": "Point", "coordinates": [ 30.266966277603991, 59.945927536074798 ] } },
{ "type": "Feature", "properties": { "name": "366", "role": "start" }, "geometry": { "type": "Point", "coordinates": [ 30.267459761246048, 59.945923530499812 ] } },
{ "type": "Feature", "properties": { "name": "367", "role": "start" }, "geometry": { "type": "Point", "coordinates": [ 30.267480359786511, 59.945854456580015 ] } },
{ "type": "Feature", "properties": { "name": "368", "role": "start" }, "geometry": { "type": "Point", "coordinates": [ 30.267892241582331, 59.945677853661202 ] } },
{ "type": "Feature", "properties": { "name": "369", "role": "start" }, "geometry": { "type": "Point", "coordinates": [ 30.267953249141485, 59.947118750454969 ] } },
{ "type": "Feature", "properties": { "name": "370", "role": "start" }, "geometry": { "type": "Point", "coordinates": [ 30.268514884885878, 59.946455652960637 ] } },
{ "type": "Feature", "properties": { "name": "371", "role": "start" }, "geometry": { "type": "Point", "coordinates": [ 30.268817522810771, 59.947683269813055 ] } },
{ "type": "Feature", "properties": { "name": "372", "role": "start" }, "geometry": { "type": "Point", "coordinates": [ 30.269001332256746, 59.947151509256386 ] } },
{ "type": "Feature", "properties": { "name": "373", "role": "start" }, "geometry": { "type": "Point", "coordinates": [ 30.269353690042855, 59.947282867687683 ] } },
{ "type": "Feature", "properties": { "name": "374", "role": "start" }, "geometry": { "type": "Point", "coordinates": [ 30.269613866837346, 59.946293478558317 ] } },
{ "type": "Feature", "properties": { "name": "375", "role": "start" }, "geometry": { "type": "Point", "coordinates": [ 30.269884662189799, 59.946577424395862 ] } },
{ "type": "Feature", "properties": { "name": "376", "role": "start" }, "geometry": { "type": "Point", "coordinates": [ 30.270299726343683, 59.947011379946581 ] } },
{ "type": "Feature", "properties": { "name": "377", "role": "start" }, "geometry": { "type": "Point", "coordinates": [ 30.269248641773217, 59.948030949123641 ] } },
{ "type": "Feature", "properties": { "name": "378", "role": "start" }, "geometry": { "type": "Point", "coordinates": [ 30.270068203967305, 59.946432640503012 ] } },
{ "type": "Feature", "properties": { "name": "379", "role": "start" }, "geometry": { "type": "Point", "coordinates": [ 30.268936357742, 59.947922612941802 ] } },
{ "type": "Feature", "properties": { "name": "380", "role": "start" }, "geometry": { "type": "Point", "coordinates": [ 30.268340142000884, 59.946769686714184 ] } },
{ "type": "Feature", "properties": { "name": "381", "role": "start" }, "geometry": { "type": "Point", "coordinates": [ 30.268109211709682, 59.946605734431053 ] } },
{ "type": "Feature", "properties": { "name": "382", "role": "start" }, "geometry": { "type": "Point", "coordinates": [ 30.269120077109235, 59.945913852384543 ] } },
{ "type": "Feature", "properties": { "name": "383", "role": "start" }, "geometry": { "type": "Point", "coordinates": [ 30.269716634794381, 59.945907678343104 ] } },
{ "type": "Feature", "properties": { "name": "384", "role": "start" }, "geometry": { "type": "Point", "coordinates": [ 30.270266042532683, 59.946062821132237 ] } },
{ "type": "Feature", "properties": { "name": "385", "role": "start" }, "geometry": { "type": "Point", "coordinates": [ 30.269300637193595, 59.94613880682089 ] } },
{ "type": "Feature", "properties": { "name": "386", "role": "start" }, "geometry": { "type": "Point", "coordinates": [ 30.267631630850321, 59.9472268458819 ] } },
{ "type": "Feature", "properties": { "name": "387", "role": "start" }, "geometry": { "type": "Point", "coordinates": [ 30.265377016362876, 59.943232763320687 ] } },
{ "type": "Feature", "properties": { "name": "388", "role": "start" }, "geometry": { "type": "Point", "coordinates": [ 30.265655563543497, 59.941875614687518 ] } },
{ "type": "Feature", "properties": { "name": "389", "role": "start" }, "geometry": { "type": "Point", "coordinates": [ 30.26572101874212, 59.941483907599405 ] } },
{ "type": "Feature", "properties": { "name": "390", "role": "start" }, "geometry": { "type": "Point", "coordinates": [ 30.265793723200662, 59.941651563809586 ] } },
{ "type": "Feature", "properties": { "name": "391", "role": "start" }, "geometry": { "type": "Point", "coordinates": [ 30.265781343091749, 59.942872056969158 ] } },
{ "type": "Feature", "properties": { "name": "392", "role": "start" }, "geometry": { "type": "Point", "coordinates": [ 30.266026797695389, 59.941352593613423 ] } },
{ "type": "Feature", "properties": { "name": "393", "role": "start" }, "geometry": { "type": "Point", "coordinates": [ 30.265988125759961, 59.942715949351246 ] } },
{ "type": "Feature", "properties": { "name": "394", "role": "start" }, "geometry": { "type": "Point", "coordinates": [ 30.266209714213876, 59.94116383025262 ] } },
{ "type": "Feature", "properties": { "name": "395", "role": "start" }, "geometry": { "type": "Point", "coordinates": [ 30.266098038193206, 59.942619363880787 ] } },
{ "type": "Feature", "properties": { "name": "396", "role": "start" }, "geometry": { "type": "Point", "coordinates": [ 30.266678936655982, 59.942992726552284 ] } },
{ "type": "Feature", "properties": { "name": "397", "role": "start" }, "geometry": { "type": "Point", "coordinates": [ 30.266956310005472, 59.941851760134313 ] } },
{ "type": "Feature", "properties": { "name": "398", "role": "start" }, "geometry": { "type": "Point", "coordinates": [ 30.267245698309875, 59.942720939297367 ] } },
{ "type": "Feature", "properties": { "name": "399", "role": "start" }, "geometry": { "type": "Point", "coordinates": [ 30.267477300550997, 59.943505661221543 ] } },
{ "type": "Feature", "properties": { "name": "400", "role": "start" }, "geometry": { "type": "Point", "coordinates": [ 30.267661213939171, 59.941726095447265 ] } },
{ "type": "Feature", "properties": { "name": "401", "role": "start" }, "geometry": { "type": "Point", "coordinates": [ 30.267679690797021, 59.942333889298496 ] } },
{ "type": "Feature", "properties": { "name": "402", "role": "start" }, "geometry": { "type": "Point", "coordinates": [ 30.267852993757796, 59.941203410609191 ] } },
{ "type": "Feature", "properties": { "name": "403", "role": "start" }, "geometry": { "type": "Point", "coordinates": [ 30.26787520004105, 59.942095073303541 ] } },
{ "type": "Feature", "properties": { "name": "404", "role": "start" }, "geometry": { "type": "Point", "coordinates": [ 30.267943868053397, 59.941543629323945 ] } },
{ "type": "Feature", "properties": { "name": "405", "role": "start" }, "geometry": { "type": "Point", "coordinates": [ 30.267890857694947, 59.942324857263287 ] } },
{ "type": "Feature", "properties": { "name": "406", "role": "start" }, "geometry": { "type": "Point", "coordinates": [ 30.267922849971093, 59.942929718746505 ] } },
{ "type": "Feature", "properties": { "name": "407", "role": "start" }, "geometry": { "type": "Point", "coordinates": [ 30.268120810988751, 59.942128694776855 ] } },
{ "type": "Feature", "properties": { "name": "408", "role": "start" }, "geometry": { "type": "Point", "coordinates": [ 30.26819012409306, 59.941866358343169 ] } },
{ "type": "Feature", "properties": { "name": "409", "role": "start" }, "geometry": { "type": "Point", "coordinates": [ 30.268351744115048, 59.941879090421537 ] } },
{ "type": "Feature", "properties": { "name": "410", "role": "start" }, "geometry": { "type": "Point", "coordinates": [ 30.268428164818225, 59.942135406700331 ] } },
{ "type": "Feature", "properties": { "name": "411", "role": "start" }, "geometry": { "type": "Point", "coordinates": [ 30.268638745488676, 59.941640505043303 ] } },
{ "type": "Feature", "properties": { "name": "412", "role": "start" }, "geometry": { "type": "Point", "coordinates": [ 30.268944130603774, 59.94234830435029 ] } },
{ "type": "Feature", "properties": { "name": "413", "role": "start" }, "geometry": { "type": "Point", "coordinates": [ 30.269047657845782, 59.941065750823036 ] } },
{ "type": "Feature", "properties": { "name": "414", "role": "start" }, "geometry": { "type": "Point", "coordinates": [ 30.269444596520049, 59.941878971422788 ] } },
{ "type": "Feature", "properties": { "name": "415", "role": "start" }, "geometry": { "type": "Point", "coordinates": [ 30.26940875251492, 59.942999182579655 ] } },
{ "type": "Feature", "properties": { "name": "416", "role": "start" }, "geometry": { "type": "Point", "coordinates": [ 30.269496356689835, 59.942692454880699 ] } },
{ "type": "Feature", "properties": { "name": "417", "role": "start" }, "geometry": { "type": "Point", "coordinates": [ 30.268625454744516, 59.943378894491502 ] } },
{ "type": "Feature", "properties": { "name": "418", "role": "start" }, "geometry": { "type": "Point", "coordinates": [ 30.269569943340038, 59.941281605198746 ] } },
{ "type": "Feature", "properties": { "name": "419", "role": "start" }, "geometry": { "type": "Point", "coordinates": [ 30.269082323734136, 59.943245595183619 ] } },
{ "type": "Feature", "properties": { "name": "420", "role": "start" }, "geometry": { "type": "Point", "coordinates": [ 30.268078805053449, 59.945473076055634 ] } },
{ "type": "Feature", "properties": { "name": "421", "role": "start" }, "geometry": { "type": "Point", "coordinates": [ 30.268520632904167, 59.94481972992147 ] } },
{ "type": "Feature", "properties": { "name": "422", "role": "start" }, "geometry": { "type": "Point", "coordinates": [ 30.268633103180868, 59.945123773542768 ] } },
{ "type": "Feature", "properties": { "name": "423", "role": "start" }, "geometry": { "type": "Point", "coordinates": [ 30.268722462942968, 59.944648232667632 ] } },
{ "type": "Feature", "properties": { "name": "424", "role": "start" }, "geometry": { "type": "Point", "coordinates": [ 30.268790114394875, 59.945009705440206 ] } },
{ "type": "Feature", "properties": { "name": "425", "role": "start" }, "geometry": { "type": "Point", "coordinates": [ 30.269446985377389, 59.944300073105815 ] } },
{ "type": "Feature", "properties": { "name": "426", "role": "start" }, "geometry": { "type": "Point", "coordinates": [ 30.269859911509133, 59.943846055496621 ] } },
{ "type": "Feature", "properties": { "name": "427", "role": "start" }, "geometry": { "type": "Point", "coordinates": [ 30.270056054768112, 59.944261330059689 ] } },
{ "type": "Feature", "properties": { "name": "428", "role": "start" }, "geometry": { "type": "Point", "coordinates": [ 30.27031986005742, 59.944838929033821 ] } },
{ "type": "Feature", "properties": { "name": "429", "role": "start" }, "geometry": { "type": "Point", "coordinates": [ 30.27044967142173, 59.945108521658774 ] } },
{ "type": "Feature", "properties": { "name": "430", "role": "start" }, "geometry": { "type": "Point", "coordinates": [ 30.270972878914723, 59.945318068287612 ] } },
{ "type": "Feature", "properties": { "name": "431", "role": "start" }, "geometry": { "type": "Point", "coordinates": [ 30.27110745728449, 59.944794785634322 ] } },
{ "type": "Feature", "properties": { "name": "432", "role": "start" }, "geometry": { "type": "Point", "coordinates": [ 30.27119966420409, 59.944092129755063 ] } },
{ "type": "Feature", "properties": { "name": "433", "role": "start" }, "geometry": { "type": "Point", "coordinates": [ 30.271090146943386, 59.94550106453439 ] } },
{ "type": "Feature", "properties": { "name": "434", "role": "start" }, "geometry": { "type": "Point", "coordinates": [ 30.271227287284031, 59.944475395192875 ] } },
{ "type": "Feature", "properties": { "name": "435", "role": "start" }, "geometry": { "type": "Point", "coordinates": [ 30.271572429476013, 59.945496848332354 ] } },
{ "type": "Feature", "properties": { "name": "436", "role": "start" }, "geometry": { "type": "Point", "coordinates": [ 30.271815688816321, 59.944658794687015 ] } },
{ "type": "Feature", "properties": { "name": "437", "role": "start" }, "geometry": { "type": "Point", "coordinates": [ 30.272269232875619, 59.944432853942892 ] } },
{ "type": "Feature", "properties": { "name": "438", "role": "start" }, "geometry": { "type": "Point", "coordinates": [ 30.272907233717604, 59.94467172902786 ] } },
{ "type": "Feature", "properties": { "name": "439", "role": "start" }, "geometry": { "type": "Point", "coordinates": [ 30.270532257485097, 59.945412404805644 ] } },
{ "type": "Feature", "properties": { "name": "440", "role": "start" }, "geometry": { "type": "Point", "coordinates": [ 30.270829896785823, 59.945301558743196 ] } },
{ "type": "Feature", "properties": { "name": "441", "role": "start" }, "geometry": { "type": "Point", "coordinates": [ 30.272609376265954, 59.944892053097917 ] } },
{ "type": "Feature", "properties": { "name": "442", "role": "start" }, "geometry": { "type": "Point", "coordinates": [ 30.271879607199104, 59.943919287571418 ] } },
{ "type": "Feature", "properties": { "name": "443", "role": "start" }, "geometry": { "type": "Point", "coordinates": [ 30.272617880980714, 59.942044301493887 ] } },
{ "type": "Feature", "properties": { "name": "444", "role": "start" }, "geometry": { "type": "Point", "coordinates": [ 30.270664333032659, 59.942064802193194 ] } },
{ "type": "Feature", "properties": { "name": "445", "role": "start" }, "geometry": { "type": "Point", "coordinates": [ 30.271702786006902, 59.942140580070337 ] } },
{ "type": "Feature", "properties": { "name": "446", "role": "start" }, "geometry": { "type": "Point", "coordinates": [ 30.273393926614698, 59.94218748291707 ] } },
{ "type": "Feature", "properties": { "name": "447", "role": "start" }, "geometry": { "type": "Point", "coordinates": [ 30.272325071875631, 59.94228165196666 ] } },
{ "type": "Feature", "properties": { "name": "448", "role": "start" }, "geometry": { "type": "Point", "coordinates": [ 30.271655055999215, 59.942307657474316 ] } },
{ "type": "Feature", "properties": { "name": "449", "role": "start" }, "geometry": { "type": "Point", "coordinates": [ 30.270348142268173, 59.942332260331156 ] } },
{ "type": "Feature", "properties": { "name": "450", "role": "start" }, "geometry": { "type": "Point", "coordinates": [ 30.274579366381154, 59.942473426687322 ] } },
{ "type": "Feature", "properties": { "name": "451", "role": "start" }, "geometry": { "type": "Point", "coordinates": [ 30.273609218661331, 59.94244916821566 ] } },
{ "type": "Feature", "properties": { "name": "452", "role": "start" }, "geometry": { "type": "Point", "coordinates": [ 30.272153821626937, 59.942447338552981 ] } },
{ "type": "Feature", "properties": { "name": "453", "role": "start" }, "geometry": { "type": "Point", "coordinates": [ 30.269738593348951, 59.942462066998282 ] } },
{ "type": "Feature", "properties": { "name": "454", "role": "start" }, "geometry": { "type": "Point", "coordinates": [ 30.272023617672723, 59.94252200524285 ] } },
{ "type": "Feature", "properties": { "name": "455", "role": "start" }, "geometry": { "type": "Point", "coordinates": [ 30.271447076904643, 59.942556944265483 ] } },
{ "type": "Feature", "properties": { "name": "456", "role": "start" }, "geometry": { "type": "Point", "coordinates": [ 30.274805666895226, 59.942623797053493 ] } },
{ "type": "Feature", "properties": { "name": "457", "role": "start" }, "geometry": { "type": "Point", "coordinates": [ 30.271716909104068, 59.942635593486678 ] } },
{ "type": "Feature", "properties": { "name": "458", "role": "start" }, "geometry": { "type": "Point", "coordinates": [ 30.271360643285874, 59.942700719757717 ] } },
{ "type": "Feature", "properties": { "name": "459", "role": "start" }, "geometry": { "type": "Point", "coordinates": [ 30.270503542922693, 59.942792101778444 ] } },
{ "type": "Feature", "properties": { "name": "460", "role": "start" }, "geometry": { "type": "Point", "coordinates": [ 30.273155774394013, 59.942853100657452 ] } },
{ "type": "Feature", "properties": { "name": "461", "role": "start" }, "geometry": { "type": "Point", "coordinates": [ 30.269857837666549, 59.942868115290175 ] } },
{ "type": "Feature", "properties": { "name": "462", "role": "start" }, "geometry": { "type": "Point", "coordinates": [ 30.270200849617936, 59.942965509181668 ] } },
{ "type": "Feature", "properties": { "name": "463", "role": "start" }, "geometry": { "type": "Point", "coordinates": [ 30.272328520914243, 59.943125897226452 ] } },
{ "type": "Feature", "properties": { "name": "464", "role": "start" }, "geometry": { "type": "Point", "coordinates": [ 30.27355182105924, 59.943374602467912 ] } },
{ "type": "Feature", "properties": { "name": "465", "role": "start" }, "geometry": { "type": "Point", "coordinates": [ 30.269881948938394, 59.943318325745437 ] } },
{ "type": "Feature", "properties": { "name": "466", "role": "start" }, "geometry": { "type": "Point", "coordinates": [ 30.269939396844677, 59.943525845339728 ] } },
{ "type": "Feature", "properties": { "name": "467", "role": "start" }, "geometry": { "type": "Point", "coordinates": [ 30.272736425535182, 59.943716475830392 ] } },
{ "type": "Feature", "properties": { "name": "468", "role": "start" }, "geometry": { "type": "Point", "coordinates": [ 30.269984531936135, 59.943722502504393 ] } },
{ "type": "Feature", "properties": { "name": "469", "role": "start" }, "geometry": { "type": "Point", "coordinates": [ 30.272654952776971, 59.94389735147017 ] } },
{ "type": "Feature", "properties": { "name": "470", "role": "start" }, "geometry": { "type": "Point", "coordinates": [ 30.270196120966613, 59.943867423887134 ] } },
{ "type": "Feature", "properties": { "name": "471", "role": "start" }, "geometry": { "type": "Point", "coordinates": [ 30.27057117358596, 59.948068936417975 ] } },
{ "type": "Feature", "properties": { "name": "472", "role": "start" }, "geometry": { "type": "Point", "coordinates": [ 30.270734093704537, 59.947906257461817 ] } },
{ "type": "Feature", "properties": { "name": "473", "role": "start" }, "geometry": { "type": "Point", "coordinates": [ 30.271049589410076, 59.947980745237551 ] } },
{ "type": "Feature", "properties": { "name": "474", "role": "start" }, "geometry": { "type": "Point", "coordinates": [ 30.271400955811941, 59.94739674494496 ] } },
{ "type": "Feature", "properties": { "name": "475", "role": "start" }, "geometry": { "type": "Point", "coordinates": [ 30.271677939106997, 59.946635820758246 ] } },
{ "type": "Feature", "properties": { "name": "476", "role": "start" }, "geometry": { "type": "Point", "coordinates": [ 30.271551578395613, 59.948128124132673 ] } },
{ "type": "Feature", "properties": { "name": "477", "role": "start" }, "geometry": { "type": "Point", "coordinates": [ 30.272033812976861, 59.94788894585939 ] } },
{ "type": "Feature", "properties": { "name": "478", "role": "start" }, "geometry": { "type": "Point", "coordinates": [ 30.272277524713378, 59.948170840664623 ] } },
{ "type": "Feature", "properties": { "name": "479", "role": "start" }, "geometry": { "type": "Point", "coordinates": [ 30.273085143909462, 59.947477454504721 ] } },
{ "type": "Feature", "properties": { "name": "480", "role": "start" }, "geometry": { "type": "Point", "coordinates": [ 30.273472979174521, 59.94654680656501 ] } },
{ "type": "Feature", "properties": { "name": "481", "role": "start" }, "geometry": { "type": "Point", "coordinates": [ 30.273460580845896, 59.948042595541629 ] } },
{ "type": "Feature", "properties": { "name": "482", "role": "start" }, "geometry": { "type": "Point", "coordinates": [ 30.273674352128047, 59.946433364404236 ] } },
{ "type": "Feature", "properties": { "name": "483", "role": "start" }, "geometry": { "type": "Point", "coordinates": [ 30.273997126864671, 59.946634711562517 ] } },
{ "type": "Feature", "properties": { "name": "484", "role": "start" }, "geometry": { "type": "Point", "coordinates": [ 30.274234964517628, 59.947338962700741 ] } },
{ "type": "Feature", "properties": { "name": "485", "role": "start" }, "geometry": { "type": "Point", "coordinates": [ 30.274924845389741, 59.946886216482511 ] } },
{ "type": "Feature", "properties": { "name": "486", "role": "start" }, "geometry": { "type": "Point", "coordinates": [ 30.275499812671121, 59.946656343043607 ] } },
{ "type": "Feature", "properties": { "name": "487", "role": "start" }, "geometry": { "type": "Point", "coordinates": [ 30.275482853902666, 59.947046547958223 ] } },
{ "type": "Feature", "properties": { "name": "488", "role": "start" }, "geometry": { "type": "Point", "coordinates": [ 30.275603680428436, 59.946036322479273 ] } },
{ "type": "Feature", "properties": { "name": "489", "role": "start" }, "geometry": { "type": "Point", "coordinates": [ 30.276144939824363, 59.946026300107505 ] } },
{ "type": "Feature", "properties": { "name": "490", "role": "start" }, "geometry": { "type": "Point", "coordinates": [ 30.276273792627826, 59.946873457791462 ] } },
{ "type": "Feature", "properties": { "name": "491", "role": "start" }, "geometry": { "type": "Point", "coordinates": [ 30.27640718723654, 59.945872930922121 ] } },
{ "type": "Feature", "properties": { "name": "492", "role": "start" }, "geometry": { "type": "Point", "coordinates": [ 30.276362824036209, 59.947010644129939 ] } },
{ "type": "Feature", "properties": { "name": "493", "role": "start" }, "geometry": { "type": "Point", "coordinates": [ 30.277291180264037, 59.946838587306651 ] } },
{ "type": "Feature", "properties": { "name": "494", "role": "start" }, "geometry": { "type": "Point", "coordinates": [ 30.277445302324505, 59.945776373817694 ] } },
{ "type": "Feature", "properties": { "name": "495", "role": "start" }, "geometry": { "type": "Point", "coordinates": [ 30.277407528323906, 59.946362962440048 ] } },
{ "type": "Feature", "properties": { "name": "496", "role": "start" }, "geometry": { "type": "Point", "coordinates": [ 30.271950871408755, 59.947265148241456 ] } },
{ "type": "Feature", "properties": { "name": "497", "role": "start" }, "geometry": { "type": "Point", "coordinates": [ 30.272846380755905, 59.946966984435427 ] } },
{ "type": "Feature", "properties": { "name": "498", "role": "start" }, "geometry": { "type": "Point", "coordinates": [ 30.271747176275749, 59.945644849615292 ] } },
{ "type": "Feature", "properties": { "name": "499", "role": "start" }, "geometry": { "type": "Point", "coordinates": [ 30.272674250344728, 59.945728162373008 ] } },
{ "type": "Feature", "properties": { "name": "500", "role": "start" }, "geometry": { "type": "Point", "coordinates": [ 30.271427587538408, 59.945719993708529 ] } },
{ "type": "Feature", "properties": { "name": "501", "role": "start" }, "geometry": { "type": "Point", "coordinates": [ 30.275308897120002, 59.942599442662789 ] } },
{ "type": "Feature", "properties": { "name": "502", "role": "start" }, "geometry": { "type": "Point", "coordinates": [ 30.276220382965139, 59.942815755561526 ] } },
{ "type": "Feature", "properties": { "name": "503", "role": "start" }, "geometry": { "type": "Point", "coordinates": [ 30.276793372592341, 59.942883116422458 ] } },
{ "type": "Feature", "properties": { "name": "504", "role": "start" }, "geometry": { "type": "Point", "coordinates": [ 30.275770825581361, 59.943021308061681 ] } },
{ "type": "Feature", "properties": { "name": "505", "role": "start" }, "geometry": { "type": "Point", "coordinates": [ 30.276012740677899, 59.943145629738957 ] } },
{ "type": "Feature", "properties": { "name": "506", "role": "start" }, "geometry": { "type": "Point", "coordinates": [ 30.274677969879065, 59.943119243901883 ] } },
{ "type": "Feature", "properties": { "name": "507", "role": "start" }, "geometry": { "type": "Point", "coordinates": [ 30.277537642418185, 59.943266041572876 ] } },
{ "type": "Feature", "properties": { "name": "508", "role": "start" }, "geometry": { "type": "Point", "coordinates": [ 30.277155573592012, 59.943270037731814 ] } },
{ "type": "Feature", "properties": { "name": "509", "role": "start" }, "geometry": { "type": "Point", "coordinates": [ 30.276296244658173, 59.943373879648121 ] } },
{ "type": "Feature", "properties": { "name": "510", "role": "start" }, "geometry": { "type": "Point", "coordinates": [ 30.278986712858533, 59.943482883596907 ] } },
{ "type": "Feature", "properties": { "name": "511", "role": "start" }, "geometry": { "type": "Point", "coordinates": [ 30.276535200660891, 59.943440083136963 ] } },
{ "type": "Feature", "properties": { "name": "512", "role": "start" }, "geometry": { "type": "Point", "coordinates": [ 30.275937268952077, 59.943475169736026 ] } },
{ "type": "Feature", "properties": { "name": "513", "role": "start" }, "geometry": { "type": "Point", "coordinates": [ 30.277274610958578, 59.943527857174765 ] } },
{ "type": "Feature", "properties": { "name": "514", "role": "start" }, "geometry": { "type": "Point", "coordinates": [ 30.279370911031368, 59.943609783811155 ] } },
{ "type": "Feature", "properties": { "name": "515", "role": "start" }, "geometry": { "type": "Point", "coordinates": [ 30.277583011826628, 59.943617560139749 ] } },
{ "type": "Feature", "properties": { "name": "516", "role": "start" }, "geometry": { "type": "Point", "coordinates": [ 30.27415309820783, 59.943555718750524 ] } },
{ "type": "Feature", "properties": { "name": "517", "role": "start" }, "geometry": { "type": "Point", "coordinates": [ 30.278769985473435, 59.943723334348228 ] } },
{ "type": "Feature", "properties": { "name": "518", "role": "start" }, "geometry": { "type": "Point", "coordinates": [ 30.276636438384724, 59.943740376155034 ] } },
{ "type": "Feature", "properties": { "name": "519", "role": "start" }, "geometry": { "type": "Point", "coordinates": [ 30.27833073835998, 59.943788240040142 ] } },
{ "type": "Feature", "properties": { "name": "520", "role": "start" }, "geometry": { "type": "Point", "coordinates": [ 30.276050758110301, 59.943823762165479 ] } },
{ "type": "Feature", "properties": { "name": "521", "role": "start" }, "geometry": { "type": "Point", "coordinates": [ 30.279008161015035, 59.943932995262145 ] } },
{ "type": "Feature", "properties": { "name": "522", "role": "start" }, "geometry": { "type": "Point", "coordinates": [ 30.278661823171198, 59.94400656075166 ] } },
{ "type": "Feature", "properties": { "name": "523", "role": "start" }, "geometry": { "type": "Point", "coordinates": [ 30.275866243320888, 59.943989612231 ] } },
{ "type": "Feature", "properties": { "name": "524", "role": "start" }, "geometry": { "type": "Point", "coordinates": [ 30.278461272007, 59.947397388016675 ] } },
{ "type": "Feature", "properties": { "name": "525", "role": "start" }, "geometry": { "type": "Point", "coordinates": [ 30.278109939454829, 59.947389039516793 ] } },
{ "type": "Feature", "properties": { "name": "526", "role": "start" }, "geometry": { "type": "Point", "coordinates": [ 30.27818690333368, 59.947446813785589 ] } },
{ "type": "Feature", "properties": { "name": "527", "role": "start" }, "geometry": { "type": "Point", "coordinates": [ 30.279415851761044, 59.947523061354531 ] } },
{ "type": "Feature", "properties": { "name": "528", "role": "start" }, "geometry": { "type": "Point", "coordinates": [ 30.275169391400599, 59.94745876859195 ] } },
{ "type": "Feature", "properties": { "name": "529", "role": "start" }, "geometry": { "type": "Point", "coordinates": [ 30.27817260242222, 59.947626091344503 ] } },
{ "type": "Feature", "properties": { "name": "530", "role": "start" }, "geometry": { "type": "Point", "coordinates": [ 30.277620997234489, 59.94770501096712 ] } },
{ "type": "Feature", "properties": { "name": "531", "role": "start" }, "geometry": { "type": "Point", "coordinates": [ 30.276029824971502, 59.947800420524736 ] } },
{ "type": "Feature", "properties": { "name": "532", "role": "start" }, "geometry": { "type": "Point", "coordinates": [ 30.278285701391859, 59.947938326796461 ] } },
{ "type": "Feature", "properties": { "name": "533", "role": "start" }, "geometry": { "type": "Point", "coordinates": [ 30.276998852258441, 59.948164714687259 ] } },
{ "type": "Feature", "properties": { "name": "534", "role": "start" }, "geometry": { "type": "Point", "coordinates": [ 30.27629864893801, 59.948414253246668 ] } },
{ "type": "Feature", "properties": { "name": "535", "role": "start" }, "geometry": { "type": "Point", "coordinates": [ 30.276687503431209, 59.948549959389538 ] } },
{ "type": "Feature", "properties": { "name": "536", "role": "start" }, "geometry": { "type": "Point", "coordinates": [ 30.274717648915729, 59.948582559513866 ] } },
{ "type": "Feature", "properties": { "name": "537", "role": "start" }, "geometry": { "type": "Point", "coordinates": [ 30.276395904887188, 59.948733740105837 ] } },
{ "type": "Feature", "properties": { "name": "538", "role": "start" }, "geometry": { "type": "Point", "coordinates": [ 30.274986507429926, 59.948764558116572 ] } },
{ "type": "Feature", "properties": { "name": "539", "role": "start" }, "geometry": { "type": "Point", "coordinates": [ 30.279352755052297, 59.948877014785147 ] } },
{ "type": "Feature", "properties": { "name": "540", "role": "start" }, "geometry": { "type": "Point", "coordinates": [ 30.276962533980328, 59.949011133415546 ] } },
{ "type": "Feature", "properties": { "name": "541", "role": "start" }, "geometry": { "type": "Point", "coordinates": [ 30.277564280544674, 59.949157179267765 ] } },
{ "type": "Feature", "properties": { "name": "542", "role": "start" }, "geometry": { "type": "Point", "coordinates": [ 30.276616226005657, 59.949372931102722 ] } },
{ "type": "Feature", "properties": { "name": "543", "role": "start" }, "geometry": { "type": "Point", "coordinates": [ 30.277533108575941, 59.949619286813906 ] } },
{ "type": "Feature", "properties": { "name": "544", "role": "start" }, "geometry": { "type": "Point", "coordinates": [ 30.280440685011374, 59.947729248209242 ] } },
{ "type": "Feature", "properties": { "name": "545", "role": "start" }, "geometry": { "type": "Point", "coordinates": [ 30.281588373636914, 59.948180701205509 ] } },
{ "type": "Feature", "properties": { "name": "546", "role": "start" }, "geometry": { "type": "Point", "coordinates": [ 30.282141177201257, 59.947603640328289 ] } },
{ "type": "Feature", "properties": { "name": "547", "role": "start" }, "geometry": { "type": "Point", "coordinates": [ 30.280952914967159, 59.947286404229509 ] } },
{ "type": "Feature", "properties": { "name": "548", "role": "start" }, "geometry": { "type": "Point", "coordinates": [ 30.280822966458796, 59.947782913576908 ] } },
{ "type": "Feature", "properties": { "name": "549", "role": "start" }, "geometry": { "type": "Point", "coordinates": [ 30.281303387735402, 59.947818376132965 ] } },
{ "type": "Feature", "properties": { "name": "550", "role": "start" }, "geometry": { "type": "Point", "coordinates": [ 30.280467193200842, 59.94803676000123 ] } },
{ "type": "Feature", "properties": { "name": "551", "role": "start" }, "geometry": { "type": "Point", "coordinates": [ 30.27997812061037, 59.947418446872952 ] } },
{ "type": "Feature", "properties": { "name": "552", "role": "start" }, "geometry": { "type": "Point", "coordinates": [ 30.282528252238393, 59.947898938798417 ] } },
{ "type": "Feature", "properties": { "name": "553", "role": "start" }, "geometry": { "type": "Point", "coordinates": [ 30.281641532678051, 59.947823378991288 ] } },
{ "type": "Feature", "properties": { "name": "554", "role": "start" }, "geometry": { "type": "Point", "coordinates": [ 30.273939662056435, 59.94791968565945 ] } },
{ "type": "Feature", "properties": { "name": "555", "role": "start" }, "geometry": { "type": "Point", "coordinates": [ 30.274311162838259, 59.948300811657738 ] } },
{ "type": "Feature", "properties": { "name": "556", "role": "start" }, "geometry": { "type": "Point", "coordinates": [ 30.273679515903886, 59.948353533114805 ] } },
{ "type": "Feature", "properties": { "name": "557", "role": "start" }, "geometry": { "type": "Point", "coordinates": [ 30.274367308507038, 59.948522349331967 ] } },
{ "type": "Feature", "properties": { "name": "558", "role": "start" }, "geometry": { "type": "Point", "coordinates": [ 30.277843400578568, 59.944605731203495 ] } },
{ "type": "Feature", "properties": { "name": "559", "role": "start" }, "geometry": { "type": "Point", "coordinates": [ 30.278062997615041, 59.94434457692585 ] } },
{ "type": "Feature", "properties": { "name": "560", "role": "start" }, "geometry": { "type": "Point", "coordinates": [ 30.278139800467635, 59.945024228104806 ] } },
{ "type": "Feature", "properties": { "name": "561", "role": "start" }, "geometry": { "type": "Point", "coordinates": [ 30.27817301421014, 59.945424417729619 ] } },
{ "type": "Feature", "properties": { "name": "562", "role": "start" }, "geometry": { "type": "Point", "coordinates": [ 30.278431650198939, 59.944460372112289 ] } },
{ "type": "Feature", "properties": { "name": "563", "role": "start" }, "geometry": { "type": "Point", "coordinates": [ 30.278652975144766, 59.944639132155721 ] } },
{ "type": "Feature", "properties": { "name": "564", "role": "start" }, "geometry": { "type": "Point", "coordinates": [ 30.279620922677505, 59.944769494343362 ] } },
{ "type": "Feature", "properties": { "name": "565", "role": "start" }, "geometry": { "type": "Point", "coordinates": [ 30.279890806924996, 59.945449449892344 ] } },
{ "type": "Feature", "properties": { "name": "566", "role": "start" }, "geometry": { "type": "Point", "coordinates": [ 30.28019362024208, 59.945204537618423 ] } },
{ "type": "Feature", "properties": { "name": "567", "role": "start" }, "geometry": { "type": "Point", "coordinates": [ 30.28052774994563, 59.943950928834667 ] } },
{ "type": "Feature", "properties": { "name": "568", "role": "start" }, "geometry": { "type": "Point", "coordinates": [ 30.280537359431733, 59.944932145503749 ] } },
{ "type": "Feature", "properties": { "name": "569", "role": "start" }, "geometry": { "type": "Point", "coordinates": [ 30.280532972957442, 59.945284553670589 ] } },
{ "type": "Feature", "properties": { "name": "570", "role": "start" }, "geometry": { "type": "Point", "coordinates": [ 30.280554566517335, 59.945492531091055 ] } },
{ "type": "Feature", "properties": { "name": "571", "role": "start" }, "geometry": { "type": "Point", "coordinates": [ 30.280576293686192, 59.945347282500961 ] } },
{ "type": "Feature", "properties": { "name": "572", "role": "start" }, "geometry": { "type": "Point", "coordinates": [ 30.28095828369997, 59.945353051783101 ] } },
{ "type": "Feature", "properties": { "name": "573", "role": "start" }, "geometry": { "type": "Point", "coordinates": [ 30.281186770014298, 59.945500601421422 ] } },
{ "type": "Feature", "properties": { "name": "574", "role": "start" }, "geometry": { "type": "Point", "coordinates": [ 30.281262476462139, 59.944783640457587 ] } },
{ "type": "Feature", "properties": { "name": "575", "role": "start" }, "geometry": { "type": "Point", "coordinates": [ 30.281378593163325, 59.944551089984515 ] } },
{ "type": "Feature", "properties": { "name": "576", "role": "start" }, "geometry": { "type": "Point", "coordinates": [ 30.281431520099037, 59.944757412378017 ] } },
{ "type": "Feature", "properties": { "name": "577", "role": "start" }, "geometry": { "type": "Point", "coordinates": [ 30.281565492971477, 59.945390009187058 ] } },
{ "type": "Feature", "properties": { "name": "578", "role": "start" }, "geometry": { "type": "Point", "coordinates": [ 30.281860113151858, 59.944354106982892 ] } },
{ "type": "Feature", "properties": { "name": "579", "role": "start" }, "geometry": { "type": "Point", "coordinates": [ 30.281866660032517, 59.944635267258796 ] } },
{ "type": "Feature", "properties": { "name": "580", "role": "start" }, "geometry": { "type": "Point", "coordinates": [ 30.278114110183051, 59.94561696608649 ] } },
{ "type": "Feature", "properties": { "name": "581", "role": "start" }, "geometry": { "type": "Point", "coordinates": [ 30.278082040990281, 59.946185803169854 ] } },
{ "type": "Feature", "properties": { "name": "582", "role": "start" }, "geometry": { "type": "Point", "coordinates": [ 30.278319114661858, 59.945925041821219 ] } },
{ "type": "Feature", "properties": { "name": "583", "role": "start" }, "geometry": { "type": "Point", "coordinates": [ 30.278449851090471, 59.945789661059855 ] } },
{ "type": "Feature", "properties": { "name": "584", "role": "start" }, "geometry": { "type": "Point", "coordinates": [ 30.278489305315958, 59.945601019912864 ] } },
{ "type": "Feature", "properties": { "name": "585", "role": "start" }, "geometry": { "type": "Point", "coordinates": [ 30.279147649233362, 59.946922311129988 ] } },
{ "type": "Feature", "properties": { "name": "586", "role": "start" }, "geometry": { "type": "Point", "coordinates": [ 30.279230793399169, 59.94601147437448 ] } },
{ "type": "Feature", "properties": { "name": "587", "role": "start" }, "geometry": { "type": "Point", "coordinates": [ 30.279278028812612, 59.946345765960224 ] } },
{ "type": "Feature", "properties": { "name": "588", "role": "start" }, "geometry": { "type": "Point", "coordinates": [ 30.279593414353403, 59.945727912994123 ] } },
{ "type": "Feature", "properties": { "name": "589", "role": "start" }, "geometry": { "type": "Point", "coordinates": [ 30.279685394268537, 59.945880460832022 ] } },
{ "type": "Feature", "properties": { "name": "590", "role": "start" }, "geometry": { "type": "Point", "coordinates": [ 30.279654411076489, 59.946691780432239 ] } },
{ "type": "Feature", "properties": { "name": "591", "role": "start" }, "geometry": { "type": "Point", "coordinates": [ 30.279909646267747, 59.947135874921564 ] } },
{ "type": "Feature", "properties": { "name": "592", "role": "start" }, "geometry": { "type": "Point", "coordinates": [ 30.280009079522781, 59.946226632112662 ] } },
{ "type": "Feature", "properties": { "name": "593", "role": "start" }, "geometry": { "type": "Point", "coordinates": [ 30.280072581320798, 59.946870503944709 ] } },
{ "type": "Feature", "properties": { "name": "594", "role": "start" }, "geometry": { "type": "Point", "coordinates": [ 30.280192884791703, 59.945715535319074 ] } },
{ "type": "Feature", "properties": { "name": "595", "role": "start" }, "geometry": { "type": "Point", "coordinates": [ 30.280408602767711, 59.946351076392695 ] } },
{ "type": "Feature", "properties": { "name": "596", "role": "start" }, "geometry": { "type": "Point", "coordinates": [ 30.280504239495762, 59.945812256194685 ] } },
{ "type": "Feature", "properties": { "name": "597", "role": "start" }, "geometry": { "type": "Point", "coordinates": [ 30.281012929107646, 59.946080990145141 ] } },
{ "type": "Feature", "properties": { "name": "598", "role": "start" }, "geometry": { "type": "Point", "coordinates": [ 30.28099287821999, 59.946536080614003 ] } },
{ "type": "Feature", "properties": { "name": "599", "role": "start" }, "geometry": { "type": "Point", "coordinates": [ 30.281149831957098, 59.947117254540487 ] } },
{ "type": "Feature", "properties": { "name": "600", "role": "start" }, "geometry": { "type": "Point", "coordinates": [ 30.281597434631745, 59.947167269316033 ] } },
{ "type": "Feature", "properties": { "name": "601", "role": "start" }, "geometry": { "type": "Point", "coordinates": [ 30.282074634407401, 59.945605588584463 ] } },
{ "type": "Feature", "properties": { "name": "602", "role": "start" }, "geometry": { "type": "Point", "coordinates": [ 30.282184048284513, 59.946322997636393 ] } },
{ "type": "Feature", "properties": { "name": "603", "role": "start" }, "geometry": { "type": "Point", "coordinates": [ 30.282407700447482, 59.946227516175909 ] } },
{ "type": "Feature", "properties": { "name": "604", "role": "start" }, "geometry": { "type": "Point", "coordinates": [ 30.282622608666806, 59.946428456767684 ] } },
{ "type": "Feature", "properties": { "name": "605", "role": "start" }, "geometry": { "type": "Point", "coordinates": [ 30.283244978333535, 59.945869899207409 ] } },
{ "type": "Feature", "properties": { "name": "606", "role": "start" }, "geometry": { "type": "Point", "coordinates": [ 30.283668907928192, 59.946660767709488 ] } },
{ "type": "Feature", "properties": { "name": "607", "role": "start" }, "geometry": { "type": "Point", "coordinates": [ 30.284025299329823, 59.945809213003521 ] } },
{ "type": "Feature", "properties": { "name": "608", "role": "start" }, "geometry": { "type": "Point", "coordinates": [ 30.283999436511337, 59.946831920980422 ] } },
{ "type": "Feature", "properties": { "name": "609", "role": "start" }, "geometry": { "type": "Point", "coordinates": [ 30.283856947387598, 59.94556824647858 ] } },
{ "type": "Feature", "properties": { "name": "610", "role": "start" }, "geometry": { "type": "Point", "coordinates": [ 30.285372718593273, 59.946398269958884 ] } },
{ "type": "Feature", "properties": { "name": "611", "role": "start" }, "geometry": { "type": "Point", "coordinates": [ 30.285680465549948, 59.946108592474317 ] } },
{ "type": "Feature", "properties": { "name": "612", "role": "start" }, "geometry": { "type": "Point", "coordinates": [ 30.285850222026902, 59.946736589253156 ] } },
{ "type": "Feature", "properties": { "name": "613", "role": "start" }, "geometry": { "type": "Point", "coordinates": [ 30.285895094437901, 59.946608756834422 ] } },
{ "type": "Feature", "properties": { "name": "614", "role": "start" }, "geometry": { "type": "Point", "coordinates": [ 30.285903960371666, 59.946672327327583 ] } },
{ "type": "Feature", "properties": { "name": "615", "role": "start" }, "geometry": { "type": "Point", "coordinates": [ 30.286480812990622, 59.945962367943487 ] } },
{ "type": "Feature", "properties": { "name": "616", "role": "start" }, "geometry": { "type": "Point", "coordinates": [ 30.286480812990622, 59.945962367943487 ] } },
{ "type": "Feature", "properties": { "name": "617", "role": "start" }, "geometry": { "type": "Point", "coordinates": [ 30.28741296226378, 59.946103654542007 ] } },
{ "type": "Feature", "properties": { "name": "618", "role": "start" }, "geometry": { "type": "Point", "coordinates": [ 30.287763192075278, 59.946265388461349 ] } },
{ "type": "Feature", "properties": { "name": "619", "role": "start" }, "geometry": { "type": "Point", "coordinates": [ 30.274738926790423, 59.944058687000258 ] } },
{ "type": "Feature", "properties": { "name": "620", "role": "start" }, "geometry": { "type": "Point", "coordinates": [ 30.276041266539877, 59.944285159733035 ] } },
{ "type": "Feature", "properties": { "name": "621", "role": "start" }, "geometry": { "type": "Point", "coordinates": [ 30.274349620097137, 59.944296148724163 ] } },
{ "type": "Feature", "properties": { "name": "622", "role": "start" }, "geometry": { "type": "Point", "coordinates": [ 30.276603566531712, 59.944490328484562 ] } },
{ "type": "Feature", "properties": { "name": "623", "role": "start" }, "geometry": { "type": "Point", "coordinates": [ 30.274899618969439, 59.944612806065429 ] } },
{ "type": "Feature", "properties": { "name": "624", "role": "start" }, "geometry": { "type": "Point", "coordinates": [ 30.274092926576781, 59.944615448836799 ] } },
{ "type": "Feature", "properties": { "name": "625", "role": "start" }, "geometry": { "type": "Point", "coordinates": [ 30.275639486933343, 59.944777135244912 ] } },
{ "type": "Feature", "properties": { "name": "626", "role": "start" }, "geometry": { "type": "Point", "coordinates": [ 30.274696553753945, 59.94479835188227 ] } },
{ "type": "Feature", "properties": { "name": "627", "role": "start" }, "geometry": { "type": "Point", "coordinates": [ 30.277198713182063, 59.944968492824074 ] } },
{ "type": "Feature", "properties": { "name": "628", "role": "start" }, "geometry": { "type": "Point", "coordinates": [ 30.273876340776123, 59.945195389056892 ] } },
{ "type": "Feature", "properties": { "name": "629", "role": "start" }, "geometry": { "type": "Point", "coordinates": [ 30.273754589147575, 59.945383604481556 ] } },
{ "type": "Feature", "properties": { "name": "630", "role": "start" }, "geometry": { "type": "Point", "coordinates": [ 30.274191842137913, 59.945447029686022 ] } },
{ "type": "Feature", "properties": { "name": "631", "role": "start" }, "geometry": { "type": "Point", "coordinates": [ 30.277526970667708, 59.945548933434026 ] } },
{ "type": "Feature", "properties": { "name": "632", "role": "start" }, "geometry": { "type": "Point", "coordinates": [ 30.262601298335543, 59.941118749529636 ] } },
{ "type": "Feature", "properties": { "name": "633", "role": "start" }, "geometry": { "type": "Point", "coordinates": [ 30.263415849353272, 59.941184718172529 ] } },
{ "type": "Feature", "properties": { "name": "634", "role": "start" }, "geometry": { "type": "Point", "coordinates": [ 30.262858295581598, 59.941191292925971 ] } },
{ "type": "Feature", "properties": { "name": "635", "role": "start" }, "geometry": { "type": "Point", "coordinates": [ 30.262274329218609, 59.941274255738314 ] } },
{ "type": "Feature", "properties": { "name": "636", "role": "start" }, "geometry": { "type": "Point", "coordinates": [ 30.263241873457709, 59.941330142751049 ] } },
{ "type": "Feature", "properties": { "name": "637", "role": "start" }, "geometry": { "type": "Point", "coordinates": [ 30.261548211672043, 59.942197916076459 ] } },
{ "type": "Feature", "properties": { "name": "638", "role": "start" }, "geometry": { "type": "Point", "coordinates": [ 30.264663353286437, 59.942467145107038 ] } },
{ "type": "Feature", "properties": { "name": "639", "role": "start" }, "geometry": { "type": "Point", "coordinates": [ 30.264483037244013, 59.942509722343019 ] } },
{ "type": "Feature", "properties": { "name": "640", "role": "start" }, "geometry": { "type": "Point", "coordinates": [ 30.261767261127702, 59.942550638293859 ] } },
{ "type": "Feature", "properties": { "name": "641", "role": "start" }, "geometry": { "type": "Point", "coordinates": [ 30.263635912025819, 59.942673854622939 ] } },
{ "type": "Feature", "properties": { "name": "642", "role": "start" }, "geometry": { "type": "Point", "coordinates": [ 30.264585686866834, 59.94270816940373 ] } },
{ "type": "Feature", "properties": { "name": "643", "role": "start" }, "geometry": { "type": "Point", "coordinates": [ 30.264967568659205, 59.942752157258397 ] } },
{ "type": "Feature", "properties": { "name": "644", "role": "start" }, "geometry": { "type": "Point", "coordinates": [ 30.264087512874571, 59.942743426945057 ] } },
{ "type": "Feature", "properties": { "name": "645", "role": "start" }, "geometry": { "type": "Point", "coordinates": [ 30.26443074598377, 59.942818278370844 ] } },
{ "type": "Feature", "properties": { "name": "646", "role": "start" }, "geometry": { "type": "Point", "coordinates": [ 30.262391651026913, 59.942868430456592 ] } },
{ "type": "Feature", "properties": { "name": "647", "role": "start" }, "geometry": { "type": "Point", "coordinates": [ 30.26302070216844, 59.942916733314362 ] } },
{ "type": "Feature", "properties": { "name": "648", "role": "start" }, "geometry": { "type": "Point", "coordinates": [ 30.264351480797242, 59.942973577847056 ] } },
{ "type": "Feature", "properties": { "name": "649", "role": "start" }, "geometry": { "type": "Point", "coordinates": [ 30.264775296282988, 59.942987842985858 ] } },
{ "type": "Feature", "properties": { "name": "650", "role": "start" }, "geometry": { "type": "Point", "coordinates": [ 30.264290177021817, 59.943030157186179 ] } },
{ "type": "Feature", "properties": { "name": "651", "role": "start" }, "geometry": { "type": "Point", "coordinates": [ 30.262114152276357, 59.943031870538576 ] } },
{ "type": "Feature", "properties": { "name": "652", "role": "start" }, "geometry": { "type": "Point", "coordinates": [ 30.262447066703292, 59.943252819488571 ] } },
{ "type": "Feature", "properties": { "name": "653", "role": "start" }, "geometry": { "type": "Point", "coordinates": [ 30.263967451177933, 59.943317483589638 ] } },
{ "type": "Feature", "properties": { "name": "654", "role": "start" }, "geometry": { "type": "Point", "coordinates": [ 30.263674453870884, 59.943316449148945 ] } },
{ "type": "Feature", "properties": { "name": "655", "role": "start" }, "geometry": { "type": "Point", "coordinates": [ 30.262824399428435, 59.943349443234602 ] } },
{ "type": "Feature", "properties": { "name": "656", "role": "start" }, "geometry": { "type": "Point", "coordinates": [ 30.264028690108255, 59.943463588411973 ] } },
{ "type": "Feature", "properties": { "name": "657", "role": "start" }, "geometry": { "type": "Point", "coordinates": [ 30.263595902550065, 59.943511259787797 ] } },
{ "type": "Feature", "properties": { "name": "658", "role": "start" }, "geometry": { "type": "Point", "coordinates": [ 30.26656943990708, 59.940357637923938 ] } },
{ "type": "Feature", "properties": { "name": "659", "role": "start" }, "geometry": { "type": "Point", "coordinates": [ 30.266995488794322, 59.939968336937199 ] } },
{ "type": "Feature", "properties": { "name": "660", "role": "start" }, "geometry": { "type": "Point", "coordinates": [ 30.267320236964704, 59.940358974920223 ] } },
{ "type": "Feature", "properties": { "name": "661", "role": "start" }, "geometry": { "type": "Point", "coordinates": [ 30.267788089407865, 59.940258535986707 ] } },
{ "type": "Feature", "properties": { "name": "662", "role": "start" }, "geometry": { "type": "Point", "coordinates": [ 30.268605303945794, 59.940981095659431 ] } },
{ "type": "Feature", "properties": { "name": "663", "role": "start" }, "geometry": { "type": "Point", "coordinates": [ 30.270102141738526, 59.941298120319217 ] } },
{ "type": "Feature", "properties": { "name": "664", "role": "start" }, "geometry": { "type": "Point", "coordinates": [ 30.271784521573736, 59.94137100458164 ] } },
{ "type": "Feature", "properties": { "name": "665", "role": "start" }, "geometry": { "type": "Point", "coordinates": [ 30.271091568017482, 59.941364956028437 ] } },
{ "type": "Feature", "properties": { "name": "666", "role": "start" }, "geometry": { "type": "Point", "coordinates": [ 30.27183019575736, 59.941572815704205 ] } },
{ "type": "Feature", "properties": { "name": "667", "role": "start" }, "geometry": { "type": "Point", "coordinates": [ 30.271163764984898, 59.941653913030329 ] } },
{ "type": "Feature", "properties": { "name": "668", "role": "start" }, "geometry": { "type": "Point", "coordinates": [ 30.270963477490948, 59.941797242233235 ] } },
{ "type": "Feature", "properties": { "name": "669", "role": "start" }, "geometry": { "type": "Point", "coordinates": [ 30.27164755769429, 59.941905909786023 ] } },
{ "type": "Feature", "properties": { "name": "670", "role": "start" }, "geometry": { "type": "Point", "coordinates": [ 30.273877083267951, 59.941993833780749 ] } },
{ "type": "Feature", "properties": { "name": "671", "role": "start" }, "geometry": { "type": "Point", "coordinates": [ 30.197030616003072, 59.932617171512192 ] } },
{ "type": "Feature", "properties": { "name": "672", "role": "start" }, "geometry": { "type": "Point", "coordinates": [ 30.203272851462742, 59.930805625158918 ] } },
{ "type": "Feature", "properties": { "name": "673", "role": "start" }, "geometry": { "type": "Point", "coordinates": [ 30.202165121224638, 59.933227990239743 ] } },
{ "type": "Feature", "properties": { "name": "674", "role": "start" }, "geometry": { "type": "Point", "coordinates": [ 30.202670084849874, 59.935434311476108 ] } },
{ "type": "Feature", "properties": { "name": "675", "role": "start" }, "geometry": { "type": "Point", "coordinates": [ 30.206056299989942, 59.935136997691991 ] } },
{ "type": "Feature", "properties": { "name": "676", "role": "start" }, "geometry": { "type": "Point", "coordinates": [ 30.208680348879675, 59.934549794940075 ] } },
{ "type": "Feature", "properties": { "name": "677", "role": "start" }, "geometry": { "type": "Point", "coordinates": [ 30.204819208910124, 59.935382165987875 ] } },
{ "type": "Feature", "properties": { "name": "678", "role": "start" }, "geometry": { "type": "Point", "coordinates": [ 30.200463238887814, 59.934220007256478 ] } },
{ "type": "Feature", "properties": { "name": "679", "role": "start" }, "geometry": { "type": "Point", "coordinates": [ 30.203153545454864, 59.934751212429852 ] } },
{ "type": "Feature", "properties": { "name": "680", "role": "start" }, "geometry": { "type": "Point", "coordinates": [ 30.207384800194415, 59.929324791651915 ] } },
{ "type": "Feature", "properties": { "name": "681", "role": "start" }, "geometry": { "type": "Point", "coordinates": [ 30.204638228403123, 59.935466402027238 ] } },
{ "type": "Feature", "properties": { "name": "682", "role": "start" }, "geometry": { "type": "Point", "coordinates": [ 30.202882946900388, 59.932906949920849 ] } },
{ "type": "Feature", "properties": { "name": "683", "role": "start" }, "geometry": { "type": "Point", "coordinates": [ 30.206941623947714, 59.935739397290305 ] } },
{ "type": "Feature", "properties": { "name": "684", "role": "start" }, "geometry": { "type": "Point", "coordinates": [ 30.205623717431173, 59.935584988188637 ] } },
{ "type": "Feature", "properties": { "name": "685", "role": "start" }, "geometry": { "type": "Point", "coordinates": [ 30.206051931863655, 59.93563005511691 ] } },
{ "type": "Feature", "properties": { "name": "686", "role": "start" }, "geometry": { "type": "Point", "coordinates": [ 30.216590285479366, 59.936727048661211 ] } },
{ "type": "Feature", "properties": { "name": "687", "role": "start" }, "geometry": { "type": "Point", "coordinates": [ 30.217847491770456, 59.936964686503373 ] } },
{ "type": "Feature", "properties": { "name": "688", "role": "start" }, "geometry": { "type": "Point", "coordinates": [ 30.215688788015509, 59.937481203875997 ] } },
{ "type": "Feature", "properties": { "name": "689", "role": "start" }, "geometry": { "type": "Point", "coordinates": [ 30.218819217368427, 59.937614188286389 ] } },
{ "type": "Feature", "properties": { "name": "690", "role": "start" }, "geometry": { "type": "Point", "coordinates": [ 30.220390930886964, 59.933343216581015 ] } },
{ "type": "Feature", "properties": { "name": "691", "role": "start" }, "geometry": { "type": "Point", "coordinates": [ 30.221560525508625, 59.931733827161089 ] } },
{ "type": "Feature", "properties": { "name": "692", "role": "start" }, "geometry": { "type": "Point", "coordinates": [ 30.221702381492474, 59.933288028179113 ] } },
{ "type": "Feature", "properties": { "name": "693", "role": "start" }, "geometry": { "type": "Point", "coordinates": [ 30.221846505632968, 59.932794038575963 ] } },
{ "type": "Feature", "properties": { "name": "694", "role": "start" }, "geometry": { "type": "Point", "coordinates": [ 30.221998445933036, 59.935207917637506 ] } },
{ "type": "Feature", "properties": { "name": "695", "role": "start" }, "geometry": { "type": "Point", "coordinates": [ 30.222239550437347, 59.932907650288598 ] } },
{ "type": "Feature", "properties": { "name": "696", "role": "start" }, "geometry": { "type": "Point", "coordinates": [ 30.222392773234574, 59.931596613890001 ] } },
{ "type": "Feature", "properties": { "name": "697", "role": "start" }, "geometry": { "type": "Point", "coordinates": [ 30.222269978850694, 59.934922368986733 ] } },
{ "type": "Feature", "properties": { "name": "698", "role": "start" }, "geometry": { "type": "Point", "coordinates": [ 30.222482969024718, 59.93469618007061 ] } },
{ "type": "Feature", "properties": { "name": "699", "role": "start" }, "geometry": { "type": "Point", "coordinates": [ 30.222714064043231, 59.933633685585818 ] } },
{ "type": "Feature", "properties": { "name": "700", "role": "start" }, "geometry": { "type": "Point", "coordinates": [ 30.222647074987936, 59.934499637113476 ] } },
{ "type": "Feature", "properties": { "name": "701", "role": "start" }, "geometry": { "type": "Point", "coordinates": [ 30.222848387807492, 59.934026611170914 ] } },
{ "type": "Feature", "properties": { "name": "702", "role": "start" }, "geometry": { "type": "Point", "coordinates": [ 30.222907048249699, 59.934371810331484 ] } },
{ "type": "Feature", "properties": { "name": "703", "role": "start" }, "geometry": { "type": "Point", "coordinates": [ 30.223184401353361, 59.931818754311827 ] } },
{ "type": "Feature", "properties": { "name": "704", "role": "start" }, "geometry": { "type": "Point", "coordinates": [ 30.223305227593681, 59.933874518460527 ] } },
{ "type": "Feature", "properties": { "name": "705", "role": "start" }, "geometry": { "type": "Point", "coordinates": [ 30.223464247136999, 59.933700609211954 ] } },
{ "type": "Feature", "properties": { "name": "706", "role": "start" }, "geometry": { "type": "Point", "coordinates": [ 30.223904812318871, 59.933294735904539 ] } },
{ "type": "Feature", "properties": { "name": "707", "role": "start" }, "geometry": { "type": "Point", "coordinates": [ 30.224121052242417, 59.93189329985335 ] } },
{ "type": "Feature", "properties": { "name": "708", "role": "start" }, "geometry": { "type": "Point", "coordinates": [ 30.224245242445008, 59.931595533211706 ] } },
{ "type": "Feature", "properties": { "name": "709", "role": "start" }, "geometry": { "type": "Point", "coordinates": [ 30.224491576216778, 59.933411153815058 ] } },
{ "type": "Feature", "properties": { "name": "710", "role": "start" }, "geometry": { "type": "Point", "coordinates": [ 30.224610307466968, 59.933264577005843 ] } },
{ "type": "Feature", "properties": { "name": "711", "role": "start" }, "geometry": { "type": "Point", "coordinates": [ 30.22493397495947, 59.931904410793251 ] } },
{ "type": "Feature", "properties": { "name": "712", "role": "start" }, "geometry": { "type": "Point", "coordinates": [ 30.224842764592115, 59.933088800991726 ] } },
{ "type": "Feature", "properties": { "name": "713", "role": "start" }, "geometry": { "type": "Point", "coordinates": [ 30.2250181022338, 59.933331343794379 ] } },
{ "type": "Feature", "properties": { "name": "714", "role": "start" }, "geometry": { "type": "Point", "coordinates": [ 30.2254346508896, 59.931951119982372 ] } },
{ "type": "Feature", "properties": { "name": "715", "role": "start" }, "geometry": { "type": "Point", "coordinates": [ 30.225745942887372, 59.931621827587463 ] } },
{ "type": "Feature", "properties": { "name": "716", "role": "start" }, "geometry": { "type": "Point", "coordinates": [ 30.225868498163415, 59.935935249720941 ] } },
{ "type": "Feature", "properties": { "name": "717", "role": "start" }, "geometry": { "type": "Point", "coordinates": [ 30.226540197052365, 59.93254027009538 ] } },
{ "type": "Feature", "properties": { "name": "718", "role": "start" }, "geometry": { "type": "Point", "coordinates": [ 30.227292573305853, 59.932955508664477 ] } },
{ "type": "Feature", "properties": { "name": "719", "role": "start" }, "geometry": { "type": "Point", "coordinates": [ 30.227772477408106, 59.933038792972766 ] } },
{ "type": "Feature", "properties": { "name": "720", "role": "start" }, "geometry": { "type": "Point", "coordinates": [ 30.227977113629834, 59.93372963791164 ] } },
{ "type": "Feature", "properties": { "name": "721", "role": "start" }, "geometry": { "type": "Point", "coordinates": [ 30.22796267844236, 59.934133897283168 ] } },
{ "type": "Feature", "properties": { "name": "722", "role": "start" }, "geometry": { "type": "Point", "coordinates": [ 30.228741714683899, 59.932529358748099 ] } },
{ "type": "Feature", "properties": { "name": "723", "role": "start" }, "geometry": { "type": "Point", "coordinates": [ 30.22881811639882, 59.932401312604739 ] } },
{ "type": "Feature", "properties": { "name": "724", "role": "start" }, "geometry": { "type": "Point", "coordinates": [ 30.223423030675828, 59.9346781372181 ] } },
{ "type": "Feature", "properties": { "name": "725", "role": "start" }, "geometry": { "type": "Point", "coordinates": [ 30.226066801262384, 59.935397305303766 ] } },
{ "type": "Feature", "properties": { "name": "726", "role": "start" }, "geometry": { "type": "Point", "coordinates": [ 30.229101151009662, 59.934822855374797 ] } },
{ "type": "Feature", "properties": { "name": "727", "role": "start" }, "geometry": { "type": "Point", "coordinates": [ 30.227163170780305, 59.934607799758574 ] } },
{ "type": "Feature", "properties": { "name": "728", "role": "start" }, "geometry": { "type": "Point", "coordinates": [ 30.221094276455567, 59.936264345846951 ] } },
{ "type": "Feature", "properties": { "name": "729", "role": "start" }, "geometry": { "type": "Point", "coordinates": [ 30.222743826782306, 59.938144446619759 ] } },
{ "type": "Feature", "properties": { "name": "730", "role": "start" }, "geometry": { "type": "Point", "coordinates": [ 30.223821429640932, 59.938988596496408 ] } },
{ "type": "Feature", "properties": { "name": "731", "role": "start" }, "geometry": { "type": "Point", "coordinates": [ 30.223495636000564, 59.940353491284512 ] } },
{ "type": "Feature", "properties": { "name": "732", "role": "start" }, "geometry": { "type": "Point", "coordinates": [ 30.226579463185157, 59.940879131604966 ] } },
{ "type": "Feature", "properties": { "name": "733", "role": "start" }, "geometry": { "type": "Point", "coordinates": [ 30.226257244102616, 59.94121580887245 ] } },
{ "type": "Feature", "properties": { "name": "734", "role": "start" }, "geometry": { "type": "Point", "coordinates": [ 30.222631055550092, 59.930691193147588 ] } },
{ "type": "Feature", "properties": { "name": "735", "role": "start" }, "geometry": { "type": "Point", "coordinates": [ 30.223016931041268, 59.93039900269136 ] } },
{ "type": "Feature", "properties": { "name": "736", "role": "start" }, "geometry": { "type": "Point", "coordinates": [ 30.223052968722879, 59.930977010123549 ] } },
{ "type": "Feature", "properties": { "name": "737", "role": "start" }, "geometry": { "type": "Point", "coordinates": [ 30.223165227797914, 59.929911988165571 ] } },
{ "type": "Feature", "properties": { "name": "738", "role": "start" }, "geometry": { "type": "Point", "coordinates": [ 30.223277529635197, 59.929408502455658 ] } },
{ "type": "Feature", "properties": { "name": "739", "role": "start" }, "geometry": { "type": "Point", "coordinates": [ 30.223674684446941, 59.930087668645584 ] } },
{ "type": "Feature", "properties": { "name": "740", "role": "start" }, "geometry": { "type": "Point", "coordinates": [ 30.223991198882661, 59.931083961383322 ] } },
{ "type": "Feature", "properties": { "name": "741", "role": "start" }, "geometry": { "type": "Point", "coordinates": [ 30.224140161720186, 59.930762443987199 ] } },
{ "type": "Feature", "properties": { "name": "742", "role": "start" }, "geometry": { "type": "Point", "coordinates": [ 30.224105825097869, 59.931290261547304 ] } },
{ "type": "Feature", "properties": { "name": "743", "role": "start" }, "geometry": { "type": "Point", "coordinates": [ 30.224256021041843, 59.929455211979068 ] } },
{ "type": "Feature", "properties": { "name": "744", "role": "start" }, "geometry": { "type": "Point", "coordinates": [ 30.224292193609177, 59.930464577813751 ] } },
{ "type": "Feature", "properties": { "name": "745", "role": "start" }, "geometry": { "type": "Point", "coordinates": [ 30.224657778214787, 59.931241536281398 ] } },
{ "type": "Feature", "properties": { "name": "746", "role": "start" }, "geometry": { "type": "Point", "coordinates": [ 30.224786980695686, 59.930643482423832 ] } },
{ "type": "Feature", "properties": { "name": "747", "role": "start" }, "geometry": { "type": "Point", "coordinates": [ 30.224987250869695, 59.928970797175459 ] } },
{ "type": "Feature", "properties": { "name": "748", "role": "start" }, "geometry": { "type": "Point", "coordinates": [ 30.22500999572819, 59.929700299207013 ] } },
{ "type": "Feature", "properties": { "name": "749", "role": "start" }, "geometry": { "type": "Point", "coordinates": [ 30.225028952789966, 59.93038965006641 ] } },
{ "type": "Feature", "properties": { "name": "750", "role": "start" }, "geometry": { "type": "Point", "coordinates": [ 30.225253242025317, 59.929093995265113 ] } },
{ "type": "Feature", "properties": { "name": "751", "role": "start" }, "geometry": { "type": "Point", "coordinates": [ 30.225647452846879, 59.93033504954299 ] } },
{ "type": "Feature", "properties": { "name": "752", "role": "start" }, "geometry": { "type": "Point", "coordinates": [ 30.22592122046516, 59.929040838622115 ] } },
{ "type": "Feature", "properties": { "name": "753", "role": "start" }, "geometry": { "type": "Point", "coordinates": [ 30.226012230852316, 59.930410934815519 ] } },
{ "type": "Feature", "properties": { "name": "754", "role": "start" }, "geometry": { "type": "Point", "coordinates": [ 30.226320575330153, 59.928778257045266 ] } },
{ "type": "Feature", "properties": { "name": "755", "role": "start" }, "geometry": { "type": "Point", "coordinates": [ 30.227332070389988, 59.928851907704875 ] } },
{ "type": "Feature", "properties": { "name": "756", "role": "start" }, "geometry": { "type": "Point", "coordinates": [ 30.227485220417961, 59.929059401461856 ] } },
{ "type": "Feature", "properties": { "name": "757", "role": "start" }, "geometry": { "type": "Point", "coordinates": [ 30.227908577687913, 59.929152979314601 ] } },
{ "type": "Feature", "properties": { "name": "758", "role": "start" }, "geometry": { "type": "Point", "coordinates": [ 30.232176084749014, 59.929866594326469 ] } },
{ "type": "Feature", "properties": { "name": "759", "role": "start" }, "geometry": { "type": "Point", "coordinates": [ 30.232631101285826, 59.931177736625543 ] } },
{ "type": "Feature", "properties": { "name": "760", "role": "start" }, "geometry": { "type": "Point", "coordinates": [ 30.234280173826541, 59.929093439648227 ] } },
{ "type": "Feature", "properties": { "name": "761", "role": "start" }, "geometry": { "type": "Point", "coordinates": [ 30.234313791843991, 59.931180253627709 ] } },
{ "type": "Feature", "properties": { "name": "762", "role": "start" }, "geometry": { "type": "Point", "coordinates": [ 30.234663603291708, 59.928896452819821 ] } },
{ "type": "Feature", "properties": { "name": "763", "role": "start" }, "geometry": { "type": "Point", "coordinates": [ 30.235156925553984, 59.931799119614553 ] } },
{ "type": "Feature", "properties": { "name": "764", "role": "start" }, "geometry": { "type": "Point", "coordinates": [ 30.235374275361934, 59.931139823030747 ] } },
{ "type": "Feature", "properties": { "name": "765", "role": "start" }, "geometry": { "type": "Point", "coordinates": [ 30.235816625021858, 59.928975171423097 ] } },
{ "type": "Feature", "properties": { "name": "766", "role": "start" }, "geometry": { "type": "Point", "coordinates": [ 30.235840654067523, 59.929969169107274 ] } },
{ "type": "Feature", "properties": { "name": "767", "role": "start" }, "geometry": { "type": "Point", "coordinates": [ 30.23590765366108, 59.930682429068362 ] } },
{ "type": "Feature", "properties": { "name": "768", "role": "start" }, "geometry": { "type": "Point", "coordinates": [ 30.236406808252212, 59.929380876551981 ] } },
{ "type": "Feature", "properties": { "name": "769", "role": "start" }, "geometry": { "type": "Point", "coordinates": [ 30.229701454669765, 59.939349010715183 ] } },
{ "type": "Feature", "properties": { "name": "770", "role": "start" }, "geometry": { "type": "Point", "coordinates": [ 30.23330112501192, 59.9399424477091 ] } },
{ "type": "Feature", "properties": { "name": "771", "role": "start" }, "geometry": { "type": "Point", "coordinates": [ 30.230390336890242, 59.9398876639044 ] } },
{ "type": "Feature", "properties": { "name": "772", "role": "start" }, "geometry": { "type": "Point", "coordinates": [ 30.231683771564384, 59.939937087927838 ] } },
{ "type": "Feature", "properties": { "name": "773", "role": "start" }, "geometry": { "type": "Point", "coordinates": [ 30.227957635551682, 59.94024397631938 ] } },
{ "type": "Feature", "properties": { "name": "774", "role": "start" }, "geometry": { "type": "Point", "coordinates": [ 30.229880527632591, 59.940369358731886 ] } },
{ "type": "Feature", "properties": { "name": "775", "role": "start" }, "geometry": { "type": "Point", "coordinates": [ 30.231338347503886, 59.940704641737256 ] } },
{ "type": "Feature", "properties": { "name": "776", "role": "start" }, "geometry": { "type": "Point", "coordinates": [ 30.235838122096744, 59.940804764255446 ] } },
{ "type": "Feature", "properties": { "name": "777", "role": "start" }, "geometry": { "type": "Point", "coordinates": [ 30.228393723711953, 59.940731984113555 ] } },
{ "type": "Feature", "properties": { "name": "778", "role": "start" }, "geometry": { "type": "Point", "coordinates": [ 30.229656665104347, 59.940842980155757 ] } },
{ "type": "Feature", "properties": { "name": "779", "role": "start" }, "geometry": { "type": "Point", "coordinates": [ 30.232848406185216, 59.940931075245949 ] } },
{ "type": "Feature", "properties": { "name": "780", "role": "start" }, "geometry": { "type": "Point", "coordinates": [ 30.233744201423502, 59.941003979650773 ] } },
{ "type": "Feature", "properties": { "name": "781", "role": "start" }, "geometry": { "type": "Point", "coordinates": [ 30.234610500254764, 59.941101870439248 ] } },
{ "type": "Feature", "properties": { "name": "782", "role": "start" }, "geometry": { "type": "Point", "coordinates": [ 30.233867953114228, 59.941590094916151 ] } },
{ "type": "Feature", "properties": { "name": "783", "role": "start" }, "geometry": { "type": "Point", "coordinates": [ 30.238102075243454, 59.941944589803285 ] } },
{ "type": "Feature", "properties": { "name": "784", "role": "start" }, "geometry": { "type": "Point", "coordinates": [ 30.234791968842401, 59.941907443344277 ] } },
{ "type": "Feature", "properties": { "name": "785", "role": "start" }, "geometry": { "type": "Point", "coordinates": [ 30.235534271222171, 59.942034532490041 ] } },
{ "type": "Feature", "properties": { "name": "786", "role": "start" }, "geometry": { "type": "Point", "coordinates": [ 30.236291243842039, 59.942194234802919 ] } },
{ "type": "Feature", "properties": { "name": "787", "role": "start" }, "geometry": { "type": "Point", "coordinates": [ 30.233585222054298, 59.942154470707784 ] } },
{ "type": "Feature", "properties": { "name": "788", "role": "start" }, "geometry": { "type": "Point", "coordinates": [ 30.232277839188988, 59.942241709710565 ] } },
{ "type": "Feature", "properties": { "name": "789", "role": "start" }, "geometry": { "type": "Point", "coordinates": [ 30.236963441436586, 59.942426654643008 ] } },
{ "type": "Feature", "properties": { "name": "790", "role": "start" }, "geometry": { "type": "Point", "coordinates": [ 30.23411330928192, 59.942670507100587 ] } },
{ "type": "Feature", "properties": { "name": "791", "role": "start" }, "geometry": { "type": "Point", "coordinates": [ 30.235536429007588, 59.942729794049775 ] } },
{ "type": "Feature", "properties": { "name": "792", "role": "start" }, "geometry": { "type": "Point", "coordinates": [ 30.232943154503857, 59.942809502770366 ] } },
{ "type": "Feature", "properties": { "name": "793", "role": "start" }, "geometry": { "type": "Point", "coordinates": [ 30.234283199689418, 59.943090650635554 ] } },
{ "type": "Feature", "properties": { "name": "794", "role": "start" }, "geometry": { "type": "Point", "coordinates": [ 30.236436547685365, 59.943274004735713 ] } },
{ "type": "Feature", "properties": { "name": "795", "role": "start" }, "geometry": { "type": "Point", "coordinates": [ 30.238457289442685, 59.943460804265221 ] } },
{ "type": "Feature", "properties": { "name": "796", "role": "start" }, "geometry": { "type": "Point", "coordinates": [ 30.235650384808647, 59.94344880821567 ] } },
{ "type": "Feature", "properties": { "name": "797", "role": "start" }, "geometry": { "type": "Point", "coordinates": [ 30.236897576663726, 59.94385457123586 ] } },
{ "type": "Feature", "properties": { "name": "798", "role": "start" }, "geometry": { "type": "Point", "coordinates": [ 30.237786713578593, 59.939761175932148 ] } },
{ "type": "Feature", "properties": { "name": "799", "role": "start" }, "geometry": { "type": "Point", "coordinates": [ 30.237289435483444, 59.943113223404559 ] } },
{ "type": "Feature", "properties": { "name": "800", "role": "start" }, "geometry": { "type": "Point", "coordinates": [ 30.23856106430733, 59.942928880495117 ] } },
{ "type": "Feature", "properties": { "name": "801", "role": "start" }, "geometry": { "type": "Point", "coordinates": [ 30.237974967357278, 59.942497073480226 ] } },
{ "type": "Feature", "properties": { "name": "802", "role": "start" }, "geometry": { "type": "Point", "coordinates": [ 30.238919777711516, 59.942194021010891 ] } },
{ "type": "Feature", "properties": { "name": "803", "role": "start" }, "geometry": { "type": "Point", "coordinates": [ 30.239714164847484, 59.942443793310353 ] } },
{ "type": "Feature", "properties": { "name": "804", "role": "start" }, "geometry": { "type": "Point", "coordinates": [ 30.240763697888699, 59.94159848867104 ] } },
{ "type": "Feature", "properties": { "name": "805", "role": "start" }, "geometry": { "type": "Point", "coordinates": [ 30.238185662250988, 59.940381623097245 ] } },
{ "type": "Feature", "properties": { "name": "806", "role": "start" }, "geometry": { "type": "Point", "coordinates": [ 30.237685209514513, 59.941344218049807 ] } },
{ "type": "Feature", "properties": { "name": "807", "role": "start" }, "geometry": { "type": "Point", "coordinates": [ 30.236885157735781, 59.940950807872504 ] } },
{ "type": "Feature", "properties": { "name": "808", "role": "start" }, "geometry": { "type": "Point", "coordinates": [ 30.237901755636052, 59.943924193098539 ] } },
{ "type": "Feature", "properties": { "name": "809", "role": "start" }, "geometry": { "type": "Point", "coordinates": [ 30.2390380697232, 59.94117814756909 ] } },
{ "type": "Feature", "properties": { "name": "810", "role": "start" }, "geometry": { "type": "Point", "coordinates": [ 30.239909960928923, 59.94187039985173 ] } },
{ "type": "Feature", "properties": { "name": "811", "role": "start" }, "geometry": { "type": "Point", "coordinates": [ 30.229999310297877, 59.934071039918358 ] } },
{ "type": "Feature", "properties": { "name": "812", "role": "start" }, "geometry": { "type": "Point", "coordinates": [ 30.230324068635394, 59.933681202448575 ] } },
{ "type": "Feature", "properties": { "name": "813", "role": "start" }, "geometry": { "type": "Point", "coordinates": [ 30.231067227950078, 59.933732181076849 ] } },
{ "type": "Feature", "properties": { "name": "814", "role": "start" }, "geometry": { "type": "Point", "coordinates": [ 30.231144825701946, 59.934620287010098 ] } },
{ "type": "Feature", "properties": { "name": "815", "role": "start" }, "geometry": { "type": "Point", "coordinates": [ 30.231254671405196, 59.934187335597642 ] } },
{ "type": "Feature", "properties": { "name": "816", "role": "start" }, "geometry": { "type": "Point", "coordinates": [ 30.231597499408643, 59.934726925017308 ] } },
{ "type": "Feature", "properties": { "name": "817", "role": "start" }, "geometry": { "type": "Point", "coordinates": [ 30.232072448951833, 59.934396728956024 ] } },
{ "type": "Feature", "properties": { "name": "818", "role": "start" }, "geometry": { "type": "Point", "coordinates": [ 30.232411259277228, 59.933635891577104 ] } },
{ "type": "Feature", "properties": { "name": "819", "role": "start" }, "geometry": { "type": "Point", "coordinates": [ 30.232360503223553, 59.934746222926975 ] } },
{ "type": "Feature", "properties": { "name": "820", "role": "start" }, "geometry": { "type": "Point", "coordinates": [ 30.232299453251596, 59.936746550894078 ] } },
{ "type": "Feature", "properties": { "name": "821", "role": "start" }, "geometry": { "type": "Point", "coordinates": [ 30.232578501321001, 59.93566063824337 ] } },
{ "type": "Feature", "properties": { "name": "822", "role": "start" }, "geometry": { "type": "Point", "coordinates": [ 30.232814882710088, 59.934339625553115 ] } },
{ "type": "Feature", "properties": { "name": "823", "role": "start" }, "geometry": { "type": "Point", "coordinates": [ 30.232874548895794, 59.935548899090001 ] } },
{ "type": "Feature", "properties": { "name": "824", "role": "start" }, "geometry": { "type": "Point", "coordinates": [ 30.23365420463676, 59.931891392359063 ] } },
{ "type": "Feature", "properties": { "name": "825", "role": "start" }, "geometry": { "type": "Point", "coordinates": [ 30.233574297639915, 59.936055287239228 ] } },
{ "type": "Feature", "properties": { "name": "826", "role": "start" }, "geometry": { "type": "Point", "coordinates": [ 30.233972154355737, 59.935154708319665 ] } },
{ "type": "Feature", "properties": { "name": "827", "role": "start" }, "geometry": { "type": "Point", "coordinates": [ 30.232029276680539, 59.934748343176274 ] } },
{ "type": "Feature", "properties": { "name": "828", "role": "start" }, "geometry": { "type": "Point", "coordinates": [ 30.232058488899277, 59.935104547257374 ] } },
{ "type": "Feature", "properties": { "name": "829", "role": "start" }, "geometry": { "type": "Point", "coordinates": [ 30.231084865253656, 59.935171064530081 ] } },
{ "type": "Feature", "properties": { "name": "830", "role": "start" }, "geometry": { "type": "Point", "coordinates": [ 30.23272576853396, 59.935234997511607 ] } },
{ "type": "Feature", "properties": { "name": "831", "role": "start" }, "geometry": { "type": "Point", "coordinates": [ 30.23154664739895, 59.935311223068823 ] } },
{ "type": "Feature", "properties": { "name": "832", "role": "start" }, "geometry": { "type": "Point", "coordinates": [ 30.232112799484302, 59.935372162679016 ] } },
{ "type": "Feature", "properties": { "name": "833", "role": "start" }, "geometry": { "type": "Point", "coordinates": [ 30.232867391433427, 59.935399352760825 ] } },
{ "type": "Feature", "properties": { "name": "834", "role": "start" }, "geometry": { "type": "Point", "coordinates": [ 30.237252227084728, 59.93633579930259 ] } },
{ "type": "Feature", "properties": { "name": "835", "role": "start" }, "geometry": { "type": "Point", "coordinates": [ 30.234936493198663, 59.936403855971292 ] } },
{ "type": "Feature", "properties": { "name": "836", "role": "start" }, "geometry": { "type": "Point", "coordinates": [ 30.237670097868829, 59.936701126144243 ] } },
{ "type": "Feature", "properties": { "name": "837", "role": "start" }, "geometry": { "type": "Point", "coordinates": [ 30.23693098139276, 59.936969801193541 ] } },
{ "type": "Feature", "properties": { "name": "838", "role": "start" }, "geometry": { "type": "Point", "coordinates": [ 30.234950345930628, 59.937285795646211 ] } },
{ "type": "Feature", "properties": { "name": "839", "role": "start" }, "geometry": { "type": "Point", "coordinates": [ 30.237044978916476, 59.937499920282029 ] } },
{ "type": "Feature", "properties": { "name": "840", "role": "start" }, "geometry": { "type": "Point", "coordinates": [ 30.235744137107719, 59.937940378245848 ] } },
{ "type": "Feature", "properties": { "name": "841", "role": "start" }, "geometry": { "type": "Point", "coordinates": [ 30.234291317152966, 59.938027448681702 ] } },
{ "type": "Feature", "properties": { "name": "842", "role": "start" }, "geometry": { "type": "Point", "coordinates": [ 30.237009578315845, 59.938284110984 ] } },
{ "type": "Feature", "properties": { "name": "843", "role": "start" }, "geometry": { "type": "Point", "coordinates": [ 30.237909229569571, 59.938560180156173 ] } },
{ "type": "Feature", "properties": { "name": "844", "role": "start" }, "geometry": { "type": "Point", "coordinates": [ 30.234983689680529, 59.938579827941936 ] } },
{ "type": "Feature", "properties": { "name": "845", "role": "start" }, "geometry": { "type": "Point", "coordinates": [ 30.238648455854527, 59.938732478342367 ] } },
{ "type": "Feature", "properties": { "name": "846", "role": "start" }, "geometry": { "type": "Point", "coordinates": [ 30.235968605795676, 59.938694725682453 ] } },
{ "type": "Feature", "properties": { "name": "847", "role": "start" }, "geometry": { "type": "Point", "coordinates": [ 30.231433765713184, 59.938604265987102 ] } },
{ "type": "Feature", "properties": { "name": "848", "role": "start" }, "geometry": { "type": "Point", "coordinates": [ 30.23224549608344, 59.938756714683201 ] } },
{ "type": "Feature", "properties": { "name": "849", "role": "start" }, "geometry": { "type": "Point", "coordinates": [ 30.233817266733535, 59.939051697124931 ] } },
{ "type": "Feature", "properties": { "name": "850", "role": "start" }, "geometry": { "type": "Point", "coordinates": [ 30.236578737143006, 59.939363710052952 ] } },
{ "type": "Feature", "properties": { "name": "851", "role": "start" }, "geometry": { "type": "Point", "coordinates": [ 30.238065443725855, 59.938127777489811 ] } },
{ "type": "Feature", "properties": { "name": "852", "role": "start" }, "geometry": { "type": "Point", "coordinates": [ 30.23840129519213, 59.936843046595634 ] } },
{ "type": "Feature", "properties": { "name": "853", "role": "start" }, "geometry": { "type": "Point", "coordinates": [ 30.238302089153102, 59.938607066081396 ] } },
{ "type": "Feature", "properties": { "name": "854", "role": "start" }, "geometry": { "type": "Point", "coordinates": [ 30.23876626986592, 59.938416486935601 ] } },
{ "type": "Feature", "properties": { "name": "855", "role": "start" }, "geometry": { "type": "Point", "coordinates": [ 30.238899054499427, 59.93809942879242 ] } },
{ "type": "Feature", "properties": { "name": "856", "role": "start" }, "geometry": { "type": "Point", "coordinates": [ 30.239373082863739, 59.93753095993997 ] } },
{ "type": "Feature", "properties": { "name": "857", "role": "start" }, "geometry": { "type": "Point", "coordinates": [ 30.23930019208364, 59.938308919453334 ] } },
{ "type": "Feature", "properties": { "name": "858", "role": "start" }, "geometry": { "type": "Point", "coordinates": [ 30.239779221018264, 59.936810181982402 ] } },
{ "type": "Feature", "properties": { "name": "859", "role": "start" }, "geometry": { "type": "Point", "coordinates": [ 30.240588489325599, 59.937099177407347 ] } },
{ "type": "Feature", "properties": { "name": "860", "role": "start" }, "geometry": { "type": "Point", "coordinates": [ 30.240752333152738, 59.936735694382428 ] } },
{ "type": "Feature", "properties": { "name": "861", "role": "start" }, "geometry": { "type": "Point", "coordinates": [ 30.241196451856343, 59.937811810195477 ] } },
{ "type": "Feature", "properties": { "name": "862", "role": "start" }, "geometry": { "type": "Point", "coordinates": [ 30.241468672585274, 59.937392525479709 ] } },
{ "type": "Feature", "properties": { "name": "863", "role": "start" }, "geometry": { "type": "Point", "coordinates": [ 30.241952574862857, 59.937848393032247 ] } },
{ "type": "Feature", "properties": { "name": "864", "role": "start" }, "geometry": { "type": "Point", "coordinates": [ 30.238261765413089, 59.938369989335094 ] } },
{ "type": "Feature", "properties": { "name": "865", "role": "start" }, "geometry": { "type": "Point", "coordinates": [ 30.238340354146445, 59.938794375215842 ] } },
{ "type": "Feature", "properties": { "name": "866", "role": "start" }, "geometry": { "type": "Point", "coordinates": [ 30.238414939208347, 59.938292912447004 ] } },
{ "type": "Feature", "properties": { "name": "867", "role": "start" }, "geometry": { "type": "Point", "coordinates": [ 30.238351890661008, 59.938467807980608 ] } },
{ "type": "Feature", "properties": { "name": "868", "role": "start" }, "geometry": { "type": "Point", "coordinates": [ 30.242867798581237, 59.937842821787598 ] } },
{ "type": "Feature", "properties": { "name": "869", "role": "start" }, "geometry": { "type": "Point", "coordinates": [ 30.244287524684257, 59.937286240620139 ] } },
{ "type": "Feature", "properties": { "name": "870", "role": "start" }, "geometry": { "type": "Point", "coordinates": [ 30.245818283993138, 59.936918589652279 ] } },
{ "type": "Feature", "properties": { "name": "871", "role": "start" }, "geometry": { "type": "Point", "coordinates": [ 30.246987342233361, 59.937782685101411 ] } },
{ "type": "Feature", "properties": { "name": "872", "role": "start" }, "geometry": { "type": "Point", "coordinates": [ 30.246638445847537, 59.93658026748335 ] } },
{ "type": "Feature", "properties": { "name": "873", "role": "start" }, "geometry": { "type": "Point", "coordinates": [ 30.247287401289579, 59.936935454307054 ] } },
{ "type": "Feature", "properties": { "name": "874", "role": "start" }, "geometry": { "type": "Point", "coordinates": [ 30.248055595443169, 59.937233271310625 ] } },
{ "type": "Feature", "properties": { "name": "875", "role": "start" }, "geometry": { "type": "Point", "coordinates": [ 30.248304647799056, 59.937675455848499 ] } },
{ "type": "Feature", "properties": { "name": "876", "role": "start" }, "geometry": { "type": "Point", "coordinates": [ 30.249083942304839, 59.937671301976749 ] } },
{ "type": "Feature", "properties": { "name": "877", "role": "start" }, "geometry": { "type": "Point", "coordinates": [ 30.251871334068149, 59.936749167708136 ] } },
{ "type": "Feature", "properties": { "name": "878", "role": "start" }, "geometry": { "type": "Point", "coordinates": [ 30.252250466216612, 59.937733402612785 ] } },
{ "type": "Feature", "properties": { "name": "879", "role": "start" }, "geometry": { "type": "Point", "coordinates": [ 30.234307960735521, 59.926842363917736 ] } },
{ "type": "Feature", "properties": { "name": "880", "role": "start" }, "geometry": { "type": "Point", "coordinates": [ 30.234899500035869, 59.926043196369712 ] } },
{ "type": "Feature", "properties": { "name": "881", "role": "start" }, "geometry": { "type": "Point", "coordinates": [ 30.235410239053753, 59.927591895284188 ] } },
{ "type": "Feature", "properties": { "name": "882", "role": "start" }, "geometry": { "type": "Point", "coordinates": [ 30.236190238858576, 59.927969193428041 ] } },
{ "type": "Feature", "properties": { "name": "883", "role": "start" }, "geometry": { "type": "Point", "coordinates": [ 30.236325591464343, 59.927639472650107 ] } },
{ "type": "Feature", "properties": { "name": "884", "role": "start" }, "geometry": { "type": "Point", "coordinates": [ 30.236713738707017, 59.926997257164814 ] } },
{ "type": "Feature", "properties": { "name": "885", "role": "start" }, "geometry": { "type": "Point", "coordinates": [ 30.237388487774474, 59.927064660950272 ] } },
{ "type": "Feature", "properties": { "name": "886", "role": "start" }, "geometry": { "type": "Point", "coordinates": [ 30.23737668052097, 59.927288199467455 ] } },
{ "type": "Feature", "properties": { "name": "887", "role": "start" }, "geometry": { "type": "Point", "coordinates": [ 30.239290037780155, 59.924997281377628 ] } },
{ "type": "Feature", "properties": { "name": "888", "role": "start" }, "geometry": { "type": "Point", "coordinates": [ 30.239658640186267, 59.924951359918332 ] } },
{ "type": "Feature", "properties": { "name": "889", "role": "start" }, "geometry": { "type": "Point", "coordinates": [ 30.239691323835835, 59.925149561191475 ] } },
{ "type": "Feature", "properties": { "name": "890", "role": "start" }, "geometry": { "type": "Point", "coordinates": [ 30.239717555998372, 59.926234056400325 ] } },
{ "type": "Feature", "properties": { "name": "891", "role": "start" }, "geometry": { "type": "Point", "coordinates": [ 30.240246865104812, 59.925334427249034 ] } },
{ "type": "Feature", "properties": { "name": "892", "role": "start" }, "geometry": { "type": "Point", "coordinates": [ 30.240786173179689, 59.925259195134743 ] } },
{ "type": "Feature", "properties": { "name": "893", "role": "start" }, "geometry": { "type": "Point", "coordinates": [ 30.240961243561696, 59.925553432098845 ] } },
{ "type": "Feature", "properties": { "name": "894", "role": "start" }, "geometry": { "type": "Point", "coordinates": [ 30.240908765315492, 59.928231804746325 ] } },
{ "type": "Feature", "properties": { "name": "895", "role": "start" }, "geometry": { "type": "Point", "coordinates": [ 30.241210592297101, 59.927271812430988 ] } },
{ "type": "Feature", "properties": { "name": "896", "role": "start" }, "geometry": { "type": "Point", "coordinates": [ 30.24152418176698, 59.92580600446189 ] } },
{ "type": "Feature", "properties": { "name": "897", "role": "start" }, "geometry": { "type": "Point", "coordinates": [ 30.241433546601513, 59.927628215259162 ] } },
{ "type": "Feature", "properties": { "name": "898", "role": "start" }, "geometry": { "type": "Point", "coordinates": [ 30.241698614259285, 59.925092094759854 ] } },
{ "type": "Feature", "properties": { "name": "899", "role": "start" }, "geometry": { "type": "Point", "coordinates": [ 30.241592200247773, 59.927490036910427 ] } },
{ "type": "Feature", "properties": { "name": "900", "role": "start" }, "geometry": { "type": "Point", "coordinates": [ 30.241567522100933, 59.928365931219552 ] } },
{ "type": "Feature", "properties": { "name": "901", "role": "start" }, "geometry": { "type": "Point", "coordinates": [ 30.241817391410311, 59.926141074347697 ] } },
{ "type": "Feature", "properties": { "name": "902", "role": "start" }, "geometry": { "type": "Point", "coordinates": [ 30.241724368992898, 59.927243279144221 ] } },
{ "type": "Feature", "properties": { "name": "903", "role": "start" }, "geometry": { "type": "Point", "coordinates": [ 30.236057443396106, 59.928303936800482 ] } },
{ "type": "Feature", "properties": { "name": "904", "role": "start" }, "geometry": { "type": "Point", "coordinates": [ 30.23705158402019, 59.929229184814645 ] } },
{ "type": "Feature", "properties": { "name": "905", "role": "start" }, "geometry": { "type": "Point", "coordinates": [ 30.237635473308742, 59.93043445359212 ] } },
{ "type": "Feature", "properties": { "name": "906", "role": "start" }, "geometry": { "type": "Point", "coordinates": [ 30.239836319099144, 59.93009553902592 ] } },
{ "type": "Feature", "properties": { "name": "907", "role": "start" }, "geometry": { "type": "Point", "coordinates": [ 30.239963346272074, 59.93031147550218 ] } },
{ "type": "Feature", "properties": { "name": "908", "role": "start" }, "geometry": { "type": "Point", "coordinates": [ 30.240316036098001, 59.9291592869167 ] } },
{ "type": "Feature", "properties": { "name": "909", "role": "start" }, "geometry": { "type": "Point", "coordinates": [ 30.240433267481784, 59.928731626873379 ] } },
{ "type": "Feature", "properties": { "name": "910", "role": "start" }, "geometry": { "type": "Point", "coordinates": [ 30.240445056292966, 59.929762330317807 ] } },
{ "type": "Feature", "properties": { "name": "911", "role": "start" }, "geometry": { "type": "Point", "coordinates": [ 30.240515272054097, 59.930188205491305 ] } },
{ "type": "Feature", "properties": { "name": "912", "role": "start" }, "geometry": { "type": "Point", "coordinates": [ 30.240542220452667, 59.930509154310272 ] } },
{ "type": "Feature", "properties": { "name": "913", "role": "start" }, "geometry": { "type": "Point", "coordinates": [ 30.240763490012242, 59.928510668836708 ] } },
{ "type": "Feature", "properties": { "name": "914", "role": "start" }, "geometry": { "type": "Point", "coordinates": [ 30.240900829619978, 59.928953112638204 ] } },
{ "type": "Feature", "properties": { "name": "915", "role": "start" }, "geometry": { "type": "Point", "coordinates": [ 30.241145624846659, 59.929306351435621 ] } },
{ "type": "Feature", "properties": { "name": "916", "role": "start" }, "geometry": { "type": "Point", "coordinates": [ 30.241271397788751, 59.930459375435078 ] } },
{ "type": "Feature", "properties": { "name": "917", "role": "start" }, "geometry": { "type": "Point", "coordinates": [ 30.241864089365304, 59.930321551932323 ] } },
{ "type": "Feature", "properties": { "name": "918", "role": "start" }, "geometry": { "type": "Point", "coordinates": [ 30.241975922262171, 59.929072392047544 ] } },
{ "type": "Feature", "properties": { "name": "919", "role": "start" }, "geometry": { "type": "Point", "coordinates": [ 30.242437961056243, 59.929538190839025 ] } },
{ "type": "Feature", "properties": { "name": "920", "role": "start" }, "geometry": { "type": "Point", "coordinates": [ 30.242832912809426, 59.9305338530828 ] } },
{ "type": "Feature", "properties": { "name": "921", "role": "start" }, "geometry": { "type": "Point", "coordinates": [ 30.243265872916595, 59.930234948760578 ] } },
{ "type": "Feature", "properties": { "name": "922", "role": "start" }, "geometry": { "type": "Point", "coordinates": [ 30.243642211091025, 59.929269115073353 ] } },
{ "type": "Feature", "properties": { "name": "923", "role": "start" }, "geometry": { "type": "Point", "coordinates": [ 30.244110221319954, 59.92979851585082 ] } },
{ "type": "Feature", "properties": { "name": "924", "role": "start" }, "geometry": { "type": "Point", "coordinates": [ 30.243841077098889, 59.930283901334477 ] } },
{ "type": "Feature", "properties": { "name": "925", "role": "start" }, "geometry": { "type": "Point", "coordinates": [ 30.241175141997861, 59.934089942396824 ] } },
{ "type": "Feature", "properties": { "name": "926", "role": "start" }, "geometry": { "type": "Point", "coordinates": [ 30.236797545741922, 59.93402294834474 ] } },
{ "type": "Feature", "properties": { "name": "927", "role": "start" }, "geometry": { "type": "Point", "coordinates": [ 30.238296743324689, 59.934108657291198 ] } },
{ "type": "Feature", "properties": { "name": "928", "role": "start" }, "geometry": { "type": "Point", "coordinates": [ 30.23588962794036, 59.934254545608709 ] } },
{ "type": "Feature", "properties": { "name": "929", "role": "start" }, "geometry": { "type": "Point", "coordinates": [ 30.238452004377113, 59.93442782960588 ] } },
{ "type": "Feature", "properties": { "name": "930", "role": "start" }, "geometry": { "type": "Point", "coordinates": [ 30.239646633412416, 59.93449780908378 ] } },
{ "type": "Feature", "properties": { "name": "931", "role": "start" }, "geometry": { "type": "Point", "coordinates": [ 30.237630303890736, 59.934472535701062 ] } },
{ "type": "Feature", "properties": { "name": "932", "role": "start" }, "geometry": { "type": "Point", "coordinates": [ 30.240831799162695, 59.934556979495767 ] } },
{ "type": "Feature", "properties": { "name": "933", "role": "start" }, "geometry": { "type": "Point", "coordinates": [ 30.241637556462905, 59.934621300208498 ] } },
{ "type": "Feature", "properties": { "name": "934", "role": "start" }, "geometry": { "type": "Point", "coordinates": [ 30.239990759314633, 59.934650734485608 ] } },
{ "type": "Feature", "properties": { "name": "935", "role": "start" }, "geometry": { "type": "Point", "coordinates": [ 30.239228736095384, 59.934662916155034 ] } },
{ "type": "Feature", "properties": { "name": "936", "role": "start" }, "geometry": { "type": "Point", "coordinates": [ 30.240106776112537, 59.934908649448111 ] } },
{ "type": "Feature", "properties": { "name": "937", "role": "start" }, "geometry": { "type": "Point", "coordinates": [ 30.23820232912664, 59.934895111271096 ] } },
{ "type": "Feature", "properties": { "name": "938", "role": "start" }, "geometry": { "type": "Point", "coordinates": [ 30.241098620162425, 59.934974608252027 ] } },
{ "type": "Feature", "properties": { "name": "939", "role": "start" }, "geometry": { "type": "Point", "coordinates": [ 30.242225320979973, 59.93501091007785 ] } },
{ "type": "Feature", "properties": { "name": "940", "role": "start" }, "geometry": { "type": "Point", "coordinates": [ 30.239846597930125, 59.935095408165424 ] } },
{ "type": "Feature", "properties": { "name": "941", "role": "start" }, "geometry": { "type": "Point", "coordinates": [ 30.236293826237148, 59.935095388327312 ] } },
{ "type": "Feature", "properties": { "name": "942", "role": "start" }, "geometry": { "type": "Point", "coordinates": [ 30.235516614248084, 59.935297026835322 ] } },
{ "type": "Feature", "properties": { "name": "943", "role": "start" }, "geometry": { "type": "Point", "coordinates": [ 30.240834681181958, 59.935880405404191 ] } },
{ "type": "Feature", "properties": { "name": "944", "role": "start" }, "geometry": { "type": "Point", "coordinates": [ 30.242051569689213, 59.935991775507446 ] } },
{ "type": "Feature", "properties": { "name": "945", "role": "start" }, "geometry": { "type": "Point", "coordinates": [ 30.242386900822627, 59.934747333735302 ] } },
{ "type": "Feature", "properties": { "name": "946", "role": "start" }, "geometry": { "type": "Point", "coordinates": [ 30.242830495573905, 59.934799609756141 ] } },
{ "type": "Feature", "properties": { "name": "947", "role": "start" }, "geometry": { "type": "Point", "coordinates": [ 30.242834337813601, 59.936116262349564 ] } },
{ "type": "Feature", "properties": { "name": "948", "role": "start" }, "geometry": { "type": "Point", "coordinates": [ 30.242917725415214, 59.935411199166289 ] } },
{ "type": "Feature", "properties": { "name": "949", "role": "start" }, "geometry": { "type": "Point", "coordinates": [ 30.243420630658303, 59.934848380092639 ] } },
{ "type": "Feature", "properties": { "name": "950", "role": "start" }, "geometry": { "type": "Point", "coordinates": [ 30.243789210026748, 59.936166255548557 ] } },
{ "type": "Feature", "properties": { "name": "951", "role": "start" }, "geometry": { "type": "Point", "coordinates": [ 30.24426510704706, 59.934985899928883 ] } },
{ "type": "Feature", "properties": { "name": "952", "role": "start" }, "geometry": { "type": "Point", "coordinates": [ 30.24597604757863, 59.93493870241349 ] } },
{ "type": "Feature", "properties": { "name": "953", "role": "start" }, "geometry": { "type": "Point", "coordinates": [ 30.246099518212663, 59.933983841517708 ] } },
{ "type": "Feature", "properties": { "name": "954", "role": "start" }, "geometry": { "type": "Point", "coordinates": [ 30.246254487603711, 59.936062625534255 ] } },
{ "type": "Feature", "properties": { "name": "955", "role": "start" }, "geometry": { "type": "Point", "coordinates": [ 30.246940913305878, 59.935704704312016 ] } },
{ "type": "Feature", "properties": { "name": "956", "role": "start" }, "geometry": { "type": "Point", "coordinates": [ 30.24695717031911, 59.936194285604167 ] } },
{ "type": "Feature", "properties": { "name": "957", "role": "start" }, "geometry": { "type": "Point", "coordinates": [ 30.247542855376025, 59.936080059203263 ] } },
{ "type": "Feature", "properties": { "name": "958", "role": "start" }, "geometry": { "type": "Point", "coordinates": [ 30.24993236090166, 59.933464118740901 ] } },
{ "type": "Feature", "properties": { "name": "959", "role": "start" }, "geometry": { "type": "Point", "coordinates": [ 30.244901090707192, 59.933775050966787 ] } },
{ "type": "Feature", "properties": { "name": "960", "role": "start" }, "geometry": { "type": "Point", "coordinates": [ 30.247489731152204, 59.933584757419858 ] } },
{ "type": "Feature", "properties": { "name": "961", "role": "start" }, "geometry": { "type": "Point", "coordinates": [ 30.236664403570671, 59.932555334386613 ] } },
{ "type": "Feature", "properties": { "name": "962", "role": "start" }, "geometry": { "type": "Point", "coordinates": [ 30.236634762317781, 59.932914423093649 ] } },
{ "type": "Feature", "properties": { "name": "963", "role": "start" }, "geometry": { "type": "Point", "coordinates": [ 30.236898532445409, 59.932219534826231 ] } },
{ "type": "Feature", "properties": { "name": "964", "role": "start" }, "geometry": { "type": "Point", "coordinates": [ 30.236940684330037, 59.931908751349617 ] } },
{ "type": "Feature", "properties": { "name": "965", "role": "start" }, "geometry": { "type": "Point", "coordinates": [ 30.237342088387347, 59.931502344205263 ] } },
{ "type": "Feature", "properties": { "name": "966", "role": "start" }, "geometry": { "type": "Point", "coordinates": [ 30.237386247040568, 59.931037916801799 ] } },
{ "type": "Feature", "properties": { "name": "967", "role": "start" }, "geometry": { "type": "Point", "coordinates": [ 30.237911206920945, 59.931116909288257 ] } },
{ "type": "Feature", "properties": { "name": "968", "role": "start" }, "geometry": { "type": "Point", "coordinates": [ 30.238586929163908, 59.9306109797784 ] } },
{ "type": "Feature", "properties": { "name": "969", "role": "start" }, "geometry": { "type": "Point", "coordinates": [ 30.238406628026599, 59.933294192486045 ] } },
{ "type": "Feature", "properties": { "name": "970", "role": "start" }, "geometry": { "type": "Point", "coordinates": [ 30.23844312423665, 59.932965188059868 ] } },
{ "type": "Feature", "properties": { "name": "971", "role": "start" }, "geometry": { "type": "Point", "coordinates": [ 30.23897367068356, 59.932664998827818 ] } },
{ "type": "Feature", "properties": { "name": "972", "role": "start" }, "geometry": { "type": "Point", "coordinates": [ 30.239066500123471, 59.933285147110489 ] } },
{ "type": "Feature", "properties": { "name": "973", "role": "start" }, "geometry": { "type": "Point", "coordinates": [ 30.239173640486193, 59.933005692227042 ] } },
{ "type": "Feature", "properties": { "name": "974", "role": "start" }, "geometry": { "type": "Point", "coordinates": [ 30.239441295651627, 59.93072856243105 ] } },
{ "type": "Feature", "properties": { "name": "975", "role": "start" }, "geometry": { "type": "Point", "coordinates": [ 30.239604587818139, 59.931427220759481 ] } },
{ "type": "Feature", "properties": { "name": "976", "role": "start" }, "geometry": { "type": "Point", "coordinates": [ 30.239852768368745, 59.93100559926841 ] } },
{ "type": "Feature", "properties": { "name": "977", "role": "start" }, "geometry": { "type": "Point", "coordinates": [ 30.240023547215575, 59.931101128604688 ] } },
{ "type": "Feature", "properties": { "name": "978", "role": "start" }, "geometry": { "type": "Point", "coordinates": [ 30.239985577499116, 59.933068633857026 ] } },
{ "type": "Feature", "properties": { "name": "979", "role": "start" }, "geometry": { "type": "Point", "coordinates": [ 30.240291730968202, 59.930726467645613 ] } },
{ "type": "Feature", "properties": { "name": "980", "role": "start" }, "geometry": { "type": "Point", "coordinates": [ 30.240285269412901, 59.931058702987684 ] } },
{ "type": "Feature", "properties": { "name": "981", "role": "start" }, "geometry": { "type": "Point", "coordinates": [ 30.24022913226543, 59.932576033857842 ] } },
{ "type": "Feature", "properties": { "name": "982", "role": "start" }, "geometry": { "type": "Point", "coordinates": [ 30.241091449052721, 59.930787210766688 ] } },
{ "type": "Feature", "properties": { "name": "983", "role": "start" }, "geometry": { "type": "Point", "coordinates": [ 30.241139927306953, 59.93261828468129 ] } },
{ "type": "Feature", "properties": { "name": "984", "role": "start" }, "geometry": { "type": "Point", "coordinates": [ 30.241705101436558, 59.931251396051749 ] } },
{ "type": "Feature", "properties": { "name": "985", "role": "start" }, "geometry": { "type": "Point", "coordinates": [ 30.242062269449836, 59.93081321353521 ] } },
{ "type": "Feature", "properties": { "name": "986", "role": "start" }, "geometry": { "type": "Point", "coordinates": [ 30.24239595931115, 59.931422478241672 ] } },
{ "type": "Feature", "properties": { "name": "987", "role": "start" }, "geometry": { "type": "Point", "coordinates": [ 30.242636901021619, 59.932017353301099 ] } },
{ "type": "Feature", "properties": { "name": "988", "role": "start" }, "geometry": { "type": "Point", "coordinates": [ 30.242838572689006, 59.930975714359221 ] } },
{ "type": "Feature", "properties": { "name": "989", "role": "start" }, "geometry": { "type": "Point", "coordinates": [ 30.239039183906655, 59.940008631798555 ] } },
{ "type": "Feature", "properties": { "name": "990", "role": "start" }, "geometry": { "type": "Point", "coordinates": [ 30.23976270971475, 59.938783517574194 ] } },
{ "type": "Feature", "properties": { "name": "991", "role": "start" }, "geometry": { "type": "Point", "coordinates": [ 30.239858457732524, 59.939712809421351 ] } },
{ "type": "Feature", "properties": { "name": "992", "role": "start" }, "geometry": { "type": "Point", "coordinates": [ 30.240238234801641, 59.940281600636894 ] } },
{ "type": "Feature", "properties": { "name": "993", "role": "start" }, "geometry": { "type": "Point", "coordinates": [ 30.240700971710588, 59.939027384653933 ] } },
{ "type": "Feature", "properties": { "name": "994", "role": "start" }, "geometry": { "type": "Point", "coordinates": [ 30.24095687219663, 59.939591900426656 ] } },
{ "type": "Feature", "properties": { "name": "995", "role": "start" }, "geometry": { "type": "Point", "coordinates": [ 30.241716271386153, 59.940735371864896 ] } },
{ "type": "Feature", "properties": { "name": "996", "role": "start" }, "geometry": { "type": "Point", "coordinates": [ 30.242167549252358, 59.939567406967178 ] } },
{ "type": "Feature", "properties": { "name": "997", "role": "start" }, "geometry": { "type": "Point", "coordinates": [ 30.242636449670815, 59.93858422132849 ] } },
{ "type": "Feature", "properties": { "name": "998", "role": "start" }, "geometry": { "type": "Point", "coordinates": [ 30.242586513527034, 59.940112146892922 ] } },
{ "type": "Feature", "properties": { "name": "999", "role": "start" }, "geometry": { "type": "Point", "coordinates": [ 30.242696209484428, 59.939092254425553 ] } },
{ "type": "Feature", "properties": { "name": "1000", "role": "start" }, "geometry": { "type": "Point", "coordinates": [ 30.243306532228697, 59.939525650212474 ] } },
{ "type": "Feature", "properties": { "name": "1001", "role": "start" }, "geometry": { "type": "Point", "coordinates": [ 30.24842072512072, 59.939043490620186 ] } },
{ "type": "Feature", "properties": { "name": "1002", "role": "start" }, "geometry": { "type": "Point", "coordinates": [ 30.249770681205931, 59.939702219071727 ] } },
{ "type": "Feature", "properties": { "name": "1003", "role": "start" }, "geometry": { "type": "Point", "coordinates": [ 30.241594662423005, 59.939065506838922 ] } },
{ "type": "Feature", "properties": { "name": "1004", "role": "start" }, "geometry": { "type": "Point", "coordinates": [ 30.249971053704584, 59.938816884462739 ] } },
{ "type": "Feature", "properties": { "name": "1005", "role": "start" }, "geometry": { "type": "Point", "coordinates": [ 30.250153043522609, 59.939315902819082 ] } },
{ "type": "Feature", "properties": { "name": "1006", "role": "start" }, "geometry": { "type": "Point", "coordinates": [ 30.250365564555626, 59.939397832744945 ] } },
{ "type": "Feature", "properties": { "name": "1007", "role": "start" }, "geometry": { "type": "Point", "coordinates": [ 30.23931358265823, 59.938647988415831 ] } },
{ "type": "Feature", "properties": { "name": "1008", "role": "start" }, "geometry": { "type": "Point", "coordinates": [ 30.240665896091546, 59.938378860125226 ] } },
{ "type": "Feature", "properties": { "name": "1009", "role": "start" }, "geometry": { "type": "Point", "coordinates": [ 30.239161576332275, 59.938612973848514 ] } },
{ "type": "Feature", "properties": { "name": "1010", "role": "start" }, "geometry": { "type": "Point", "coordinates": [ 30.243216265314004, 59.938933947472002 ] } },
{ "type": "Feature", "properties": { "name": "1011", "role": "start" }, "geometry": { "type": "Point", "coordinates": [ 30.244201806433288, 59.938255479592286 ] } },
{ "type": "Feature", "properties": { "name": "1012", "role": "start" }, "geometry": { "type": "Point", "coordinates": [ 30.246454570900852, 59.938728702035661 ] } },
{ "type": "Feature", "properties": { "name": "1013", "role": "start" }, "geometry": { "type": "Point", "coordinates": [ 30.247027065315375, 59.938909005679932 ] } },
{ "type": "Feature", "properties": { "name": "1014", "role": "start" }, "geometry": { "type": "Point", "coordinates": [ 30.247198137823233, 59.938733763807093 ] } },
{ "type": "Feature", "properties": { "name": "1015", "role": "start" }, "geometry": { "type": "Point", "coordinates": [ 30.247426800644703, 59.938442612016438 ] } },
{ "type": "Feature", "properties": { "name": "1016", "role": "start" }, "geometry": { "type": "Point", "coordinates": [ 30.247337564434229, 59.939037201906686 ] } },
{ "type": "Feature", "properties": { "name": "1017", "role": "start" }, "geometry": { "type": "Point", "coordinates": [ 30.247544756137682, 59.938289303636488 ] } },
{ "type": "Feature", "properties": { "name": "1018", "role": "start" }, "geometry": { "type": "Point", "coordinates": [ 30.249117543662813, 59.938615976585247 ] } },
{ "type": "Feature", "properties": { "name": "1019", "role": "start" }, "geometry": { "type": "Point", "coordinates": [ 30.246886775794987, 59.938852102812376 ] } },
{ "type": "Feature", "properties": { "name": "1020", "role": "start" }, "geometry": { "type": "Point", "coordinates": [ 30.252475963484173, 59.938283171211779 ] } },
{ "type": "Feature", "properties": { "name": "1021", "role": "start" }, "geometry": { "type": "Point", "coordinates": [ 30.251715579077988, 59.938538766808954 ] } },
{ "type": "Feature", "properties": { "name": "1022", "role": "start" }, "geometry": { "type": "Point", "coordinates": [ 30.252867481920351, 59.938761976622224 ] } },
{ "type": "Feature", "properties": { "name": "1023", "role": "start" }, "geometry": { "type": "Point", "coordinates": [ 30.253164721575029, 59.938395651930648 ] } },
{ "type": "Feature", "properties": { "name": "1024", "role": "start" }, "geometry": { "type": "Point", "coordinates": [ 30.242127292311718, 59.924108724689496 ] } },
{ "type": "Feature", "properties": { "name": "1025", "role": "start" }, "geometry": { "type": "Point", "coordinates": [ 30.242184718224422, 59.923697247557953 ] } },
{ "type": "Feature", "properties": { "name": "1026", "role": "start" }, "geometry": { "type": "Point", "coordinates": [ 30.242932068844937, 59.924231666805362 ] } },
{ "type": "Feature", "properties": { "name": "1027", "role": "start" }, "geometry": { "type": "Point", "coordinates": [ 30.24652781528582, 59.923668798944014 ] } },
{ "type": "Feature", "properties": { "name": "1028", "role": "start" }, "geometry": { "type": "Point", "coordinates": [ 30.246849105670588, 59.92390069722336 ] } },
{ "type": "Feature", "properties": { "name": "1029", "role": "start" }, "geometry": { "type": "Point", "coordinates": [ 30.24710336226396, 59.922281024717513 ] } },
{ "type": "Feature", "properties": { "name": "1030", "role": "start" }, "geometry": { "type": "Point", "coordinates": [ 30.247100960733764, 59.923600768527045 ] } },
{ "type": "Feature", "properties": { "name": "1031", "role": "start" }, "geometry": { "type": "Point", "coordinates": [ 30.247299100296001, 59.922331510412761 ] } },
{ "type": "Feature", "properties": { "name": "1032", "role": "start" }, "geometry": { "type": "Point", "coordinates": [ 30.247321855112489, 59.923483243781533 ] } },
{ "type": "Feature", "properties": { "name": "1033", "role": "start" }, "geometry": { "type": "Point", "coordinates": [ 30.247535781716092, 59.922980724181286 ] } },
{ "type": "Feature", "properties": { "name": "1034", "role": "start" }, "geometry": { "type": "Point", "coordinates": [ 30.247446412768948, 59.92420564114262 ] } },
{ "type": "Feature", "properties": { "name": "1035", "role": "start" }, "geometry": { "type": "Point", "coordinates": [ 30.247901869192681, 59.922342323187777 ] } },
{ "type": "Feature", "properties": { "name": "1036", "role": "start" }, "geometry": { "type": "Point", "coordinates": [ 30.247909165062641, 59.922730224960347 ] } },
{ "type": "Feature", "properties": { "name": "1037", "role": "start" }, "geometry": { "type": "Point", "coordinates": [ 30.247974275489995, 59.923601234437037 ] } },
{ "type": "Feature", "properties": { "name": "1038", "role": "start" }, "geometry": { "type": "Point", "coordinates": [ 30.248012785466035, 59.923029865011507 ] } },
{ "type": "Feature", "properties": { "name": "1039", "role": "start" }, "geometry": { "type": "Point", "coordinates": [ 30.247998479878596, 59.92408664924384 ] } },
{ "type": "Feature", "properties": { "name": "1040", "role": "start" }, "geometry": { "type": "Point", "coordinates": [ 30.24840642296915, 59.923621952506238 ] } },
{ "type": "Feature", "properties": { "name": "1041", "role": "start" }, "geometry": { "type": "Point", "coordinates": [ 30.248727767777599, 59.921918073885728 ] } },
{ "type": "Feature", "properties": { "name": "1042", "role": "start" }, "geometry": { "type": "Point", "coordinates": [ 30.248563212313698, 59.924516316928518 ] } },
{ "type": "Feature", "properties": { "name": "1043", "role": "start" }, "geometry": { "type": "Point", "coordinates": [ 30.249041194965216, 59.923501949465482 ] } },
{ "type": "Feature", "properties": { "name": "1044", "role": "start" }, "geometry": { "type": "Point", "coordinates": [ 30.249792677985184, 59.923445886247642 ] } },
{ "type": "Feature", "properties": { "name": "1045", "role": "start" }, "geometry": { "type": "Point", "coordinates": [ 30.250009306489844, 59.922229400688728 ] } },
{ "type": "Feature", "properties": { "name": "1046", "role": "start" }, "geometry": { "type": "Point", "coordinates": [ 30.250009306489844, 59.922229400688728 ] } },
{ "type": "Feature", "properties": { "name": "1047", "role": "start" }, "geometry": { "type": "Point", "coordinates": [ 30.250009306489844, 59.922229400688728 ] } },
{ "type": "Feature", "properties": { "name": "1048", "role": "start" }, "geometry": { "type": "Point", "coordinates": [ 30.250009306489844, 59.922229400688728 ] } },
{ "type": "Feature", "properties": { "name": "1049", "role": "start" }, "geometry": { "type": "Point", "coordinates": [ 30.250125098447796, 59.923694560264885 ] } },
{ "type": "Feature", "properties": { "name": "1050", "role": "start" }, "geometry": { "type": "Point", "coordinates": [ 30.250296286367757, 59.922639000402036 ] } },
{ "type": "Feature", "properties": { "name": "1051", "role": "start" }, "geometry": { "type": "Point", "coordinates": [ 30.250498795972202, 59.923969895897528 ] } },
{ "type": "Feature", "properties": { "name": "1052", "role": "start" }, "geometry": { "type": "Point", "coordinates": [ 30.250757992264148, 59.922969686963256 ] } },
{ "type": "Feature", "properties": { "name": "1053", "role": "start" }, "geometry": { "type": "Point", "coordinates": [ 30.25068886298336, 59.924546114552179 ] } },
{ "type": "Feature", "properties": { "name": "1054", "role": "start" }, "geometry": { "type": "Point", "coordinates": [ 30.251030522309797, 59.922715798890003 ] } },
{ "type": "Feature", "properties": { "name": "1055", "role": "start" }, "geometry": { "type": "Point", "coordinates": [ 30.25109368352647, 59.923457599640422 ] } },
{ "type": "Feature", "properties": { "name": "1056", "role": "start" }, "geometry": { "type": "Point", "coordinates": [ 30.25119991119724, 59.924391347727251 ] } },
{ "type": "Feature", "properties": { "name": "1057", "role": "start" }, "geometry": { "type": "Point", "coordinates": [ 30.250783527162948, 59.924983809765159 ] } },
{ "type": "Feature", "properties": { "name": "1058", "role": "start" }, "geometry": { "type": "Point", "coordinates": [ 30.249009348345176, 59.925137216156507 ] } },
{ "type": "Feature", "properties": { "name": "1059", "role": "start" }, "geometry": { "type": "Point", "coordinates": [ 30.249656421056251, 59.925369596885659 ] } },
{ "type": "Feature", "properties": { "name": "1060", "role": "start" }, "geometry": { "type": "Point", "coordinates": [ 30.248816426345957, 59.925481292029851 ] } },
{ "type": "Feature", "properties": { "name": "1061", "role": "start" }, "geometry": { "type": "Point", "coordinates": [ 30.249416142343126, 59.925510619846257 ] } },
{ "type": "Feature", "properties": { "name": "1062", "role": "start" }, "geometry": { "type": "Point", "coordinates": [ 30.250838968116089, 59.92627974778356 ] } },
{ "type": "Feature", "properties": { "name": "1063", "role": "start" }, "geometry": { "type": "Point", "coordinates": [ 30.249649661147437, 59.926300917556716 ] } },
{ "type": "Feature", "properties": { "name": "1064", "role": "start" }, "geometry": { "type": "Point", "coordinates": [ 30.248230352998206, 59.926709137036248 ] } },
{ "type": "Feature", "properties": { "name": "1065", "role": "start" }, "geometry": { "type": "Point", "coordinates": [ 30.243165198651393, 59.926740704671502 ] } },
{ "type": "Feature", "properties": { "name": "1066", "role": "start" }, "geometry": { "type": "Point", "coordinates": [ 30.249572490361256, 59.92718508961466 ] } },
{ "type": "Feature", "properties": { "name": "1067", "role": "start" }, "geometry": { "type": "Point", "coordinates": [ 30.242632108632606, 59.927081577341013 ] } },
{ "type": "Feature", "properties": { "name": "1068", "role": "start" }, "geometry": { "type": "Point", "coordinates": [ 30.245898443363245, 59.927285947424203 ] } },
{ "type": "Feature", "properties": { "name": "1069", "role": "start" }, "geometry": { "type": "Point", "coordinates": [ 30.250515871058838, 59.927650855749441 ] } },
{ "type": "Feature", "properties": { "name": "1070", "role": "start" }, "geometry": { "type": "Point", "coordinates": [ 30.241841847510997, 59.92782122077417 ] } },
{ "type": "Feature", "properties": { "name": "1071", "role": "start" }, "geometry": { "type": "Point", "coordinates": [ 30.243041291946259, 59.928095987307287 ] } },
{ "type": "Feature", "properties": { "name": "1072", "role": "start" }, "geometry": { "type": "Point", "coordinates": [ 30.242699958633164, 59.928328605355446 ] } },
{ "type": "Feature", "properties": { "name": "1073", "role": "start" }, "geometry": { "type": "Point", "coordinates": [ 30.243403061615204, 59.928398116483798 ] } },
{ "type": "Feature", "properties": { "name": "1074", "role": "start" }, "geometry": { "type": "Point", "coordinates": [ 30.243513148883419, 59.931319718028298 ] } },
{ "type": "Feature", "properties": { "name": "1075", "role": "start" }, "geometry": { "type": "Point", "coordinates": [ 30.243952655261136, 59.931944557796498 ] } },
{ "type": "Feature", "properties": { "name": "1076", "role": "start" }, "geometry": { "type": "Point", "coordinates": [ 30.244174014082358, 59.930672262447167 ] } },
{ "type": "Feature", "properties": { "name": "1077", "role": "start" }, "geometry": { "type": "Point", "coordinates": [ 30.244203541328911, 59.931368553831859 ] } },
{ "type": "Feature", "properties": { "name": "1078", "role": "start" }, "geometry": { "type": "Point", "coordinates": [ 30.244115762802615, 59.932395556660268 ] } },
{ "type": "Feature", "properties": { "name": "1079", "role": "start" }, "geometry": { "type": "Point", "coordinates": [ 30.244523493942939, 59.93176291449393 ] } },
{ "type": "Feature", "properties": { "name": "1080", "role": "start" }, "geometry": { "type": "Point", "coordinates": [ 30.244760300669761, 59.932183416178525 ] } },
{ "type": "Feature", "properties": { "name": "1081", "role": "start" }, "geometry": { "type": "Point", "coordinates": [ 30.244970747787402, 59.931749537038826 ] } },
{ "type": "Feature", "properties": { "name": "1082", "role": "start" }, "geometry": { "type": "Point", "coordinates": [ 30.245247234242431, 59.930829640297077 ] } },
{ "type": "Feature", "properties": { "name": "1083", "role": "start" }, "geometry": { "type": "Point", "coordinates": [ 30.245216650659795, 59.931312014960852 ] } },
{ "type": "Feature", "properties": { "name": "1084", "role": "start" }, "geometry": { "type": "Point", "coordinates": [ 30.245280528142093, 59.932887988228174 ] } },
{ "type": "Feature", "properties": { "name": "1085", "role": "start" }, "geometry": { "type": "Point", "coordinates": [ 30.245348756312911, 59.93250670795755 ] } },
{ "type": "Feature", "properties": { "name": "1086", "role": "start" }, "geometry": { "type": "Point", "coordinates": [ 30.245761917145437, 59.931724786159158 ] } },
{ "type": "Feature", "properties": { "name": "1087", "role": "start" }, "geometry": { "type": "Point", "coordinates": [ 30.246350103346536, 59.933248022009877 ] } },
{ "type": "Feature", "properties": { "name": "1088", "role": "start" }, "geometry": { "type": "Point", "coordinates": [ 30.246415207731516, 59.932865098612581 ] } },
{ "type": "Feature", "properties": { "name": "1089", "role": "start" }, "geometry": { "type": "Point", "coordinates": [ 30.246445331756462, 59.932631639882736 ] } },
{ "type": "Feature", "properties": { "name": "1090", "role": "start" }, "geometry": { "type": "Point", "coordinates": [ 30.246643034297044, 59.931868200995787 ] } },
{ "type": "Feature", "properties": { "name": "1091", "role": "start" }, "geometry": { "type": "Point", "coordinates": [ 30.247679971121379, 59.932376077312242 ] } },
{ "type": "Feature", "properties": { "name": "1092", "role": "start" }, "geometry": { "type": "Point", "coordinates": [ 30.247953563347064, 59.932799528008019 ] } },
{ "type": "Feature", "properties": { "name": "1093", "role": "start" }, "geometry": { "type": "Point", "coordinates": [ 30.248266906976003, 59.93129870049804 ] } },
{ "type": "Feature", "properties": { "name": "1094", "role": "start" }, "geometry": { "type": "Point", "coordinates": [ 30.248401761673609, 59.930885863869463 ] } },
{ "type": "Feature", "properties": { "name": "1095", "role": "start" }, "geometry": { "type": "Point", "coordinates": [ 30.248419583129831, 59.931918784223285 ] } },
{ "type": "Feature", "properties": { "name": "1096", "role": "start" }, "geometry": { "type": "Point", "coordinates": [ 30.249083474442802, 59.930759877469377 ] } },
{ "type": "Feature", "properties": { "name": "1097", "role": "start" }, "geometry": { "type": "Point", "coordinates": [ 30.249365066480102, 59.933225238965711 ] } },
{ "type": "Feature", "properties": { "name": "1098", "role": "start" }, "geometry": { "type": "Point", "coordinates": [ 30.249703347650915, 59.932798808890077 ] } },
{ "type": "Feature", "properties": { "name": "1099", "role": "start" }, "geometry": { "type": "Point", "coordinates": [ 30.250501459722194, 59.931609590986589 ] } },
{ "type": "Feature", "properties": { "name": "1100", "role": "start" }, "geometry": { "type": "Point", "coordinates": [ 30.251230750196484, 59.931192205112325 ] } },
{ "type": "Feature", "properties": { "name": "1101", "role": "start" }, "geometry": { "type": "Point", "coordinates": [ 30.251255129325134, 59.93207811602241 ] } },
{ "type": "Feature", "properties": { "name": "1102", "role": "start" }, "geometry": { "type": "Point", "coordinates": [ 30.251886556225394, 59.93088459100489 ] } },
{ "type": "Feature", "properties": { "name": "1103", "role": "start" }, "geometry": { "type": "Point", "coordinates": [ 30.252398799249924, 59.931535979111658 ] } },
{ "type": "Feature", "properties": { "name": "1104", "role": "start" }, "geometry": { "type": "Point", "coordinates": [ 30.244305119946084, 59.928524570169628 ] } },
{ "type": "Feature", "properties": { "name": "1105", "role": "start" }, "geometry": { "type": "Point", "coordinates": [ 30.244374389615544, 59.928983985176238 ] } },
{ "type": "Feature", "properties": { "name": "1106", "role": "start" }, "geometry": { "type": "Point", "coordinates": [ 30.244564594606835, 59.928303579512466 ] } },
{ "type": "Feature", "properties": { "name": "1107", "role": "start" }, "geometry": { "type": "Point", "coordinates": [ 30.244870492098745, 59.928243832216111 ] } },
{ "type": "Feature", "properties": { "name": "1108", "role": "start" }, "geometry": { "type": "Point", "coordinates": [ 30.245051899124793, 59.92956448990121 ] } },
{ "type": "Feature", "properties": { "name": "1109", "role": "start" }, "geometry": { "type": "Point", "coordinates": [ 30.245792084439664, 59.928852955694737 ] } },
{ "type": "Feature", "properties": { "name": "1110", "role": "start" }, "geometry": { "type": "Point", "coordinates": [ 30.245693285846766, 59.930305961459517 ] } },
{ "type": "Feature", "properties": { "name": "1111", "role": "start" }, "geometry": { "type": "Point", "coordinates": [ 30.245940959192136, 59.928517871806385 ] } },
{ "type": "Feature", "properties": { "name": "1112", "role": "start" }, "geometry": { "type": "Point", "coordinates": [ 30.245945541090748, 59.929638403105045 ] } },
{ "type": "Feature", "properties": { "name": "1113", "role": "start" }, "geometry": { "type": "Point", "coordinates": [ 30.245985025119026, 59.929894143566763 ] } },
{ "type": "Feature", "properties": { "name": "1114", "role": "start" }, "geometry": { "type": "Point", "coordinates": [ 30.246235398671562, 59.927970932134969 ] } },
{ "type": "Feature", "properties": { "name": "1115", "role": "start" }, "geometry": { "type": "Point", "coordinates": [ 30.246338146753896, 59.929196377182464 ] } },
{ "type": "Feature", "properties": { "name": "1116", "role": "start" }, "geometry": { "type": "Point", "coordinates": [ 30.246407550337075, 59.930561824387894 ] } },
{ "type": "Feature", "properties": { "name": "1117", "role": "start" }, "geometry": { "type": "Point", "coordinates": [ 30.246536912903544, 59.93032093228917 ] } },
{ "type": "Feature", "properties": { "name": "1118", "role": "start" }, "geometry": { "type": "Point", "coordinates": [ 30.247220781979522, 59.928449361063628 ] } },
{ "type": "Feature", "properties": { "name": "1119", "role": "start" }, "geometry": { "type": "Point", "coordinates": [ 30.247281325711757, 59.930647133199287 ] } },
{ "type": "Feature", "properties": { "name": "1120", "role": "start" }, "geometry": { "type": "Point", "coordinates": [ 30.247522708895804, 59.930267655849448 ] } },
{ "type": "Feature", "properties": { "name": "1121", "role": "start" }, "geometry": { "type": "Point", "coordinates": [ 30.247788879240591, 59.928547441885051 ] } },
{ "type": "Feature", "properties": { "name": "1122", "role": "start" }, "geometry": { "type": "Point", "coordinates": [ 30.248154109883227, 59.928695147398614 ] } },
{ "type": "Feature", "properties": { "name": "1123", "role": "start" }, "geometry": { "type": "Point", "coordinates": [ 30.248301774072516, 59.928062307686879 ] } },
{ "type": "Feature", "properties": { "name": "1124", "role": "start" }, "geometry": { "type": "Point", "coordinates": [ 30.248660852687618, 59.928842051264041 ] } },
{ "type": "Feature", "properties": { "name": "1125", "role": "start" }, "geometry": { "type": "Point", "coordinates": [ 30.248838579311794, 59.930375534119612 ] } },
{ "type": "Feature", "properties": { "name": "1126", "role": "start" }, "geometry": { "type": "Point", "coordinates": [ 30.249149834497004, 59.928242766623889 ] } },
{ "type": "Feature", "properties": { "name": "1127", "role": "start" }, "geometry": { "type": "Point", "coordinates": [ 30.249153048059718, 59.929782532250464 ] } },
{ "type": "Feature", "properties": { "name": "1128", "role": "start" }, "geometry": { "type": "Point", "coordinates": [ 30.249376015953313, 59.927935696682972 ] } },
{ "type": "Feature", "properties": { "name": "1129", "role": "start" }, "geometry": { "type": "Point", "coordinates": [ 30.249368148855197, 59.928763552680287 ] } },
{ "type": "Feature", "properties": { "name": "1130", "role": "start" }, "geometry": { "type": "Point", "coordinates": [ 30.249644540787099, 59.928443861081796 ] } },
{ "type": "Feature", "properties": { "name": "1131", "role": "start" }, "geometry": { "type": "Point", "coordinates": [ 30.249813552945518, 59.927988060389261 ] } },
{ "type": "Feature", "properties": { "name": "1132", "role": "start" }, "geometry": { "type": "Point", "coordinates": [ 30.249744877465311, 59.929103388111145 ] } },
{ "type": "Feature", "properties": { "name": "1133", "role": "start" }, "geometry": { "type": "Point", "coordinates": [ 30.249945315933051, 59.928300978536512 ] } },
{ "type": "Feature", "properties": { "name": "1134", "role": "start" }, "geometry": { "type": "Point", "coordinates": [ 30.25021822074952, 59.927761771095092 ] } },
{ "type": "Feature", "properties": { "name": "1135", "role": "start" }, "geometry": { "type": "Point", "coordinates": [ 30.250205506179199, 59.928122061508027 ] } },
{ "type": "Feature", "properties": { "name": "1136", "role": "start" }, "geometry": { "type": "Point", "coordinates": [ 30.250167533991505, 59.928665541552995 ] } },
{ "type": "Feature", "properties": { "name": "1137", "role": "start" }, "geometry": { "type": "Point", "coordinates": [ 30.250359733938222, 59.928199486718533 ] } },
{ "type": "Feature", "properties": { "name": "1138", "role": "start" }, "geometry": { "type": "Point", "coordinates": [ 30.250469769776124, 59.928172195874382 ] } },
{ "type": "Feature", "properties": { "name": "1139", "role": "start" }, "geometry": { "type": "Point", "coordinates": [ 30.25104441282156, 59.928009795861932 ] } },
{ "type": "Feature", "properties": { "name": "1140", "role": "start" }, "geometry": { "type": "Point", "coordinates": [ 30.251203484142518, 59.927866405409858 ] } },
{ "type": "Feature", "properties": { "name": "1141", "role": "start" }, "geometry": { "type": "Point", "coordinates": [ 30.251183501388915, 59.928294997411911 ] } },
{ "type": "Feature", "properties": { "name": "1142", "role": "start" }, "geometry": { "type": "Point", "coordinates": [ 30.251391525072098, 59.927958150386715 ] } },
{ "type": "Feature", "properties": { "name": "1143", "role": "start" }, "geometry": { "type": "Point", "coordinates": [ 30.251505428878929, 59.928000300502234 ] } },
{ "type": "Feature", "properties": { "name": "1144", "role": "start" }, "geometry": { "type": "Point", "coordinates": [ 30.251365951266131, 59.93049738863467 ] } },
{ "type": "Feature", "properties": { "name": "1145", "role": "start" }, "geometry": { "type": "Point", "coordinates": [ 30.251736205421857, 59.927850155180785 ] } },
{ "type": "Feature", "properties": { "name": "1146", "role": "start" }, "geometry": { "type": "Point", "coordinates": [ 30.251294518858831, 59.925378235554014 ] } },
{ "type": "Feature", "properties": { "name": "1147", "role": "start" }, "geometry": { "type": "Point", "coordinates": [ 30.251857209645024, 59.92427768285873 ] } },
{ "type": "Feature", "properties": { "name": "1148", "role": "start" }, "geometry": { "type": "Point", "coordinates": [ 30.251778798496421, 59.9259240806593 ] } },
{ "type": "Feature", "properties": { "name": "1149", "role": "start" }, "geometry": { "type": "Point", "coordinates": [ 30.251929028797601, 59.925142606060042 ] } },
{ "type": "Feature", "properties": { "name": "1150", "role": "start" }, "geometry": { "type": "Point", "coordinates": [ 30.252098161260243, 59.923893911414638 ] } },
{ "type": "Feature", "properties": { "name": "1151", "role": "start" }, "geometry": { "type": "Point", "coordinates": [ 30.252431650980267, 59.924132734644992 ] } },
{ "type": "Feature", "properties": { "name": "1152", "role": "start" }, "geometry": { "type": "Point", "coordinates": [ 30.252542680702017, 59.923027382410602 ] } },
{ "type": "Feature", "properties": { "name": "1153", "role": "start" }, "geometry": { "type": "Point", "coordinates": [ 30.252399195538494, 59.925544759494663 ] } },
{ "type": "Feature", "properties": { "name": "1154", "role": "start" }, "geometry": { "type": "Point", "coordinates": [ 30.252584799510771, 59.924397339845292 ] } },
{ "type": "Feature", "properties": { "name": "1155", "role": "start" }, "geometry": { "type": "Point", "coordinates": [ 30.252730817476298, 59.92349365317687 ] } },
{ "type": "Feature", "properties": { "name": "1156", "role": "start" }, "geometry": { "type": "Point", "coordinates": [ 30.252809651674404, 59.92495552174276 ] } },
{ "type": "Feature", "properties": { "name": "1157", "role": "start" }, "geometry": { "type": "Point", "coordinates": [ 30.252924714008831, 59.924642434673657 ] } },
{ "type": "Feature", "properties": { "name": "1158", "role": "start" }, "geometry": { "type": "Point", "coordinates": [ 30.252885195586018, 59.925955947377282 ] } },
{ "type": "Feature", "properties": { "name": "1159", "role": "start" }, "geometry": { "type": "Point", "coordinates": [ 30.253267533311771, 59.924841199337408 ] } },
{ "type": "Feature", "properties": { "name": "1160", "role": "start" }, "geometry": { "type": "Point", "coordinates": [ 30.253294218288705, 59.925113883738184 ] } },
{ "type": "Feature", "properties": { "name": "1161", "role": "start" }, "geometry": { "type": "Point", "coordinates": [ 30.253424925238303, 59.924165355881037 ] } },
{ "type": "Feature", "properties": { "name": "1162", "role": "start" }, "geometry": { "type": "Point", "coordinates": [ 30.25382714641211, 59.924658002331164 ] } },
{ "type": "Feature", "properties": { "name": "1163", "role": "start" }, "geometry": { "type": "Point", "coordinates": [ 30.253815535810009, 59.924827753098278 ] } },
{ "type": "Feature", "properties": { "name": "1164", "role": "start" }, "geometry": { "type": "Point", "coordinates": [ 30.254071610297991, 59.924746659168711 ] } },
{ "type": "Feature", "properties": { "name": "1165", "role": "start" }, "geometry": { "type": "Point", "coordinates": [ 30.254105130577983, 59.925022027417867 ] } },
{ "type": "Feature", "properties": { "name": "1166", "role": "start" }, "geometry": { "type": "Point", "coordinates": [ 30.254431340339487, 59.925553156024549 ] } },
{ "type": "Feature", "properties": { "name": "1167", "role": "start" }, "geometry": { "type": "Point", "coordinates": [ 30.251354537119372, 59.926070396817714 ] } },
{ "type": "Feature", "properties": { "name": "1168", "role": "start" }, "geometry": { "type": "Point", "coordinates": [ 30.254356088779975, 59.926254779213352 ] } },
{ "type": "Feature", "properties": { "name": "1169", "role": "start" }, "geometry": { "type": "Point", "coordinates": [ 30.253932200437465, 59.926212392191296 ] } },
{ "type": "Feature", "properties": { "name": "1170", "role": "start" }, "geometry": { "type": "Point", "coordinates": [ 30.251940182300807, 59.926387155833787 ] } },
{ "type": "Feature", "properties": { "name": "1171", "role": "start" }, "geometry": { "type": "Point", "coordinates": [ 30.252010426777169, 59.926923499785019 ] } },
{ "type": "Feature", "properties": { "name": "1172", "role": "start" }, "geometry": { "type": "Point", "coordinates": [ 30.252350685343607, 59.9264616994869 ] } },
{ "type": "Feature", "properties": { "name": "1173", "role": "start" }, "geometry": { "type": "Point", "coordinates": [ 30.251338341582528, 59.927392812899008 ] } },
{ "type": "Feature", "properties": { "name": "1174", "role": "start" }, "geometry": { "type": "Point", "coordinates": [ 30.25297281294268, 59.931845715384448 ] } },
{ "type": "Feature", "properties": { "name": "1175", "role": "start" }, "geometry": { "type": "Point", "coordinates": [ 30.252881498533071, 59.934340945622452 ] } },
{ "type": "Feature", "properties": { "name": "1176", "role": "start" }, "geometry": { "type": "Point", "coordinates": [ 30.253034572346973, 59.934144701740998 ] } },
{ "type": "Feature", "properties": { "name": "1177", "role": "start" }, "geometry": { "type": "Point", "coordinates": [ 30.25327357662956, 59.931585950325626 ] } },
{ "type": "Feature", "properties": { "name": "1178", "role": "start" }, "geometry": { "type": "Point", "coordinates": [ 30.253200344207752, 59.934742693945402 ] } },
{ "type": "Feature", "properties": { "name": "1179", "role": "start" }, "geometry": { "type": "Point", "coordinates": [ 30.253565270661539, 59.931242769451849 ] } },
{ "type": "Feature", "properties": { "name": "1180", "role": "start" }, "geometry": { "type": "Point", "coordinates": [ 30.25379691851996, 59.933778193578995 ] } },
{ "type": "Feature", "properties": { "name": "1181", "role": "start" }, "geometry": { "type": "Point", "coordinates": [ 30.25379691851996, 59.933778193578995 ] } },
{ "type": "Feature", "properties": { "name": "1182", "role": "start" }, "geometry": { "type": "Point", "coordinates": [ 30.254212644158002, 59.932304419943129 ] } },
{ "type": "Feature", "properties": { "name": "1183", "role": "start" }, "geometry": { "type": "Point", "coordinates": [ 30.255191249667945, 59.931794957945151 ] } },
{ "type": "Feature", "properties": { "name": "1184", "role": "start" }, "geometry": { "type": "Point", "coordinates": [ 30.255325125527403, 59.93205128928701 ] } },
{ "type": "Feature", "properties": { "name": "1185", "role": "start" }, "geometry": { "type": "Point", "coordinates": [ 30.256607796196771, 59.93232517458415 ] } },
{ "type": "Feature", "properties": { "name": "1186", "role": "start" }, "geometry": { "type": "Point", "coordinates": [ 30.25702113622237, 59.932522259750399 ] } },
{ "type": "Feature", "properties": { "name": "1187", "role": "start" }, "geometry": { "type": "Point", "coordinates": [ 30.254171873619939, 59.937540991826431 ] } },
{ "type": "Feature", "properties": { "name": "1188", "role": "start" }, "geometry": { "type": "Point", "coordinates": [ 30.258821548413103, 59.933697461507336 ] } },
{ "type": "Feature", "properties": { "name": "1189", "role": "start" }, "geometry": { "type": "Point", "coordinates": [ 30.251199358221513, 59.929226979319431 ] } },
{ "type": "Feature", "properties": { "name": "1190", "role": "start" }, "geometry": { "type": "Point", "coordinates": [ 30.251788083129519, 59.929267853683413 ] } },
{ "type": "Feature", "properties": { "name": "1191", "role": "start" }, "geometry": { "type": "Point", "coordinates": [ 30.252087530687206, 59.928344148982859 ] } },
{ "type": "Feature", "properties": { "name": "1192", "role": "start" }, "geometry": { "type": "Point", "coordinates": [ 30.25239027285696, 59.929893026721693 ] } },
{ "type": "Feature", "properties": { "name": "1193", "role": "start" }, "geometry": { "type": "Point", "coordinates": [ 30.252791489906741, 59.929786566610019 ] } },
{ "type": "Feature", "properties": { "name": "1194", "role": "start" }, "geometry": { "type": "Point", "coordinates": [ 30.252817968614064, 59.929405443634558 ] } },
{ "type": "Feature", "properties": { "name": "1195", "role": "start" }, "geometry": { "type": "Point", "coordinates": [ 30.253155652107594, 59.928438554440888 ] } },
{ "type": "Feature", "properties": { "name": "1196", "role": "start" }, "geometry": { "type": "Point", "coordinates": [ 30.253624789660762, 59.929750757333863 ] } },
{ "type": "Feature", "properties": { "name": "1197", "role": "start" }, "geometry": { "type": "Point", "coordinates": [ 30.254097800828664, 59.928626658635153 ] } },
{ "type": "Feature", "properties": { "name": "1198", "role": "start" }, "geometry": { "type": "Point", "coordinates": [ 30.252557151929171, 59.920552156326778 ] } },
{ "type": "Feature", "properties": { "name": "1199", "role": "start" }, "geometry": { "type": "Point", "coordinates": [ 30.253203902453837, 59.920561618845184 ] } },
{ "type": "Feature", "properties": { "name": "1200", "role": "start" }, "geometry": { "type": "Point", "coordinates": [ 30.253813535803705, 59.921022837778722 ] } },
{ "type": "Feature", "properties": { "name": "1201", "role": "start" }, "geometry": { "type": "Point", "coordinates": [ 30.254491832471658, 59.920981547454268 ] } },
{ "type": "Feature", "properties": { "name": "1202", "role": "start" }, "geometry": { "type": "Point", "coordinates": [ 30.252916995429334, 59.921434338851952 ] } },
{ "type": "Feature", "properties": { "name": "1203", "role": "start" }, "geometry": { "type": "Point", "coordinates": [ 30.254653122963486, 59.92135479183024 ] } },
{ "type": "Feature", "properties": { "name": "1204", "role": "start" }, "geometry": { "type": "Point", "coordinates": [ 30.25334127025577, 59.921780043493719 ] } },
{ "type": "Feature", "properties": { "name": "1205", "role": "start" }, "geometry": { "type": "Point", "coordinates": [ 30.252712180062293, 59.92196990042779 ] } },
{ "type": "Feature", "properties": { "name": "1206", "role": "start" }, "geometry": { "type": "Point", "coordinates": [ 30.252231295173519, 59.921990774678385 ] } },
{ "type": "Feature", "properties": { "name": "1207", "role": "start" }, "geometry": { "type": "Point", "coordinates": [ 30.254121839224254, 59.922612978860919 ] } },
{ "type": "Feature", "properties": { "name": "1208", "role": "start" }, "geometry": { "type": "Point", "coordinates": [ 30.253442640689876, 59.922717961075158 ] } },
{ "type": "Feature", "properties": { "name": "1209", "role": "start" }, "geometry": { "type": "Point", "coordinates": [ 30.253594397202388, 59.923042553740849 ] } },
{ "type": "Feature", "properties": { "name": "1210", "role": "start" }, "geometry": { "type": "Point", "coordinates": [ 30.254524562198039, 59.923966557068603 ] } },
{ "type": "Feature", "properties": { "name": "1211", "role": "start" }, "geometry": { "type": "Point", "coordinates": [ 30.25403702917583, 59.927086787800476 ] } },
{ "type": "Feature", "properties": { "name": "1212", "role": "start" }, "geometry": { "type": "Point", "coordinates": [ 30.253930489273806, 59.927211001061252 ] } },
{ "type": "Feature", "properties": { "name": "1213", "role": "start" }, "geometry": { "type": "Point", "coordinates": [ 30.258178111516408, 59.93159266799659 ] } },
{ "type": "Feature", "properties": { "name": "1214", "role": "start" }, "geometry": { "type": "Point", "coordinates": [ 30.25928814725183, 59.937319002099009 ] } },
{ "type": "Feature", "properties": { "name": "1215", "role": "start" }, "geometry": { "type": "Point", "coordinates": [ 30.259508396439337, 59.936594181862851 ] } },
{ "type": "Feature", "properties": { "name": "1216", "role": "start" }, "geometry": { "type": "Point", "coordinates": [ 30.260496904403176, 59.937062940861495 ] } },
{ "type": "Feature", "properties": { "name": "1217", "role": "start" }, "geometry": { "type": "Point", "coordinates": [ 30.261792540035202, 59.936714565061223 ] } },
{ "type": "Feature", "properties": { "name": "1218", "role": "start" }, "geometry": { "type": "Point", "coordinates": [ 30.26065377342556, 59.936634139958549 ] } },
{ "type": "Feature", "properties": { "name": "1219", "role": "start" }, "geometry": { "type": "Point", "coordinates": [ 30.260692210781283, 59.919342922142121 ] } },
{ "type": "Feature", "properties": { "name": "1220", "role": "start" }, "geometry": { "type": "Point", "coordinates": [ 30.255995860878095, 59.919412158851344 ] } },
{ "type": "Feature", "properties": { "name": "1221", "role": "start" }, "geometry": { "type": "Point", "coordinates": [ 30.257314531926834, 59.919482605055428 ] } },
{ "type": "Feature", "properties": { "name": "1222", "role": "start" }, "geometry": { "type": "Point", "coordinates": [ 30.260015096071278, 59.919580471059469 ] } },
{ "type": "Feature", "properties": { "name": "1223", "role": "start" }, "geometry": { "type": "Point", "coordinates": [ 30.260489059388025, 59.919718740153982 ] } },
{ "type": "Feature", "properties": { "name": "1224", "role": "start" }, "geometry": { "type": "Point", "coordinates": [ 30.260996186185405, 59.920193776787926 ] } },
{ "type": "Feature", "properties": { "name": "1225", "role": "start" }, "geometry": { "type": "Point", "coordinates": [ 30.260148910078058, 59.920182236750371 ] } },
{ "type": "Feature", "properties": { "name": "1226", "role": "start" }, "geometry": { "type": "Point", "coordinates": [ 30.262834790695962, 59.920258795823038 ] } },
{ "type": "Feature", "properties": { "name": "1227", "role": "start" }, "geometry": { "type": "Point", "coordinates": [ 30.256404734858705, 59.920309188813697 ] } },
{ "type": "Feature", "properties": { "name": "1228", "role": "start" }, "geometry": { "type": "Point", "coordinates": [ 30.264444025622467, 59.920497665307238 ] } },
{ "type": "Feature", "properties": { "name": "1229", "role": "start" }, "geometry": { "type": "Point", "coordinates": [ 30.26279187167933, 59.920508656715754 ] } },
{ "type": "Feature", "properties": { "name": "1230", "role": "start" }, "geometry": { "type": "Point", "coordinates": [ 30.255002994669237, 59.920543220278901 ] } },
{ "type": "Feature", "properties": { "name": "1231", "role": "start" }, "geometry": { "type": "Point", "coordinates": [ 30.261820045310049, 59.920918892516205 ] } },
{ "type": "Feature", "properties": { "name": "1232", "role": "start" }, "geometry": { "type": "Point", "coordinates": [ 30.264348791855014, 59.921111710446255 ] } },
{ "type": "Feature", "properties": { "name": "1233", "role": "start" }, "geometry": { "type": "Point", "coordinates": [ 30.259109608834724, 59.922414466994255 ] } },
{ "type": "Feature", "properties": { "name": "1234", "role": "start" }, "geometry": { "type": "Point", "coordinates": [ 30.258998591112494, 59.922568678337754 ] } },
{ "type": "Feature", "properties": { "name": "1235", "role": "start" }, "geometry": { "type": "Point", "coordinates": [ 30.254933341086904, 59.922528673812543 ] } },
{ "type": "Feature", "properties": { "name": "1236", "role": "start" }, "geometry": { "type": "Point", "coordinates": [ 30.265228362000165, 59.921624447340193 ] } },
{ "type": "Feature", "properties": { "name": "1237", "role": "start" }, "geometry": { "type": "Point", "coordinates": [ 30.262880554047378, 59.922466040302595 ] } },
{ "type": "Feature", "properties": { "name": "1238", "role": "start" }, "geometry": { "type": "Point", "coordinates": [ 30.260645056525238, 59.922118597550558 ] } },
{ "type": "Feature", "properties": { "name": "1239", "role": "start" }, "geometry": { "type": "Point", "coordinates": [ 30.26117343218376, 59.922787177684555 ] } },
{ "type": "Feature", "properties": { "name": "1240", "role": "start" }, "geometry": { "type": "Point", "coordinates": [ 30.261591762718197, 59.92225117588206 ] } },
{ "type": "Feature", "properties": { "name": "1241", "role": "start" }, "geometry": { "type": "Point", "coordinates": [ 30.264666914947597, 59.922651544052073 ] } },
{ "type": "Feature", "properties": { "name": "1242", "role": "start" }, "geometry": { "type": "Point", "coordinates": [ 30.260788396730813, 59.923334396854365 ] } },
{ "type": "Feature", "properties": { "name": "1243", "role": "start" }, "geometry": { "type": "Point", "coordinates": [ 30.263485168011879, 59.923406039191136 ] } },
{ "type": "Feature", "properties": { "name": "1244", "role": "start" }, "geometry": { "type": "Point", "coordinates": [ 30.264974804851352, 59.923698576810985 ] } },
{ "type": "Feature", "properties": { "name": "1245", "role": "start" }, "geometry": { "type": "Point", "coordinates": [ 30.259823093660874, 59.923665175123922 ] } },
{ "type": "Feature", "properties": { "name": "1246", "role": "start" }, "geometry": { "type": "Point", "coordinates": [ 30.262141506173215, 59.924038434353363 ] } },
{ "type": "Feature", "properties": { "name": "1247", "role": "start" }, "geometry": { "type": "Point", "coordinates": [ 30.260963304794277, 59.924016907760091 ] } },
{ "type": "Feature", "properties": { "name": "1248", "role": "start" }, "geometry": { "type": "Point", "coordinates": [ 30.266154817005241, 59.924345470545568 ] } },
{ "type": "Feature", "properties": { "name": "1249", "role": "start" }, "geometry": { "type": "Point", "coordinates": [ 30.262158211261134, 59.924414047181926 ] } },
{ "type": "Feature", "properties": { "name": "1250", "role": "start" }, "geometry": { "type": "Point", "coordinates": [ 30.260633132451666, 59.924424755471392 ] } },
{ "type": "Feature", "properties": { "name": "1251", "role": "start" }, "geometry": { "type": "Point", "coordinates": [ 30.264036011333658, 59.924609058805615 ] } },
{ "type": "Feature", "properties": { "name": "1252", "role": "start" }, "geometry": { "type": "Point", "coordinates": [ 30.262821549713259, 59.924596847373955 ] } },
{ "type": "Feature", "properties": { "name": "1253", "role": "start" }, "geometry": { "type": "Point", "coordinates": [ 30.263322910043122, 59.924814968629903 ] } },
{ "type": "Feature", "properties": { "name": "1254", "role": "start" }, "geometry": { "type": "Point", "coordinates": [ 30.265210959224941, 59.924918734747997 ] } },
{ "type": "Feature", "properties": { "name": "1255", "role": "start" }, "geometry": { "type": "Point", "coordinates": [ 30.266647879812133, 59.925132342098671 ] } },
{ "type": "Feature", "properties": { "name": "1256", "role": "start" }, "geometry": { "type": "Point", "coordinates": [ 30.264735007312186, 59.925315471550043 ] } },
{ "type": "Feature", "properties": { "name": "1257", "role": "start" }, "geometry": { "type": "Point", "coordinates": [ 30.259763010388454, 59.925244132948457 ] } },
{ "type": "Feature", "properties": { "name": "1258", "role": "start" }, "geometry": { "type": "Point", "coordinates": [ 30.265525760815436, 59.925667820917681 ] } },
{ "type": "Feature", "properties": { "name": "1259", "role": "start" }, "geometry": { "type": "Point", "coordinates": [ 30.264994457067377, 59.925702649462359 ] } },
{ "type": "Feature", "properties": { "name": "1260", "role": "start" }, "geometry": { "type": "Point", "coordinates": [ 30.262125438388619, 59.925663359819069 ] } },
{ "type": "Feature", "properties": { "name": "1261", "role": "start" }, "geometry": { "type": "Point", "coordinates": [ 30.266902359400085, 59.925840957326301 ] } },
{ "type": "Feature", "properties": { "name": "1262", "role": "start" }, "geometry": { "type": "Point", "coordinates": [ 30.265349105773883, 59.925825198076247 ] } },
{ "type": "Feature", "properties": { "name": "1263", "role": "start" }, "geometry": { "type": "Point", "coordinates": [ 30.262662644026641, 59.925797781013635 ] } },
{ "type": "Feature", "properties": { "name": "1264", "role": "start" }, "geometry": { "type": "Point", "coordinates": [ 30.265231217357904, 59.925928290890027 ] } },
{ "type": "Feature", "properties": { "name": "1265", "role": "start" }, "geometry": { "type": "Point", "coordinates": [ 30.263566087823101, 59.925935643552144 ] } },
{ "type": "Feature", "properties": { "name": "1266", "role": "start" }, "geometry": { "type": "Point", "coordinates": [ 30.258731347007881, 59.923182344520583 ] } },
{ "type": "Feature", "properties": { "name": "1267", "role": "start" }, "geometry": { "type": "Point", "coordinates": [ 30.256527384433461, 59.923339533120767 ] } },
{ "type": "Feature", "properties": { "name": "1268", "role": "start" }, "geometry": { "type": "Point", "coordinates": [ 30.25739594604676, 59.924309204601336 ] } },
{ "type": "Feature", "properties": { "name": "1269", "role": "start" }, "geometry": { "type": "Point", "coordinates": [ 30.254767750011183, 59.92445529628398 ] } },
{ "type": "Feature", "properties": { "name": "1270", "role": "start" }, "geometry": { "type": "Point", "coordinates": [ 30.259025982585996, 59.9247426943816 ] } },
{ "type": "Feature", "properties": { "name": "1271", "role": "start" }, "geometry": { "type": "Point", "coordinates": [ 30.257365057074814, 59.925062543102491 ] } },
{ "type": "Feature", "properties": { "name": "1272", "role": "start" }, "geometry": { "type": "Point", "coordinates": [ 30.257776794312647, 59.926336248005853 ] } },
{ "type": "Feature", "properties": { "name": "1273", "role": "start" }, "geometry": { "type": "Point", "coordinates": [ 30.257041236387799, 59.92714148830985 ] } },
{ "type": "Feature", "properties": { "name": "1274", "role": "start" }, "geometry": { "type": "Point", "coordinates": [ 30.257568289601135, 59.927577278678569 ] } },
{ "type": "Feature", "properties": { "name": "1275", "role": "start" }, "geometry": { "type": "Point", "coordinates": [ 30.258242029288279, 59.927655447876681 ] } },
{ "type": "Feature", "properties": { "name": "1276", "role": "start" }, "geometry": { "type": "Point", "coordinates": [ 30.256385977027094, 59.927916455980608 ] } },
{ "type": "Feature", "properties": { "name": "1277", "role": "start" }, "geometry": { "type": "Point", "coordinates": [ 30.255637903111143, 59.92803979733096 ] } },
{ "type": "Feature", "properties": { "name": "1278", "role": "start" }, "geometry": { "type": "Point", "coordinates": [ 30.255895944176508, 59.92810061042799 ] } },
{ "type": "Feature", "properties": { "name": "1279", "role": "start" }, "geometry": { "type": "Point", "coordinates": [ 30.258405997536197, 59.928406545562943 ] } },
{ "type": "Feature", "properties": { "name": "1280", "role": "start" }, "geometry": { "type": "Point", "coordinates": [ 30.256057123646748, 59.928370563018333 ] } },
{ "type": "Feature", "properties": { "name": "1281", "role": "start" }, "geometry": { "type": "Point", "coordinates": [ 30.255956403922596, 59.928506882881784 ] } },
{ "type": "Feature", "properties": { "name": "1282", "role": "start" }, "geometry": { "type": "Point", "coordinates": [ 30.257763565333949, 59.928666492326826 ] } },
{ "type": "Feature", "properties": { "name": "1283", "role": "start" }, "geometry": { "type": "Point", "coordinates": [ 30.255876734818578, 59.929060505993142 ] } },
{ "type": "Feature", "properties": { "name": "1284", "role": "start" }, "geometry": { "type": "Point", "coordinates": [ 30.255097207141642, 59.929386504497693 ] } },
{ "type": "Feature", "properties": { "name": "1285", "role": "start" }, "geometry": { "type": "Point", "coordinates": [ 30.258202043368794, 59.929465401347819 ] } },
{ "type": "Feature", "properties": { "name": "1286", "role": "start" }, "geometry": { "type": "Point", "coordinates": [ 30.255665788918183, 59.929666919017905 ] } },
{ "type": "Feature", "properties": { "name": "1287", "role": "start" }, "geometry": { "type": "Point", "coordinates": [ 30.257539824418796, 59.92972073289836 ] } },
{ "type": "Feature", "properties": { "name": "1288", "role": "start" }, "geometry": { "type": "Point", "coordinates": [ 30.258212526414436, 59.929843748411194 ] } },
{ "type": "Feature", "properties": { "name": "1289", "role": "start" }, "geometry": { "type": "Point", "coordinates": [ 30.256351673539093, 59.929883329080042 ] } },
{ "type": "Feature", "properties": { "name": "1290", "role": "start" }, "geometry": { "type": "Point", "coordinates": [ 30.257706663480469, 59.92995958751559 ] } },
{ "type": "Feature", "properties": { "name": "1291", "role": "start" }, "geometry": { "type": "Point", "coordinates": [ 30.256483323296003, 59.9299599929221 ] } },
{ "type": "Feature", "properties": { "name": "1292", "role": "start" }, "geometry": { "type": "Point", "coordinates": [ 30.255547697343129, 59.93015806797343 ] } },
{ "type": "Feature", "properties": { "name": "1293", "role": "start" }, "geometry": { "type": "Point", "coordinates": [ 30.256429946439397, 59.930212299353535 ] } },
{ "type": "Feature", "properties": { "name": "1294", "role": "start" }, "geometry": { "type": "Point", "coordinates": [ 30.257490676689553, 59.930314047623405 ] } },
{ "type": "Feature", "properties": { "name": "1295", "role": "start" }, "geometry": { "type": "Point", "coordinates": [ 30.256823131335352, 59.930338191354586 ] } },
{ "type": "Feature", "properties": { "name": "1296", "role": "start" }, "geometry": { "type": "Point", "coordinates": [ 30.25860795810507, 59.930427844814453 ] } },
{ "type": "Feature", "properties": { "name": "1297", "role": "start" }, "geometry": { "type": "Point", "coordinates": [ 30.257289910261022, 59.930480770695638 ] } },
{ "type": "Feature", "properties": { "name": "1298", "role": "start" }, "geometry": { "type": "Point", "coordinates": [ 30.256218293280075, 59.930650360761881 ] } },
{ "type": "Feature", "properties": { "name": "1299", "role": "start" }, "geometry": { "type": "Point", "coordinates": [ 30.255037745622282, 59.930635599738196 ] } },
{ "type": "Feature", "properties": { "name": "1300", "role": "start" }, "geometry": { "type": "Point", "coordinates": [ 30.257467397105501, 59.929350558862758 ] } },
{ "type": "Feature", "properties": { "name": "1301", "role": "start" }, "geometry": { "type": "Point", "coordinates": [ 30.257914084048075, 59.929346192830515 ] } },
{ "type": "Feature", "properties": { "name": "1302", "role": "start" }, "geometry": { "type": "Point", "coordinates": [ 30.25730019472946, 59.928537856802883 ] } },
{ "type": "Feature", "properties": { "name": "1303", "role": "start" }, "geometry": { "type": "Point", "coordinates": [ 30.257978542880771, 59.928915049494861 ] } },
{ "type": "Feature", "properties": { "name": "1304", "role": "start" }, "geometry": { "type": "Point", "coordinates": [ 30.264102707494033, 59.926280627326662 ] } },
{ "type": "Feature", "properties": { "name": "1305", "role": "start" }, "geometry": { "type": "Point", "coordinates": [ 30.263209632739752, 59.92627006547692 ] } },
{ "type": "Feature", "properties": { "name": "1306", "role": "start" }, "geometry": { "type": "Point", "coordinates": [ 30.259799873670048, 59.926204951150908 ] } },
{ "type": "Feature", "properties": { "name": "1307", "role": "start" }, "geometry": { "type": "Point", "coordinates": [ 30.262414402889394, 59.9262727538894 ] } },
{ "type": "Feature", "properties": { "name": "1308", "role": "start" }, "geometry": { "type": "Point", "coordinates": [ 30.260796928852159, 59.926314723193272 ] } },
{ "type": "Feature", "properties": { "name": "1309", "role": "start" }, "geometry": { "type": "Point", "coordinates": [ 30.26469800087358, 59.92663285846961 ] } },
{ "type": "Feature", "properties": { "name": "1310", "role": "start" }, "geometry": { "type": "Point", "coordinates": [ 30.264034882496386, 59.926616574425879 ] } },
{ "type": "Feature", "properties": { "name": "1311", "role": "start" }, "geometry": { "type": "Point", "coordinates": [ 30.262079349132549, 59.926579995952501 ] } },
{ "type": "Feature", "properties": { "name": "1312", "role": "start" }, "geometry": { "type": "Point", "coordinates": [ 30.265217599891777, 59.926855675687463 ] } },
{ "type": "Feature", "properties": { "name": "1313", "role": "start" }, "geometry": { "type": "Point", "coordinates": [ 30.262724732494181, 59.927028142129679 ] } },
{ "type": "Feature", "properties": { "name": "1314", "role": "start" }, "geometry": { "type": "Point", "coordinates": [ 30.261104319978994, 59.92700545066711 ] } },
{ "type": "Feature", "properties": { "name": "1315", "role": "start" }, "geometry": { "type": "Point", "coordinates": [ 30.259822393159723, 59.926982601405307 ] } },
{ "type": "Feature", "properties": { "name": "1316", "role": "start" }, "geometry": { "type": "Point", "coordinates": [ 30.263590765153086, 59.927189322082171 ] } },
{ "type": "Feature", "properties": { "name": "1317", "role": "start" }, "geometry": { "type": "Point", "coordinates": [ 30.263148988270753, 59.927616457898196 ] } },
{ "type": "Feature", "properties": { "name": "1318", "role": "start" }, "geometry": { "type": "Point", "coordinates": [ 30.264472703522365, 59.927710154214296 ] } },
{ "type": "Feature", "properties": { "name": "1319", "role": "start" }, "geometry": { "type": "Point", "coordinates": [ 30.263658017052002, 59.927703500242082 ] } },
{ "type": "Feature", "properties": { "name": "1320", "role": "start" }, "geometry": { "type": "Point", "coordinates": [ 30.261707412974339, 59.927669043124126 ] } },
{ "type": "Feature", "properties": { "name": "1321", "role": "start" }, "geometry": { "type": "Point", "coordinates": [ 30.262447312627835, 59.927766204535537 ] } },
{ "type": "Feature", "properties": { "name": "1322", "role": "start" }, "geometry": { "type": "Point", "coordinates": [ 30.264044065738343, 59.92789241837847 ] } },
{ "type": "Feature", "properties": { "name": "1323", "role": "start" }, "geometry": { "type": "Point", "coordinates": [ 30.259921037105471, 59.927861922353671 ] } },
{ "type": "Feature", "properties": { "name": "1324", "role": "start" }, "geometry": { "type": "Point", "coordinates": [ 30.261233958173563, 59.927986006230668 ] } },
{ "type": "Feature", "properties": { "name": "1325", "role": "start" }, "geometry": { "type": "Point", "coordinates": [ 30.264196456467083, 59.928736010910576 ] } },
{ "type": "Feature", "properties": { "name": "1326", "role": "start" }, "geometry": { "type": "Point", "coordinates": [ 30.265312662542655, 59.928820044365509 ] } },
{ "type": "Feature", "properties": { "name": "1327", "role": "start" }, "geometry": { "type": "Point", "coordinates": [ 30.265850643408275, 59.928999820726027 ] } },
{ "type": "Feature", "properties": { "name": "1328", "role": "start" }, "geometry": { "type": "Point", "coordinates": [ 30.266231457083979, 59.928806872893297 ] } },
{ "type": "Feature", "properties": { "name": "1329", "role": "start" }, "geometry": { "type": "Point", "coordinates": [ 30.26602755503281, 59.929109582976501 ] } },
{ "type": "Feature", "properties": { "name": "1330", "role": "start" }, "geometry": { "type": "Point", "coordinates": [ 30.264759889533838, 59.929306646992025 ] } },
{ "type": "Feature", "properties": { "name": "1331", "role": "start" }, "geometry": { "type": "Point", "coordinates": [ 30.259180694574958, 59.928824503066174 ] } },
{ "type": "Feature", "properties": { "name": "1332", "role": "start" }, "geometry": { "type": "Point", "coordinates": [ 30.262682659261515, 59.929580124072899 ] } },
{ "type": "Feature", "properties": { "name": "1333", "role": "start" }, "geometry": { "type": "Point", "coordinates": [ 30.260239445009862, 59.929534941738424 ] } },
{ "type": "Feature", "properties": { "name": "1334", "role": "start" }, "geometry": { "type": "Point", "coordinates": [ 30.26113919306589, 59.928749952695654 ] } },
{ "type": "Feature", "properties": { "name": "1335", "role": "start" }, "geometry": { "type": "Point", "coordinates": [ 30.264051861072854, 59.928116658449277 ] } },
{ "type": "Feature", "properties": { "name": "1336", "role": "start" }, "geometry": { "type": "Point", "coordinates": [ 30.26457312265623, 59.930040405319538 ] } },
{ "type": "Feature", "properties": { "name": "1337", "role": "start" }, "geometry": { "type": "Point", "coordinates": [ 30.265991437894197, 59.9293822715304 ] } },
{ "type": "Feature", "properties": { "name": "1338", "role": "start" }, "geometry": { "type": "Point", "coordinates": [ 30.266495543651274, 59.9298475929779 ] } },
{ "type": "Feature", "properties": { "name": "1339", "role": "start" }, "geometry": { "type": "Point", "coordinates": [ 30.266480815397106, 59.929358612877451 ] } },
{ "type": "Feature", "properties": { "name": "1340", "role": "start" }, "geometry": { "type": "Point", "coordinates": [ 30.267137891892531, 59.929166256308434 ] } },
{ "type": "Feature", "properties": { "name": "1341", "role": "start" }, "geometry": { "type": "Point", "coordinates": [ 30.267708369355869, 59.930150799808025 ] } },
{ "type": "Feature", "properties": { "name": "1342", "role": "start" }, "geometry": { "type": "Point", "coordinates": [ 30.267883863895158, 59.929491990250135 ] } },
{ "type": "Feature", "properties": { "name": "1343", "role": "start" }, "geometry": { "type": "Point", "coordinates": [ 30.268517858349302, 59.929995474407455 ] } },
{ "type": "Feature", "properties": { "name": "1344", "role": "start" }, "geometry": { "type": "Point", "coordinates": [ 30.269100999190002, 59.928632799044031 ] } },
{ "type": "Feature", "properties": { "name": "1345", "role": "start" }, "geometry": { "type": "Point", "coordinates": [ 30.266942706652465, 59.92895664962839 ] } },
{ "type": "Feature", "properties": { "name": "1346", "role": "start" }, "geometry": { "type": "Point", "coordinates": [ 30.266732988899051, 59.928916302246485 ] } },
{ "type": "Feature", "properties": { "name": "1347", "role": "start" }, "geometry": { "type": "Point", "coordinates": [ 30.266509413433305, 59.928869165111024 ] } },
{ "type": "Feature", "properties": { "name": "1348", "role": "start" }, "geometry": { "type": "Point", "coordinates": [ 30.26653607613445, 59.929230232468342 ] } },
{ "type": "Feature", "properties": { "name": "1349", "role": "start" }, "geometry": { "type": "Point", "coordinates": [ 30.267981648923147, 59.928586924833709 ] } },
{ "type": "Feature", "properties": { "name": "1350", "role": "start" }, "geometry": { "type": "Point", "coordinates": [ 30.258527246914312, 59.931733002880613 ] } },
{ "type": "Feature", "properties": { "name": "1351", "role": "start" }, "geometry": { "type": "Point", "coordinates": [ 30.258747173093521, 59.931370519827311 ] } },
{ "type": "Feature", "properties": { "name": "1352", "role": "start" }, "geometry": { "type": "Point", "coordinates": [ 30.25918989014626, 59.93062944636457 ] } },
{ "type": "Feature", "properties": { "name": "1353", "role": "start" }, "geometry": { "type": "Point", "coordinates": [ 30.259256208045684, 59.930495489283643 ] } },
{ "type": "Feature", "properties": { "name": "1354", "role": "start" }, "geometry": { "type": "Point", "coordinates": [ 30.25940796110293, 59.931635715035704 ] } },
{ "type": "Feature", "properties": { "name": "1355", "role": "start" }, "geometry": { "type": "Point", "coordinates": [ 30.259607748401283, 59.931067718575385 ] } },
{ "type": "Feature", "properties": { "name": "1356", "role": "start" }, "geometry": { "type": "Point", "coordinates": [ 30.259666363063811, 59.930695772699536 ] } },
{ "type": "Feature", "properties": { "name": "1357", "role": "start" }, "geometry": { "type": "Point", "coordinates": [ 30.260156440102385, 59.93126522361235 ] } },
{ "type": "Feature", "properties": { "name": "1358", "role": "start" }, "geometry": { "type": "Point", "coordinates": [ 30.260250734602948, 59.931942271635343 ] } },
{ "type": "Feature", "properties": { "name": "1359", "role": "start" }, "geometry": { "type": "Point", "coordinates": [ 30.260221018965325, 59.933154144363513 ] } },
{ "type": "Feature", "properties": { "name": "1360", "role": "start" }, "geometry": { "type": "Point", "coordinates": [ 30.261445270237097, 59.931248923261045 ] } },
{ "type": "Feature", "properties": { "name": "1361", "role": "start" }, "geometry": { "type": "Point", "coordinates": [ 30.261781385949853, 59.930364371705259 ] } },
{ "type": "Feature", "properties": { "name": "1362", "role": "start" }, "geometry": { "type": "Point", "coordinates": [ 30.262340687053801, 59.931246582530079 ] } },
{ "type": "Feature", "properties": { "name": "1363", "role": "start" }, "geometry": { "type": "Point", "coordinates": [ 30.26251203943588, 59.931052730916107 ] } },
{ "type": "Feature", "properties": { "name": "1364", "role": "start" }, "geometry": { "type": "Point", "coordinates": [ 30.262932702368001, 59.931435815110099 ] } },
{ "type": "Feature", "properties": { "name": "1365", "role": "start" }, "geometry": { "type": "Point", "coordinates": [ 30.263329958349306, 59.931119210563139 ] } },
{ "type": "Feature", "properties": { "name": "1366", "role": "start" }, "geometry": { "type": "Point", "coordinates": [ 30.263575958005621, 59.932119660057339 ] } },
{ "type": "Feature", "properties": { "name": "1367", "role": "start" }, "geometry": { "type": "Point", "coordinates": [ 30.263909753459295, 59.931178974658863 ] } },
{ "type": "Feature", "properties": { "name": "1368", "role": "start" }, "geometry": { "type": "Point", "coordinates": [ 30.26400382576891, 59.930876982336947 ] } },
{ "type": "Feature", "properties": { "name": "1369", "role": "start" }, "geometry": { "type": "Point", "coordinates": [ 30.264105714968348, 59.932852523395262 ] } },
{ "type": "Feature", "properties": { "name": "1370", "role": "start" }, "geometry": { "type": "Point", "coordinates": [ 30.264734429019853, 59.931075672984861 ] } },
{ "type": "Feature", "properties": { "name": "1371", "role": "start" }, "geometry": { "type": "Point", "coordinates": [ 30.264823255918639, 59.93198127076684 ] } },
{ "type": "Feature", "properties": { "name": "1372", "role": "start" }, "geometry": { "type": "Point", "coordinates": [ 30.264890760595154, 59.932615351611666 ] } },
{ "type": "Feature", "properties": { "name": "1373", "role": "start" }, "geometry": { "type": "Point", "coordinates": [ 30.265052933893703, 59.931136313999893 ] } },
{ "type": "Feature", "properties": { "name": "1374", "role": "start" }, "geometry": { "type": "Point", "coordinates": [ 30.265125717218286, 59.932398045104087 ] } },
{ "type": "Feature", "properties": { "name": "1375", "role": "start" }, "geometry": { "type": "Point", "coordinates": [ 30.265125717218286, 59.932398045104087 ] } },
{ "type": "Feature", "properties": { "name": "1376", "role": "start" }, "geometry": { "type": "Point", "coordinates": [ 30.265455908204526, 59.930456322806997 ] } },
{ "type": "Feature", "properties": { "name": "1377", "role": "start" }, "geometry": { "type": "Point", "coordinates": [ 30.265429478428199, 59.930840308955226 ] } },
{ "type": "Feature", "properties": { "name": "1378", "role": "start" }, "geometry": { "type": "Point", "coordinates": [ 30.265353726001958, 59.93267788891464 ] } },
{ "type": "Feature", "properties": { "name": "1379", "role": "start" }, "geometry": { "type": "Point", "coordinates": [ 30.265516531027089, 59.93147389022954 ] } },
{ "type": "Feature", "properties": { "name": "1380", "role": "start" }, "geometry": { "type": "Point", "coordinates": [ 30.265634901308889, 59.931912272066434 ] } },
{ "type": "Feature", "properties": { "name": "1381", "role": "start" }, "geometry": { "type": "Point", "coordinates": [ 30.265615029680518, 59.932824376593828 ] } },
{ "type": "Feature", "properties": { "name": "1382", "role": "start" }, "geometry": { "type": "Point", "coordinates": [ 30.260805540444906, 59.933560763246007 ] } },
{ "type": "Feature", "properties": { "name": "1383", "role": "start" }, "geometry": { "type": "Point", "coordinates": [ 30.260190795428858, 59.933645016640178 ] } },
{ "type": "Feature", "properties": { "name": "1384", "role": "start" }, "geometry": { "type": "Point", "coordinates": [ 30.260888257033525, 59.93386435276738 ] } },
{ "type": "Feature", "properties": { "name": "1385", "role": "start" }, "geometry": { "type": "Point", "coordinates": [ 30.259310762412056, 59.933864323389578 ] } },
{ "type": "Feature", "properties": { "name": "1386", "role": "start" }, "geometry": { "type": "Point", "coordinates": [ 30.259903162593471, 59.934124807033953 ] } },
{ "type": "Feature", "properties": { "name": "1387", "role": "start" }, "geometry": { "type": "Point", "coordinates": [ 30.260205634767722, 59.934765443345903 ] } },
{ "type": "Feature", "properties": { "name": "1388", "role": "start" }, "geometry": { "type": "Point", "coordinates": [ 30.259643199494793, 59.934838463032207 ] } },
{ "type": "Feature", "properties": { "name": "1389", "role": "start" }, "geometry": { "type": "Point", "coordinates": [ 30.258278614948072, 59.935004746455625 ] } },
{ "type": "Feature", "properties": { "name": "1390", "role": "start" }, "geometry": { "type": "Point", "coordinates": [ 30.260291597858213, 59.935193730205697 ] } },
{ "type": "Feature", "properties": { "name": "1391", "role": "start" }, "geometry": { "type": "Point", "coordinates": [ 30.257949824102312, 59.935381241892067 ] } },
{ "type": "Feature", "properties": { "name": "1392", "role": "start" }, "geometry": { "type": "Point", "coordinates": [ 30.259833847862033, 59.935521909357412 ] } },
{ "type": "Feature", "properties": { "name": "1393", "role": "start" }, "geometry": { "type": "Point", "coordinates": [ 30.258685452275458, 59.935532507252027 ] } },
{ "type": "Feature", "properties": { "name": "1394", "role": "start" }, "geometry": { "type": "Point", "coordinates": [ 30.259369683812533, 59.935765717090959 ] } },
{ "type": "Feature", "properties": { "name": "1395", "role": "start" }, "geometry": { "type": "Point", "coordinates": [ 30.260385614872092, 59.935839490833168 ] } },
{ "type": "Feature", "properties": { "name": "1396", "role": "start" }, "geometry": { "type": "Point", "coordinates": [ 30.258308791393716, 59.935848766841751 ] } },
{ "type": "Feature", "properties": { "name": "1397", "role": "start" }, "geometry": { "type": "Point", "coordinates": [ 30.258822915409933, 59.935943119843266 ] } },
{ "type": "Feature", "properties": { "name": "1398", "role": "start" }, "geometry": { "type": "Point", "coordinates": [ 30.26604529924111, 59.931759187269705 ] } },
{ "type": "Feature", "properties": { "name": "1399", "role": "start" }, "geometry": { "type": "Point", "coordinates": [ 30.266272698433724, 59.93153573921682 ] } },
{ "type": "Feature", "properties": { "name": "1400", "role": "start" }, "geometry": { "type": "Point", "coordinates": [ 30.266396186259936, 59.930791251908566 ] } },
{ "type": "Feature", "properties": { "name": "1401", "role": "start" }, "geometry": { "type": "Point", "coordinates": [ 30.266305371809572, 59.932912817411385 ] } },
{ "type": "Feature", "properties": { "name": "1402", "role": "start" }, "geometry": { "type": "Point", "coordinates": [ 30.266560814813886, 59.933457078708088 ] } },
{ "type": "Feature", "properties": { "name": "1403", "role": "start" }, "geometry": { "type": "Point", "coordinates": [ 30.266801393888102, 59.931066595453899 ] } },
{ "type": "Feature", "properties": { "name": "1404", "role": "start" }, "geometry": { "type": "Point", "coordinates": [ 30.266796212262651, 59.931349775924687 ] } },
{ "type": "Feature", "properties": { "name": "1405", "role": "start" }, "geometry": { "type": "Point", "coordinates": [ 30.266846679206367, 59.931835680986808 ] } },
{ "type": "Feature", "properties": { "name": "1406", "role": "start" }, "geometry": { "type": "Point", "coordinates": [ 30.2668199468106, 59.932476161190479 ] } },
{ "type": "Feature", "properties": { "name": "1407", "role": "start" }, "geometry": { "type": "Point", "coordinates": [ 30.267199515426437, 59.930565085714662 ] } },
{ "type": "Feature", "properties": { "name": "1408", "role": "start" }, "geometry": { "type": "Point", "coordinates": [ 30.267253264480441, 59.932002113826471 ] } },
{ "type": "Feature", "properties": { "name": "1409", "role": "start" }, "geometry": { "type": "Point", "coordinates": [ 30.267492088354537, 59.931374597093061 ] } },
{ "type": "Feature", "properties": { "name": "1410", "role": "start" }, "geometry": { "type": "Point", "coordinates": [ 30.267883767938319, 59.930624476619982 ] } },
{ "type": "Feature", "properties": { "name": "1411", "role": "start" }, "geometry": { "type": "Point", "coordinates": [ 30.267763959814648, 59.933421588188189 ] } },
{ "type": "Feature", "properties": { "name": "1412", "role": "start" }, "geometry": { "type": "Point", "coordinates": [ 30.267950240762659, 59.931103070132728 ] } },
{ "type": "Feature", "properties": { "name": "1413", "role": "start" }, "geometry": { "type": "Point", "coordinates": [ 30.268119678187581, 59.933113911182282 ] } },
{ "type": "Feature", "properties": { "name": "1414", "role": "start" }, "geometry": { "type": "Point", "coordinates": [ 30.268144137236771, 59.932927422930121 ] } },
{ "type": "Feature", "properties": { "name": "1415", "role": "start" }, "geometry": { "type": "Point", "coordinates": [ 30.268351994296665, 59.933334437956596 ] } },
{ "type": "Feature", "properties": { "name": "1416", "role": "start" }, "geometry": { "type": "Point", "coordinates": [ 30.26893286666883, 59.930640864193386 ] } },
{ "type": "Feature", "properties": { "name": "1417", "role": "start" }, "geometry": { "type": "Point", "coordinates": [ 30.269051413725371, 59.933445082319253 ] } },
{ "type": "Feature", "properties": { "name": "1418", "role": "start" }, "geometry": { "type": "Point", "coordinates": [ 30.269227976601947, 59.93164213942444 ] } },
{ "type": "Feature", "properties": { "name": "1419", "role": "start" }, "geometry": { "type": "Point", "coordinates": [ 30.26916726551114, 59.933146908408794 ] } },
{ "type": "Feature", "properties": { "name": "1420", "role": "start" }, "geometry": { "type": "Point", "coordinates": [ 30.269409992970772, 59.932483965519694 ] } },
{ "type": "Feature", "properties": { "name": "1421", "role": "start" }, "geometry": { "type": "Point", "coordinates": [ 30.269588531078252, 59.932836776344438 ] } },
{ "type": "Feature", "properties": { "name": "1422", "role": "start" }, "geometry": { "type": "Point", "coordinates": [ 30.269623382971961, 59.932667552493363 ] } },
{ "type": "Feature", "properties": { "name": "1423", "role": "start" }, "geometry": { "type": "Point", "coordinates": [ 30.269698201246914, 59.933722298840884 ] } },
{ "type": "Feature", "properties": { "name": "1424", "role": "start" }, "geometry": { "type": "Point", "coordinates": [ 30.270279024784589, 59.93355238515246 ] } },
{ "type": "Feature", "properties": { "name": "1425", "role": "start" }, "geometry": { "type": "Point", "coordinates": [ 30.27051825168051, 59.931058766595427 ] } },
{ "type": "Feature", "properties": { "name": "1426", "role": "start" }, "geometry": { "type": "Point", "coordinates": [ 30.270530368579021, 59.932173209198481 ] } },
{ "type": "Feature", "properties": { "name": "1427", "role": "start" }, "geometry": { "type": "Point", "coordinates": [ 30.270731572276564, 59.932923699102325 ] } },
{ "type": "Feature", "properties": { "name": "1428", "role": "start" }, "geometry": { "type": "Point", "coordinates": [ 30.271264398209311, 59.933309337784898 ] } },
{ "type": "Feature", "properties": { "name": "1429", "role": "start" }, "geometry": { "type": "Point", "coordinates": [ 30.271250189532854, 59.933624348293577 ] } },
{ "type": "Feature", "properties": { "name": "1430", "role": "start" }, "geometry": { "type": "Point", "coordinates": [ 30.271294006504764, 59.933470080473676 ] } },
{ "type": "Feature", "properties": { "name": "1431", "role": "start" }, "geometry": { "type": "Point", "coordinates": [ 30.271623238625782, 59.932104658129383 ] } },
{ "type": "Feature", "properties": { "name": "1432", "role": "start" }, "geometry": { "type": "Point", "coordinates": [ 30.271803968650438, 59.933647207948617 ] } },
{ "type": "Feature", "properties": { "name": "1433", "role": "start" }, "geometry": { "type": "Point", "coordinates": [ 30.272100847568367, 59.931657493183103 ] } },
{ "type": "Feature", "properties": { "name": "1434", "role": "start" }, "geometry": { "type": "Point", "coordinates": [ 30.272049762637891, 59.933324051739511 ] } },
{ "type": "Feature", "properties": { "name": "1435", "role": "start" }, "geometry": { "type": "Point", "coordinates": [ 30.272135919829161, 59.932486503012527 ] } },
{ "type": "Feature", "properties": { "name": "1436", "role": "start" }, "geometry": { "type": "Point", "coordinates": [ 30.272370581404957, 59.932095944917123 ] } },
{ "type": "Feature", "properties": { "name": "1437", "role": "start" }, "geometry": { "type": "Point", "coordinates": [ 30.272463644358904, 59.932288745791311 ] } },
{ "type": "Feature", "properties": { "name": "1438", "role": "start" }, "geometry": { "type": "Point", "coordinates": [ 30.272598149932669, 59.93187814083543 ] } },
{ "type": "Feature", "properties": { "name": "1439", "role": "start" }, "geometry": { "type": "Point", "coordinates": [ 30.272891733007885, 59.933775814077137 ] } },
{ "type": "Feature", "properties": { "name": "1440", "role": "start" }, "geometry": { "type": "Point", "coordinates": [ 30.273655768496614, 59.933223719168673 ] } },
{ "type": "Feature", "properties": { "name": "1441", "role": "start" }, "geometry": { "type": "Point", "coordinates": [ 30.274360351122155, 59.933027079109067 ] } },
{ "type": "Feature", "properties": { "name": "1442", "role": "start" }, "geometry": { "type": "Point", "coordinates": [ 30.274543443708108, 59.933323959730117 ] } },
{ "type": "Feature", "properties": { "name": "1443", "role": "start" }, "geometry": { "type": "Point", "coordinates": [ 30.274217018409484, 59.933324749496443 ] } },
{ "type": "Feature", "properties": { "name": "1444", "role": "start" }, "geometry": { "type": "Point", "coordinates": [ 30.27201000430393, 59.932006511267936 ] } },
{ "type": "Feature", "properties": { "name": "1445", "role": "start" }, "geometry": { "type": "Point", "coordinates": [ 30.26243852313489, 59.938028046096477 ] } },
{ "type": "Feature", "properties": { "name": "1446", "role": "start" }, "geometry": { "type": "Point", "coordinates": [ 30.264529984920571, 59.938846771489828 ] } },
{ "type": "Feature", "properties": { "name": "1447", "role": "start" }, "geometry": { "type": "Point", "coordinates": [ 30.264960913674638, 59.938452399915143 ] } },
{ "type": "Feature", "properties": { "name": "1448", "role": "start" }, "geometry": { "type": "Point", "coordinates": [ 30.265335292703071, 59.938568555127127 ] } },
{ "type": "Feature", "properties": { "name": "1449", "role": "start" }, "geometry": { "type": "Point", "coordinates": [ 30.265326821876922, 59.938809965200598 ] } },
{ "type": "Feature", "properties": { "name": "1450", "role": "start" }, "geometry": { "type": "Point", "coordinates": [ 30.265729097815111, 59.938931687880959 ] } },
{ "type": "Feature", "properties": { "name": "1451", "role": "start" }, "geometry": { "type": "Point", "coordinates": [ 30.265697524810104, 59.939154070753844 ] } },
{ "type": "Feature", "properties": { "name": "1452", "role": "start" }, "geometry": { "type": "Point", "coordinates": [ 30.26580407980348, 59.938663693934707 ] } },
{ "type": "Feature", "properties": { "name": "1453", "role": "start" }, "geometry": { "type": "Point", "coordinates": [ 30.261263495258408, 59.934020198756699 ] } },
{ "type": "Feature", "properties": { "name": "1454", "role": "start" }, "geometry": { "type": "Point", "coordinates": [ 30.261139979924693, 59.936232808534747 ] } },
{ "type": "Feature", "properties": { "name": "1455", "role": "start" }, "geometry": { "type": "Point", "coordinates": [ 30.261783982889543, 59.935969817940453 ] } },
{ "type": "Feature", "properties": { "name": "1456", "role": "start" }, "geometry": { "type": "Point", "coordinates": [ 30.26208246367522, 59.933684841549272 ] } },
{ "type": "Feature", "properties": { "name": "1457", "role": "start" }, "geometry": { "type": "Point", "coordinates": [ 30.262284518295932, 59.93580527363023 ] } },
{ "type": "Feature", "properties": { "name": "1458", "role": "start" }, "geometry": { "type": "Point", "coordinates": [ 30.262434749831236, 59.934931463326485 ] } },
{ "type": "Feature", "properties": { "name": "1459", "role": "start" }, "geometry": { "type": "Point", "coordinates": [ 30.26256791145472, 59.935414339106501 ] } },
{ "type": "Feature", "properties": { "name": "1460", "role": "start" }, "geometry": { "type": "Point", "coordinates": [ 30.262802124739892, 59.933846250166852 ] } },
{ "type": "Feature", "properties": { "name": "1461", "role": "start" }, "geometry": { "type": "Point", "coordinates": [ 30.262974299523858, 59.934633347654881 ] } },
{ "type": "Feature", "properties": { "name": "1462", "role": "start" }, "geometry": { "type": "Point", "coordinates": [ 30.26293784565917, 59.935753946410635 ] } },
{ "type": "Feature", "properties": { "name": "1463", "role": "start" }, "geometry": { "type": "Point", "coordinates": [ 30.263129979715877, 59.934511114727826 ] } },
{ "type": "Feature", "properties": { "name": "1464", "role": "start" }, "geometry": { "type": "Point", "coordinates": [ 30.263144062444521, 59.934430481064119 ] } },
{ "type": "Feature", "properties": { "name": "1465", "role": "start" }, "geometry": { "type": "Point", "coordinates": [ 30.2635143387784, 59.93478851452749 ] } },
{ "type": "Feature", "properties": { "name": "1466", "role": "start" }, "geometry": { "type": "Point", "coordinates": [ 30.263546323729479, 59.935402459759722 ] } },
{ "type": "Feature", "properties": { "name": "1467", "role": "start" }, "geometry": { "type": "Point", "coordinates": [ 30.263644229098333, 59.934157922941054 ] } },
{ "type": "Feature", "properties": { "name": "1468", "role": "start" }, "geometry": { "type": "Point", "coordinates": [ 30.263710677400745, 59.93465039116785 ] } },
{ "type": "Feature", "properties": { "name": "1469", "role": "start" }, "geometry": { "type": "Point", "coordinates": [ 30.263615566267788, 59.936338189740262 ] } },
{ "type": "Feature", "properties": { "name": "1470", "role": "start" }, "geometry": { "type": "Point", "coordinates": [ 30.263933754928463, 59.935042046140154 ] } },
{ "type": "Feature", "properties": { "name": "1471", "role": "start" }, "geometry": { "type": "Point", "coordinates": [ 30.264448507306181, 59.934405232459525 ] } },
{ "type": "Feature", "properties": { "name": "1472", "role": "start" }, "geometry": { "type": "Point", "coordinates": [ 30.27032573685327, 59.938193675665374 ] } },
{ "type": "Feature", "properties": { "name": "1473", "role": "start" }, "geometry": { "type": "Point", "coordinates": [ 30.271331229295019, 59.938328734499692 ] } },
{ "type": "Feature", "properties": { "name": "1474", "role": "start" }, "geometry": { "type": "Point", "coordinates": [ 30.269547364621971, 59.938362456827583 ] } },
{ "type": "Feature", "properties": { "name": "1475", "role": "start" }, "geometry": { "type": "Point", "coordinates": [ 30.275274480684693, 59.938812633002676 ] } },
{ "type": "Feature", "properties": { "name": "1476", "role": "start" }, "geometry": { "type": "Point", "coordinates": [ 30.272430615875113, 59.938854954347946 ] } },
{ "type": "Feature", "properties": { "name": "1477", "role": "start" }, "geometry": { "type": "Point", "coordinates": [ 30.274962356275349, 59.93910447164361 ] } },
{ "type": "Feature", "properties": { "name": "1478", "role": "start" }, "geometry": { "type": "Point", "coordinates": [ 30.272546458543015, 59.939066230120481 ] } },
{ "type": "Feature", "properties": { "name": "1479", "role": "start" }, "geometry": { "type": "Point", "coordinates": [ 30.270196953253869, 59.939123394762184 ] } },
{ "type": "Feature", "properties": { "name": "1480", "role": "start" }, "geometry": { "type": "Point", "coordinates": [ 30.270606055565509, 59.939180734689586 ] } },
{ "type": "Feature", "properties": { "name": "1481", "role": "start" }, "geometry": { "type": "Point", "coordinates": [ 30.270587360412549, 59.939360455071473 ] } },
{ "type": "Feature", "properties": { "name": "1482", "role": "start" }, "geometry": { "type": "Point", "coordinates": [ 30.274765133510975, 59.939467891132686 ] } },
{ "type": "Feature", "properties": { "name": "1483", "role": "start" }, "geometry": { "type": "Point", "coordinates": [ 30.270981288763004, 59.939390507966799 ] } },
{ "type": "Feature", "properties": { "name": "1484", "role": "start" }, "geometry": { "type": "Point", "coordinates": [ 30.269930994271732, 59.939412101731861 ] } },
{ "type": "Feature", "properties": { "name": "1485", "role": "start" }, "geometry": { "type": "Point", "coordinates": [ 30.270856633995816, 59.939481154766639 ] } },
{ "type": "Feature", "properties": { "name": "1486", "role": "start" }, "geometry": { "type": "Point", "coordinates": [ 30.272013176442247, 59.939608564303761 ] } },
{ "type": "Feature", "properties": { "name": "1487", "role": "start" }, "geometry": { "type": "Point", "coordinates": [ 30.269990142031109, 59.939692561611423 ] } },
{ "type": "Feature", "properties": { "name": "1488", "role": "start" }, "geometry": { "type": "Point", "coordinates": [ 30.270391463266197, 59.94010688147808 ] } },
{ "type": "Feature", "properties": { "name": "1489", "role": "start" }, "geometry": { "type": "Point", "coordinates": [ 30.269978661124721, 59.940115137081214 ] } },
{ "type": "Feature", "properties": { "name": "1490", "role": "start" }, "geometry": { "type": "Point", "coordinates": [ 30.269626222645226, 59.940222277456982 ] } },
{ "type": "Feature", "properties": { "name": "1491", "role": "start" }, "geometry": { "type": "Point", "coordinates": [ 30.270735162283707, 59.94028703795491 ] } },
{ "type": "Feature", "properties": { "name": "1492", "role": "start" }, "geometry": { "type": "Point", "coordinates": [ 30.272412956744468, 59.938577107170531 ] } },
{ "type": "Feature", "properties": { "name": "1493", "role": "start" }, "geometry": { "type": "Point", "coordinates": [ 30.27260943208778, 59.938478336318163 ] } },
{ "type": "Feature", "properties": { "name": "1494", "role": "start" }, "geometry": { "type": "Point", "coordinates": [ 30.270916374293829, 59.939714795110859 ] } },
{ "type": "Feature", "properties": { "name": "1495", "role": "start" }, "geometry": { "type": "Point", "coordinates": [ 30.273508945911992, 59.940393566627812 ] } },
{ "type": "Feature", "properties": { "name": "1496", "role": "start" }, "geometry": { "type": "Point", "coordinates": [ 30.272881058021706, 59.940304191626261 ] } },
{ "type": "Feature", "properties": { "name": "1497", "role": "start" }, "geometry": { "type": "Point", "coordinates": [ 30.273291197243026, 59.938192446339237 ] } },
{ "type": "Feature", "properties": { "name": "1498", "role": "start" }, "geometry": { "type": "Point", "coordinates": [ 30.273054440472482, 59.938764397606356 ] } },
{ "type": "Feature", "properties": { "name": "1499", "role": "start" }, "geometry": { "type": "Point", "coordinates": [ 30.273147086942615, 59.939973462614525 ] } },
{ "type": "Feature", "properties": { "name": "1500", "role": "start" }, "geometry": { "type": "Point", "coordinates": [ 30.273262263049713, 59.938610118699458 ] } },
{ "type": "Feature", "properties": { "name": "1501", "role": "start" }, "geometry": { "type": "Point", "coordinates": [ 30.273316183611559, 59.93941450076565 ] } },
{ "type": "Feature", "properties": { "name": "1502", "role": "start" }, "geometry": { "type": "Point", "coordinates": [ 30.273496107451173, 59.939828255069436 ] } },
{ "type": "Feature", "properties": { "name": "1503", "role": "start" }, "geometry": { "type": "Point", "coordinates": [ 30.273916531742014, 59.939273308527952 ] } },
{ "type": "Feature", "properties": { "name": "1504", "role": "start" }, "geometry": { "type": "Point", "coordinates": [ 30.273946485514127, 59.939064259934 ] } },
{ "type": "Feature", "properties": { "name": "1505", "role": "start" }, "geometry": { "type": "Point", "coordinates": [ 30.273829182005848, 59.939918563494246 ] } },
{ "type": "Feature", "properties": { "name": "1506", "role": "start" }, "geometry": { "type": "Point", "coordinates": [ 30.274396273886659, 59.938865747973082 ] } },
{ "type": "Feature", "properties": { "name": "1507", "role": "start" }, "geometry": { "type": "Point", "coordinates": [ 30.275059415388455, 59.939555336139897 ] } },
{ "type": "Feature", "properties": { "name": "1508", "role": "start" }, "geometry": { "type": "Point", "coordinates": [ 30.275247215867594, 59.938389281879566 ] } },
{ "type": "Feature", "properties": { "name": "1509", "role": "start" }, "geometry": { "type": "Point", "coordinates": [ 30.279568598474842, 59.941759158514145 ] } },
{ "type": "Feature", "properties": { "name": "1510", "role": "start" }, "geometry": { "type": "Point", "coordinates": [ 30.278369113065356, 59.941814325298324 ] } },
{ "type": "Feature", "properties": { "name": "1511", "role": "start" }, "geometry": { "type": "Point", "coordinates": [ 30.278413381690026, 59.941934243344669 ] } },
{ "type": "Feature", "properties": { "name": "1512", "role": "start" }, "geometry": { "type": "Point", "coordinates": [ 30.278182574555338, 59.941982983497098 ] } },
{ "type": "Feature", "properties": { "name": "1513", "role": "start" }, "geometry": { "type": "Point", "coordinates": [ 30.277802750663408, 59.942035127171543 ] } },
{ "type": "Feature", "properties": { "name": "1514", "role": "start" }, "geometry": { "type": "Point", "coordinates": [ 30.277240381462683, 59.942051880219381 ] } },
{ "type": "Feature", "properties": { "name": "1515", "role": "start" }, "geometry": { "type": "Point", "coordinates": [ 30.277454647803292, 59.942211904991304 ] } },
{ "type": "Feature", "properties": { "name": "1516", "role": "start" }, "geometry": { "type": "Point", "coordinates": [ 30.278637694191215, 59.941732678538116 ] } },
{ "type": "Feature", "properties": { "name": "1517", "role": "start" }, "geometry": { "type": "Point", "coordinates": [ 30.278501393069888, 59.942292754464276 ] } },
{ "type": "Feature", "properties": { "name": "1518", "role": "start" }, "geometry": { "type": "Point", "coordinates": [ 30.279748793911985, 59.942940718296519 ] } },
{ "type": "Feature", "properties": { "name": "1519", "role": "start" }, "geometry": { "type": "Point", "coordinates": [ 30.279271045944601, 59.942566151001877 ] } },
{ "type": "Feature", "properties": { "name": "1520", "role": "start" }, "geometry": { "type": "Point", "coordinates": [ 30.279824202298855, 59.942773374577392 ] } },
{ "type": "Feature", "properties": { "name": "1521", "role": "start" }, "geometry": { "type": "Point", "coordinates": [ 30.279633361442514, 59.942755100749146 ] } },
{ "type": "Feature", "properties": { "name": "1522", "role": "start" }, "geometry": { "type": "Point", "coordinates": [ 30.276588867747883, 59.934191268883716 ] } },
{ "type": "Feature", "properties": { "name": "1523", "role": "start" }, "geometry": { "type": "Point", "coordinates": [ 30.277443310940349, 59.934683977829053 ] } },
{ "type": "Feature", "properties": { "name": "1524", "role": "start" }, "geometry": { "type": "Point", "coordinates": [ 30.276262841431762, 59.935223438583186 ] } },
{ "type": "Feature", "properties": { "name": "1525", "role": "start" }, "geometry": { "type": "Point", "coordinates": [ 30.280011831745842, 59.935354215734407 ] } },
{ "type": "Feature", "properties": { "name": "1526", "role": "start" }, "geometry": { "type": "Point", "coordinates": [ 30.276146388836672, 59.935434311092862 ] } },
{ "type": "Feature", "properties": { "name": "1527", "role": "start" }, "geometry": { "type": "Point", "coordinates": [ 30.276742983157288, 59.935605201007419 ] } },
{ "type": "Feature", "properties": { "name": "1528", "role": "start" }, "geometry": { "type": "Point", "coordinates": [ 30.276541297221186, 59.935764269736715 ] } },
{ "type": "Feature", "properties": { "name": "1529", "role": "start" }, "geometry": { "type": "Point", "coordinates": [ 30.279663926596704, 59.935984424991858 ] } },
{ "type": "Feature", "properties": { "name": "1530", "role": "start" }, "geometry": { "type": "Point", "coordinates": [ 30.278790755106638, 59.936246166935184 ] } },
{ "type": "Feature", "properties": { "name": "1531", "role": "start" }, "geometry": { "type": "Point", "coordinates": [ 30.27847954042689, 59.936548137603367 ] } },
{ "type": "Feature", "properties": { "name": "1532", "role": "start" }, "geometry": { "type": "Point", "coordinates": [ 30.277155460287872, 59.936629764947831 ] } },
{ "type": "Feature", "properties": { "name": "1533", "role": "start" }, "geometry": { "type": "Point", "coordinates": [ 30.277804736914284, 59.936694349565741 ] } },
{ "type": "Feature", "properties": { "name": "1534", "role": "start" }, "geometry": { "type": "Point", "coordinates": [ 30.278211776369197, 59.936891997447105 ] } },
{ "type": "Feature", "properties": { "name": "1535", "role": "start" }, "geometry": { "type": "Point", "coordinates": [ 30.274870283012035, 59.933976140067429 ] } },
{ "type": "Feature", "properties": { "name": "1536", "role": "start" }, "geometry": { "type": "Point", "coordinates": [ 30.275846640250357, 59.93535563220621 ] } },
{ "type": "Feature", "properties": { "name": "1537", "role": "start" }, "geometry": { "type": "Point", "coordinates": [ 30.277191801770286, 59.936020902926025 ] } },
{ "type": "Feature", "properties": { "name": "1538", "role": "start" }, "geometry": { "type": "Point", "coordinates": [ 30.27690485830421, 59.936808434725144 ] } },
{ "type": "Feature", "properties": { "name": "1539", "role": "start" }, "geometry": { "type": "Point", "coordinates": [ 30.273951364000176, 59.934904262229168 ] } },
{ "type": "Feature", "properties": { "name": "1540", "role": "start" }, "geometry": { "type": "Point", "coordinates": [ 30.275553831737209, 59.934573368322127 ] } },
{ "type": "Feature", "properties": { "name": "1541", "role": "start" }, "geometry": { "type": "Point", "coordinates": [ 30.275208725308715, 59.934800684306424 ] } },
{ "type": "Feature", "properties": { "name": "1542", "role": "start" }, "geometry": { "type": "Point", "coordinates": [ 30.275755212280519, 59.934818085595069 ] } },
{ "type": "Feature", "properties": { "name": "1543", "role": "start" }, "geometry": { "type": "Point", "coordinates": [ 30.275894823514509, 59.935078847425046 ] } },
{ "type": "Feature", "properties": { "name": "1544", "role": "start" }, "geometry": { "type": "Point", "coordinates": [ 30.275100671823171, 59.935204876630159 ] } },
{ "type": "Feature", "properties": { "name": "1545", "role": "start" }, "geometry": { "type": "Point", "coordinates": [ 30.274302038260497, 59.935509259872084 ] } },
{ "type": "Feature", "properties": { "name": "1546", "role": "start" }, "geometry": { "type": "Point", "coordinates": [ 30.27574648716519, 59.935535265165861 ] } },
{ "type": "Feature", "properties": { "name": "1547", "role": "start" }, "geometry": { "type": "Point", "coordinates": [ 30.274929727106304, 59.936296968732556 ] } },
{ "type": "Feature", "properties": { "name": "1548", "role": "start" }, "geometry": { "type": "Point", "coordinates": [ 30.273902314720569, 59.934370783148424 ] } },
{ "type": "Feature", "properties": { "name": "1549", "role": "start" }, "geometry": { "type": "Point", "coordinates": [ 30.274294858901516, 59.93382172505855 ] } },
{ "type": "Feature", "properties": { "name": "1550", "role": "start" }, "geometry": { "type": "Point", "coordinates": [ 30.275137254841773, 59.934040023840453 ] } },
{ "type": "Feature", "properties": { "name": "1551", "role": "start" }, "geometry": { "type": "Point", "coordinates": [ 30.275450234658173, 59.933802310036256 ] } },
{ "type": "Feature", "properties": { "name": "1552", "role": "start" }, "geometry": { "type": "Point", "coordinates": [ 30.275787517183414, 59.934337267580155 ] } },
{ "type": "Feature", "properties": { "name": "1553", "role": "start" }, "geometry": { "type": "Point", "coordinates": [ 30.276169744620027, 59.93811025180316 ] } },
{ "type": "Feature", "properties": { "name": "1554", "role": "start" }, "geometry": { "type": "Point", "coordinates": [ 30.276285939859726, 59.937735945719439 ] } },
{ "type": "Feature", "properties": { "name": "1555", "role": "start" }, "geometry": { "type": "Point", "coordinates": [ 30.27634393965457, 59.938380667729156 ] } },
{ "type": "Feature", "properties": { "name": "1556", "role": "start" }, "geometry": { "type": "Point", "coordinates": [ 30.276405335266531, 59.93810829245156 ] } },
{ "type": "Feature", "properties": { "name": "1557", "role": "start" }, "geometry": { "type": "Point", "coordinates": [ 30.276747617403117, 59.938494800048453 ] } },
{ "type": "Feature", "properties": { "name": "1558", "role": "start" }, "geometry": { "type": "Point", "coordinates": [ 30.277026309774165, 59.939044930629152 ] } },
{ "type": "Feature", "properties": { "name": "1559", "role": "start" }, "geometry": { "type": "Point", "coordinates": [ 30.277308422115695, 59.938850316640767 ] } },
{ "type": "Feature", "properties": { "name": "1560", "role": "start" }, "geometry": { "type": "Point", "coordinates": [ 30.277523208284222, 59.939129094505937 ] } },
{ "type": "Feature", "properties": { "name": "1561", "role": "start" }, "geometry": { "type": "Point", "coordinates": [ 30.277656348264852, 59.938851915937342 ] } },
{ "type": "Feature", "properties": { "name": "1562", "role": "start" }, "geometry": { "type": "Point", "coordinates": [ 30.277856642941433, 59.938378666682759 ] } },
{ "type": "Feature", "properties": { "name": "1563", "role": "start" }, "geometry": { "type": "Point", "coordinates": [ 30.277879219187934, 59.939080379626262 ] } },
{ "type": "Feature", "properties": { "name": "1564", "role": "start" }, "geometry": { "type": "Point", "coordinates": [ 30.278019950569227, 59.938663277383661 ] } },
{ "type": "Feature", "properties": { "name": "1565", "role": "start" }, "geometry": { "type": "Point", "coordinates": [ 30.278030357122734, 59.938977555704781 ] } },
{ "type": "Feature", "properties": { "name": "1566", "role": "start" }, "geometry": { "type": "Point", "coordinates": [ 30.278272851291121, 59.939132687034224 ] } },
{ "type": "Feature", "properties": { "name": "1567", "role": "start" }, "geometry": { "type": "Point", "coordinates": [ 30.278468870415406, 59.938690063216448 ] } },
{ "type": "Feature", "properties": { "name": "1568", "role": "start" }, "geometry": { "type": "Point", "coordinates": [ 30.279015474143399, 59.937258884478645 ] } },
{ "type": "Feature", "properties": { "name": "1569", "role": "start" }, "geometry": { "type": "Point", "coordinates": [ 30.279372994311501, 59.938716937432474 ] } },
{ "type": "Feature", "properties": { "name": "1570", "role": "start" }, "geometry": { "type": "Point", "coordinates": [ 30.279369300009844, 59.939149929882021 ] } },
{ "type": "Feature", "properties": { "name": "1571", "role": "start" }, "geometry": { "type": "Point", "coordinates": [ 30.279664766625906, 59.937547228870116 ] } },
{ "type": "Feature", "properties": { "name": "1572", "role": "start" }, "geometry": { "type": "Point", "coordinates": [ 30.279862770116871, 59.937602337822575 ] } },
{ "type": "Feature", "properties": { "name": "1573", "role": "start" }, "geometry": { "type": "Point", "coordinates": [ 30.280080467179367, 59.937372017065343 ] } },
{ "type": "Feature", "properties": { "name": "1574", "role": "start" }, "geometry": { "type": "Point", "coordinates": [ 30.280337544381094, 59.939535042944897 ] } },
{ "type": "Feature", "properties": { "name": "1575", "role": "start" }, "geometry": { "type": "Point", "coordinates": [ 30.28051927312492, 59.937606450023331 ] } },
{ "type": "Feature", "properties": { "name": "1576", "role": "start" }, "geometry": { "type": "Point", "coordinates": [ 30.281223438368766, 59.939243882841154 ] } },
{ "type": "Feature", "properties": { "name": "1577", "role": "start" }, "geometry": { "type": "Point", "coordinates": [ 30.281664136353346, 59.939329857761912 ] } },
{ "type": "Feature", "properties": { "name": "1578", "role": "start" }, "geometry": { "type": "Point", "coordinates": [ 30.275495292786704, 59.938102890250768 ] } },
{ "type": "Feature", "properties": { "name": "1579", "role": "start" }, "geometry": { "type": "Point", "coordinates": [ 30.275548043238398, 59.937951467904959 ] } },
{ "type": "Feature", "properties": { "name": "1580", "role": "start" }, "geometry": { "type": "Point", "coordinates": [ 30.275978525794184, 59.939992958851114 ] } },
{ "type": "Feature", "properties": { "name": "1581", "role": "start" }, "geometry": { "type": "Point", "coordinates": [ 30.275979551483172, 59.941155903271437 ] } },
{ "type": "Feature", "properties": { "name": "1582", "role": "start" }, "geometry": { "type": "Point", "coordinates": [ 30.275980086432916, 59.941361560648943 ] } },
{ "type": "Feature", "properties": { "name": "1583", "role": "start" }, "geometry": { "type": "Point", "coordinates": [ 30.276101987173377, 59.941054150543877 ] } },
{ "type": "Feature", "properties": { "name": "1584", "role": "start" }, "geometry": { "type": "Point", "coordinates": [ 30.276669876809695, 59.94068513564833 ] } },
{ "type": "Feature", "properties": { "name": "1585", "role": "start" }, "geometry": { "type": "Point", "coordinates": [ 30.276808599723029, 59.94045451440153 ] } },
{ "type": "Feature", "properties": { "name": "1586", "role": "start" }, "geometry": { "type": "Point", "coordinates": [ 30.277324402769253, 59.940545026719015 ] } },
{ "type": "Feature", "properties": { "name": "1587", "role": "start" }, "geometry": { "type": "Point", "coordinates": [ 30.277426717236061, 59.939869686895406 ] } },
{ "type": "Feature", "properties": { "name": "1588", "role": "start" }, "geometry": { "type": "Point", "coordinates": [ 30.277461218848121, 59.940218008080159 ] } },
{ "type": "Feature", "properties": { "name": "1589", "role": "start" }, "geometry": { "type": "Point", "coordinates": [ 30.27757192597695, 59.940702299819556 ] } },
{ "type": "Feature", "properties": { "name": "1590", "role": "start" }, "geometry": { "type": "Point", "coordinates": [ 30.277918973360311, 59.940367116371498 ] } },
{ "type": "Feature", "properties": { "name": "1591", "role": "start" }, "geometry": { "type": "Point", "coordinates": [ 30.278182322821241, 59.940144720100591 ] } },
{ "type": "Feature", "properties": { "name": "1592", "role": "start" }, "geometry": { "type": "Point", "coordinates": [ 30.278357204787969, 59.94092116714576 ] } },
{ "type": "Feature", "properties": { "name": "1593", "role": "start" }, "geometry": { "type": "Point", "coordinates": [ 30.278421217774408, 59.941223244139394 ] } },
{ "type": "Feature", "properties": { "name": "1594", "role": "start" }, "geometry": { "type": "Point", "coordinates": [ 30.278890047187261, 59.940383700454788 ] } },
{ "type": "Feature", "properties": { "name": "1595", "role": "start" }, "geometry": { "type": "Point", "coordinates": [ 30.279127723068669, 59.94115684753811 ] } },
{ "type": "Feature", "properties": { "name": "1596", "role": "start" }, "geometry": { "type": "Point", "coordinates": [ 30.279127589339712, 59.941454438290421 ] } },
{ "type": "Feature", "properties": { "name": "1597", "role": "start" }, "geometry": { "type": "Point", "coordinates": [ 30.279251974709133, 59.941333902838181 ] } },
{ "type": "Feature", "properties": { "name": "1598", "role": "start" }, "geometry": { "type": "Point", "coordinates": [ 30.279559391325435, 59.940375893696434 ] } },
{ "type": "Feature", "properties": { "name": "1599", "role": "start" }, "geometry": { "type": "Point", "coordinates": [ 30.279604721058767, 59.940155677369383 ] } },
{ "type": "Feature", "properties": { "name": "1600", "role": "start" }, "geometry": { "type": "Point", "coordinates": [ 30.279610293148853, 59.940456965388684 ] } },
{ "type": "Feature", "properties": { "name": "1601", "role": "start" }, "geometry": { "type": "Point", "coordinates": [ 30.279748292944731, 59.940432607088553 ] } },
{ "type": "Feature", "properties": { "name": "1602", "role": "start" }, "geometry": { "type": "Point", "coordinates": [ 30.282918654101966, 59.944155490124444 ] } },
{ "type": "Feature", "properties": { "name": "1603", "role": "start" }, "geometry": { "type": "Point", "coordinates": [ 30.2801282876813, 59.94046949247717 ] } },
{ "type": "Feature", "properties": { "name": "1604", "role": "start" }, "geometry": { "type": "Point", "coordinates": [ 30.280103962487242, 59.941008535575868 ] } },
{ "type": "Feature", "properties": { "name": "1605", "role": "start" }, "geometry": { "type": "Point", "coordinates": [ 30.280141702762954, 59.941408783521062 ] } },
{ "type": "Feature", "properties": { "name": "1606", "role": "start" }, "geometry": { "type": "Point", "coordinates": [ 30.280302184569361, 59.940079099247448 ] } },
{ "type": "Feature", "properties": { "name": "1607", "role": "start" }, "geometry": { "type": "Point", "coordinates": [ 30.280307938453529, 59.940181828376858 ] } },
{ "type": "Feature", "properties": { "name": "1608", "role": "start" }, "geometry": { "type": "Point", "coordinates": [ 30.280322143887282, 59.941035047436401 ] } },
{ "type": "Feature", "properties": { "name": "1609", "role": "start" }, "geometry": { "type": "Point", "coordinates": [ 30.280624847630779, 59.940019526670589 ] } },
{ "type": "Feature", "properties": { "name": "1610", "role": "start" }, "geometry": { "type": "Point", "coordinates": [ 30.2807387635273, 59.941775188929903 ] } },
{ "type": "Feature", "properties": { "name": "1611", "role": "start" }, "geometry": { "type": "Point", "coordinates": [ 30.280898942858631, 59.940761493458076 ] } },
{ "type": "Feature", "properties": { "name": "1612", "role": "start" }, "geometry": { "type": "Point", "coordinates": [ 30.280948590925295, 59.942043935763024 ] } },
{ "type": "Feature", "properties": { "name": "1613", "role": "start" }, "geometry": { "type": "Point", "coordinates": [ 30.281038382109799, 59.941530820083102 ] } },
{ "type": "Feature", "properties": { "name": "1614", "role": "start" }, "geometry": { "type": "Point", "coordinates": [ 30.281183003566213, 59.941306094041977 ] } },
{ "type": "Feature", "properties": { "name": "1615", "role": "start" }, "geometry": { "type": "Point", "coordinates": [ 30.281219482155798, 59.941926537877194 ] } },
{ "type": "Feature", "properties": { "name": "1616", "role": "start" }, "geometry": { "type": "Point", "coordinates": [ 30.281338518268125, 59.941719839177587 ] } },
{ "type": "Feature", "properties": { "name": "1617", "role": "start" }, "geometry": { "type": "Point", "coordinates": [ 30.281435855180487, 59.941099496054953 ] } },
{ "type": "Feature", "properties": { "name": "1618", "role": "start" }, "geometry": { "type": "Point", "coordinates": [ 30.281435242601045, 59.941788755121031 ] } },
{ "type": "Feature", "properties": { "name": "1619", "role": "start" }, "geometry": { "type": "Point", "coordinates": [ 30.281502329718407, 59.941581800212461 ] } },
{ "type": "Feature", "properties": { "name": "1620", "role": "start" }, "geometry": { "type": "Point", "coordinates": [ 30.281738918309145, 59.939939449926953 ] } },
{ "type": "Feature", "properties": { "name": "1621", "role": "start" }, "geometry": { "type": "Point", "coordinates": [ 30.281777551070917, 59.94191834894653 ] } },
{ "type": "Feature", "properties": { "name": "1622", "role": "start" }, "geometry": { "type": "Point", "coordinates": [ 30.281941086084945, 59.941797122853444 ] } },
{ "type": "Feature", "properties": { "name": "1623", "role": "start" }, "geometry": { "type": "Point", "coordinates": [ 30.28200884882062, 59.941255997092917 ] } },
{ "type": "Feature", "properties": { "name": "1624", "role": "start" }, "geometry": { "type": "Point", "coordinates": [ 30.282286986852398, 59.940346240443475 ] } },
{ "type": "Feature", "properties": { "name": "1625", "role": "start" }, "geometry": { "type": "Point", "coordinates": [ 30.282268883696048, 59.941509194536415 ] } },
{ "type": "Feature", "properties": { "name": "1626", "role": "start" }, "geometry": { "type": "Point", "coordinates": [ 30.282258582935309, 59.941767228466574 ] } },
{ "type": "Feature", "properties": { "name": "1627", "role": "start" }, "geometry": { "type": "Point", "coordinates": [ 30.282490639255261, 59.940423050377419 ] } },
{ "type": "Feature", "properties": { "name": "1628", "role": "start" }, "geometry": { "type": "Point", "coordinates": [ 30.282572135190662, 59.941596154142019 ] } },
{ "type": "Feature", "properties": { "name": "1629", "role": "start" }, "geometry": { "type": "Point", "coordinates": [ 30.282563801984402, 59.942125746360503 ] } },
{ "type": "Feature", "properties": { "name": "1630", "role": "start" }, "geometry": { "type": "Point", "coordinates": [ 30.282753270371302, 59.940220369201107 ] } },
{ "type": "Feature", "properties": { "name": "1631", "role": "start" }, "geometry": { "type": "Point", "coordinates": [ 30.280749320535044, 59.937090342449338 ] } },
{ "type": "Feature", "properties": { "name": "1632", "role": "start" }, "geometry": { "type": "Point", "coordinates": [ 30.280940805879908, 59.937202520996564 ] } },
{ "type": "Feature", "properties": { "name": "1633", "role": "start" }, "geometry": { "type": "Point", "coordinates": [ 30.281052052819369, 59.937797266993627 ] } },
{ "type": "Feature", "properties": { "name": "1634", "role": "start" }, "geometry": { "type": "Point", "coordinates": [ 30.281291511191245, 59.936218355604503 ] } },
{ "type": "Feature", "properties": { "name": "1635", "role": "start" }, "geometry": { "type": "Point", "coordinates": [ 30.28124252302057, 59.937098996120874 ] } },
{ "type": "Feature", "properties": { "name": "1636", "role": "start" }, "geometry": { "type": "Point", "coordinates": [ 30.281326968610454, 59.936347792063259 ] } },
{ "type": "Feature", "properties": { "name": "1637", "role": "start" }, "geometry": { "type": "Point", "coordinates": [ 30.281428671552, 59.936256807203627 ] } },
{ "type": "Feature", "properties": { "name": "1638", "role": "start" }, "geometry": { "type": "Point", "coordinates": [ 30.281453909875108, 59.936328562156092 ] } },
{ "type": "Feature", "properties": { "name": "1639", "role": "start" }, "geometry": { "type": "Point", "coordinates": [ 30.281516298910891, 59.93735215372628 ] } },
{ "type": "Feature", "properties": { "name": "1640", "role": "start" }, "geometry": { "type": "Point", "coordinates": [ 30.281671363888925, 59.936390327544132 ] } },
{ "type": "Feature", "properties": { "name": "1641", "role": "start" }, "geometry": { "type": "Point", "coordinates": [ 30.281666786247719, 59.938110589239301 ] } },
{ "type": "Feature", "properties": { "name": "1642", "role": "start" }, "geometry": { "type": "Point", "coordinates": [ 30.282105423634246, 59.937641008952951 ] } },
{ "type": "Feature", "properties": { "name": "1643", "role": "start" }, "geometry": { "type": "Point", "coordinates": [ 30.282194687217224, 59.937847119193144 ] } },
{ "type": "Feature", "properties": { "name": "1644", "role": "start" }, "geometry": { "type": "Point", "coordinates": [ 30.282295050749696, 59.936589498161844 ] } },
{ "type": "Feature", "properties": { "name": "1645", "role": "start" }, "geometry": { "type": "Point", "coordinates": [ 30.282258625985708, 59.937443385661574 ] } },
{ "type": "Feature", "properties": { "name": "1646", "role": "start" }, "geometry": { "type": "Point", "coordinates": [ 30.28241081131592, 59.936133756276952 ] } },
{ "type": "Feature", "properties": { "name": "1647", "role": "start" }, "geometry": { "type": "Point", "coordinates": [ 30.282351823367229, 59.93761560884316 ] } },
{ "type": "Feature", "properties": { "name": "1648", "role": "start" }, "geometry": { "type": "Point", "coordinates": [ 30.28241081131592, 59.936133756276952 ] } },
{ "type": "Feature", "properties": { "name": "1649", "role": "start" }, "geometry": { "type": "Point", "coordinates": [ 30.282524028963859, 59.937739763104609 ] } },
{ "type": "Feature", "properties": { "name": "1650", "role": "start" }, "geometry": { "type": "Point", "coordinates": [ 30.282553606161503, 59.93806830220349 ] } },
{ "type": "Feature", "properties": { "name": "1651", "role": "start" }, "geometry": { "type": "Point", "coordinates": [ 30.282872090269105, 59.936970025960605 ] } },
{ "type": "Feature", "properties": { "name": "1652", "role": "start" }, "geometry": { "type": "Point", "coordinates": [ 30.282854646131746, 59.937833458969671 ] } },
{ "type": "Feature", "properties": { "name": "1653", "role": "start" }, "geometry": { "type": "Point", "coordinates": [ 30.283044249036482, 59.937742882621329 ] } },
{ "type": "Feature", "properties": { "name": "1654", "role": "start" }, "geometry": { "type": "Point", "coordinates": [ 30.280766628643114, 59.942758195735621 ] } },
{ "type": "Feature", "properties": { "name": "1655", "role": "start" }, "geometry": { "type": "Point", "coordinates": [ 30.280819663703145, 59.943097132987255 ] } },
{ "type": "Feature", "properties": { "name": "1656", "role": "start" }, "geometry": { "type": "Point", "coordinates": [ 30.281213003348082, 59.942421390013472 ] } },
{ "type": "Feature", "properties": { "name": "1657", "role": "start" }, "geometry": { "type": "Point", "coordinates": [ 30.281211839142024, 59.94336942008853 ] } },
{ "type": "Feature", "properties": { "name": "1658", "role": "start" }, "geometry": { "type": "Point", "coordinates": [ 30.281574239394793, 59.942526612082339 ] } },
{ "type": "Feature", "properties": { "name": "1659", "role": "start" }, "geometry": { "type": "Point", "coordinates": [ 30.281999530710799, 59.942784525801351 ] } },
{ "type": "Feature", "properties": { "name": "1660", "role": "start" }, "geometry": { "type": "Point", "coordinates": [ 30.28208202120264, 59.942675616061372 ] } },
{ "type": "Feature", "properties": { "name": "1661", "role": "start" }, "geometry": { "type": "Point", "coordinates": [ 30.282253363208032, 59.943357644644841 ] } },
{ "type": "Feature", "properties": { "name": "1662", "role": "start" }, "geometry": { "type": "Point", "coordinates": [ 30.282593082821375, 59.943432269343653 ] } },
{ "type": "Feature", "properties": { "name": "1663", "role": "start" }, "geometry": { "type": "Point", "coordinates": [ 30.282867154433333, 59.943513130249386 ] } },
{ "type": "Feature", "properties": { "name": "1664", "role": "start" }, "geometry": { "type": "Point", "coordinates": [ 30.283045345046244, 59.943486948058549 ] } },
{ "type": "Feature", "properties": { "name": "1665", "role": "start" }, "geometry": { "type": "Point", "coordinates": [ 30.283054156076481, 59.943589801891591 ] } },
{ "type": "Feature", "properties": { "name": "1666", "role": "start" }, "geometry": { "type": "Point", "coordinates": [ 30.283218511986941, 59.942512064634563 ] } },
{ "type": "Feature", "properties": { "name": "1667", "role": "start" }, "geometry": { "type": "Point", "coordinates": [ 30.283326170335016, 59.943504075635552 ] } },
{ "type": "Feature", "properties": { "name": "1668", "role": "start" }, "geometry": { "type": "Point", "coordinates": [ 30.283453593948099, 59.942733139923355 ] } },
{ "type": "Feature", "properties": { "name": "1669", "role": "start" }, "geometry": { "type": "Point", "coordinates": [ 30.283563089313915, 59.943054450549582 ] } },
{ "type": "Feature", "properties": { "name": "1670", "role": "start" }, "geometry": { "type": "Point", "coordinates": [ 30.283557862287385, 59.943185216754848 ] } },
{ "type": "Feature", "properties": { "name": "1671", "role": "start" }, "geometry": { "type": "Point", "coordinates": [ 30.283869701616617, 59.942333084759227 ] } },
{ "type": "Feature", "properties": { "name": "1672", "role": "start" }, "geometry": { "type": "Point", "coordinates": [ 30.283990364042452, 59.942197247721495 ] } },
{ "type": "Feature", "properties": { "name": "1673", "role": "start" }, "geometry": { "type": "Point", "coordinates": [ 30.283993708931376, 59.942261694049009 ] } },
{ "type": "Feature", "properties": { "name": "1674", "role": "start" }, "geometry": { "type": "Point", "coordinates": [ 30.284043358312069, 59.942770698474284 ] } },
{ "type": "Feature", "properties": { "name": "1675", "role": "start" }, "geometry": { "type": "Point", "coordinates": [ 30.28411207166787, 59.94320539619212 ] } },
{ "type": "Feature", "properties": { "name": "1676", "role": "start" }, "geometry": { "type": "Point", "coordinates": [ 30.284250215249177, 59.942707262431462 ] } },
{ "type": "Feature", "properties": { "name": "1677", "role": "start" }, "geometry": { "type": "Point", "coordinates": [ 30.284686910602169, 59.942333983450723 ] } },
{ "type": "Feature", "properties": { "name": "1678", "role": "start" }, "geometry": { "type": "Point", "coordinates": [ 30.284984762535721, 59.942195209178735 ] } },
{ "type": "Feature", "properties": { "name": "1679", "role": "start" }, "geometry": { "type": "Point", "coordinates": [ 30.280158911569512, 59.94250850499153 ] } },
{ "type": "Feature", "properties": { "name": "1680", "role": "start" }, "geometry": { "type": "Point", "coordinates": [ 30.280315816177282, 59.94209591229005 ] } },
{ "type": "Feature", "properties": { "name": "1681", "role": "start" }, "geometry": { "type": "Point", "coordinates": [ 30.280158911569512, 59.94250850499153 ] } },
{ "type": "Feature", "properties": { "name": "1682", "role": "start" }, "geometry": { "type": "Point", "coordinates": [ 30.280224849792585, 59.94334474172539 ] } },
{ "type": "Feature", "properties": { "name": "1683", "role": "start" }, "geometry": { "type": "Point", "coordinates": [ 30.280312672213292, 59.943128017987746 ] } },
{ "type": "Feature", "properties": { "name": "1684", "role": "start" }, "geometry": { "type": "Point", "coordinates": [ 30.2806530558634, 59.94241118413958 ] } },
{ "type": "Feature", "properties": { "name": "1685", "role": "start" }, "geometry": { "type": "Point", "coordinates": [ 30.280567096607736, 59.942910620374526 ] } },
{ "type": "Feature", "properties": { "name": "1686", "role": "start" }, "geometry": { "type": "Point", "coordinates": [ 30.283051819102567, 59.940308175902814 ] } },
{ "type": "Feature", "properties": { "name": "1687", "role": "start" }, "geometry": { "type": "Point", "coordinates": [ 30.283384758474352, 59.940712936946341 ] } },
{ "type": "Feature", "properties": { "name": "1688", "role": "start" }, "geometry": { "type": "Point", "coordinates": [ 30.283566788773257, 59.940143681899187 ] } },
{ "type": "Feature", "properties": { "name": "1689", "role": "start" }, "geometry": { "type": "Point", "coordinates": [ 30.283907973821524, 59.940671134794265 ] } },
{ "type": "Feature", "properties": { "name": "1690", "role": "start" }, "geometry": { "type": "Point", "coordinates": [ 30.283991262406829, 59.94017832177051 ] } },
{ "type": "Feature", "properties": { "name": "1691", "role": "start" }, "geometry": { "type": "Point", "coordinates": [ 30.284228806833692, 59.940660263250145 ] } },
{ "type": "Feature", "properties": { "name": "1692", "role": "start" }, "geometry": { "type": "Point", "coordinates": [ 30.285611701542379, 59.940767059670833 ] } },
{ "type": "Feature", "properties": { "name": "1693", "role": "start" }, "geometry": { "type": "Point", "coordinates": [ 30.286524241863539, 59.940734757666775 ] } },
{ "type": "Feature", "properties": { "name": "1694", "role": "start" }, "geometry": { "type": "Point", "coordinates": [ 30.286781223277629, 59.939526858690591 ] } },
{ "type": "Feature", "properties": { "name": "1695", "role": "start" }, "geometry": { "type": "Point", "coordinates": [ 30.286941323700994, 59.940857609784153 ] } },
{ "type": "Feature", "properties": { "name": "1696", "role": "start" }, "geometry": { "type": "Point", "coordinates": [ 30.287306731407366, 59.939788482174215 ] } },
{ "type": "Feature", "properties": { "name": "1697", "role": "start" }, "geometry": { "type": "Point", "coordinates": [ 30.2872459840106, 59.940863167300819 ] } },
{ "type": "Feature", "properties": { "name": "1698", "role": "start" }, "geometry": { "type": "Point", "coordinates": [ 30.287379035828881, 59.939526741567768 ] } },
{ "type": "Feature", "properties": { "name": "1699", "role": "start" }, "geometry": { "type": "Point", "coordinates": [ 30.287748980365848, 59.939616360199317 ] } },
{ "type": "Feature", "properties": { "name": "1700", "role": "start" }, "geometry": { "type": "Point", "coordinates": [ 30.287934680220285, 59.939502741994808 ] } },
{ "type": "Feature", "properties": { "name": "1701", "role": "start" }, "geometry": { "type": "Point", "coordinates": [ 30.288003842901293, 59.939693568384136 ] } },
{ "type": "Feature", "properties": { "name": "1702", "role": "start" }, "geometry": { "type": "Point", "coordinates": [ 30.288149391486527, 59.939282872467011 ] } },
{ "type": "Feature", "properties": { "name": "1703", "role": "start" }, "geometry": { "type": "Point", "coordinates": [ 30.283564821468964, 59.944091398520413 ] } },
{ "type": "Feature", "properties": { "name": "1704", "role": "start" }, "geometry": { "type": "Point", "coordinates": [ 30.28383248716829, 59.943739288439374 ] } },
{ "type": "Feature", "properties": { "name": "1705", "role": "start" }, "geometry": { "type": "Point", "coordinates": [ 30.284628396232947, 59.944563095881598 ] } },
{ "type": "Feature", "properties": { "name": "1706", "role": "start" }, "geometry": { "type": "Point", "coordinates": [ 30.285507989168785, 59.944032114958311 ] } },
{ "type": "Feature", "properties": { "name": "1707", "role": "start" }, "geometry": { "type": "Point", "coordinates": [ 30.285662694243904, 59.944499880091875 ] } },
{ "type": "Feature", "properties": { "name": "1708", "role": "start" }, "geometry": { "type": "Point", "coordinates": [ 30.285931515943311, 59.944655301214745 ] } },
{ "type": "Feature", "properties": { "name": "1709", "role": "start" }, "geometry": { "type": "Point", "coordinates": [ 30.286113491266008, 59.944114115437962 ] } },
{ "type": "Feature", "properties": { "name": "1710", "role": "start" }, "geometry": { "type": "Point", "coordinates": [ 30.286194948231586, 59.944749313138445 ] } },
{ "type": "Feature", "properties": { "name": "1711", "role": "start" }, "geometry": { "type": "Point", "coordinates": [ 30.286421288652125, 59.94428618245734 ] } },
{ "type": "Feature", "properties": { "name": "1712", "role": "start" }, "geometry": { "type": "Point", "coordinates": [ 30.288452130515644, 59.945825901476312 ] } },
{ "type": "Feature", "properties": { "name": "1713", "role": "start" }, "geometry": { "type": "Point", "coordinates": [ 30.289980383483496, 59.946112865273243 ] } },
{ "type": "Feature", "properties": { "name": "1714", "role": "start" }, "geometry": { "type": "Point", "coordinates": [ 30.289572857889333, 59.945801568127266 ] } },
{ "type": "Feature", "properties": { "name": "1715", "role": "start" }, "geometry": { "type": "Point", "coordinates": [ 30.290611749703789, 59.94599488822746 ] } },
{ "type": "Feature", "properties": { "name": "1716", "role": "start" }, "geometry": { "type": "Point", "coordinates": [ 30.290015324608415, 59.945806917333591 ] } },
{ "type": "Feature", "properties": { "name": "1717", "role": "start" }, "geometry": { "type": "Point", "coordinates": [ 30.283376518685692, 59.937448793085174 ] } },
{ "type": "Feature", "properties": { "name": "1718", "role": "start" }, "geometry": { "type": "Point", "coordinates": [ 30.283495730817222, 59.938088563971675 ] } },
{ "type": "Feature", "properties": { "name": "1719", "role": "start" }, "geometry": { "type": "Point", "coordinates": [ 30.283594672344151, 59.937010004637308 ] } },
{ "type": "Feature", "properties": { "name": "1720", "role": "start" }, "geometry": { "type": "Point", "coordinates": [ 30.283605665836966, 59.936690295080275 ] } },
{ "type": "Feature", "properties": { "name": "1721", "role": "start" }, "geometry": { "type": "Point", "coordinates": [ 30.283727741165826, 59.937417654194974 ] } },
{ "type": "Feature", "properties": { "name": "1722", "role": "start" }, "geometry": { "type": "Point", "coordinates": [ 30.283905304839369, 59.937308116777274 ] } },
{ "type": "Feature", "properties": { "name": "1723", "role": "start" }, "geometry": { "type": "Point", "coordinates": [ 30.284253775845531, 59.93616529858437 ] } },
{ "type": "Feature", "properties": { "name": "1724", "role": "start" }, "geometry": { "type": "Point", "coordinates": [ 30.284092395752531, 59.937989597512704 ] } },
{ "type": "Feature", "properties": { "name": "1725", "role": "start" }, "geometry": { "type": "Point", "coordinates": [ 30.284363393621572, 59.937827499864554 ] } },
{ "type": "Feature", "properties": { "name": "1726", "role": "start" }, "geometry": { "type": "Point", "coordinates": [ 30.28469505828939, 59.937529908596751 ] } },
{ "type": "Feature", "properties": { "name": "1727", "role": "start" }, "geometry": { "type": "Point", "coordinates": [ 30.285980129442425, 59.937768867802049 ] } },
{ "type": "Feature", "properties": { "name": "1728", "role": "start" }, "geometry": { "type": "Point", "coordinates": [ 30.28606904788499, 59.937457769038588 ] } },
{ "type": "Feature", "properties": { "name": "1729", "role": "start" }, "geometry": { "type": "Point", "coordinates": [ 30.286443226924376, 59.938762023510513 ] } },
{ "type": "Feature", "properties": { "name": "1730", "role": "start" }, "geometry": { "type": "Point", "coordinates": [ 30.28690397962588, 59.936804808933722 ] } },
{ "type": "Feature", "properties": { "name": "1731", "role": "start" }, "geometry": { "type": "Point", "coordinates": [ 30.286693068902636, 59.937622212061726 ] } },
{ "type": "Feature", "properties": { "name": "1732", "role": "start" }, "geometry": { "type": "Point", "coordinates": [ 30.287335605218676, 59.937811547856924 ] } },
{ "type": "Feature", "properties": { "name": "1733", "role": "start" }, "geometry": { "type": "Point", "coordinates": [ 30.288031716196475, 59.937022615955179 ] } },
{ "type": "Feature", "properties": { "name": "1734", "role": "start" }, "geometry": { "type": "Point", "coordinates": [ 30.286195275282211, 59.937021114976901 ] } },
{ "type": "Feature", "properties": { "name": "1735", "role": "start" }, "geometry": { "type": "Point", "coordinates": [ 30.285923947921429, 59.938547086484121 ] } },
{ "type": "Feature", "properties": { "name": "1736", "role": "start" }, "geometry": { "type": "Point", "coordinates": [ 30.285031809713931, 59.936627382715642 ] } },
{ "type": "Feature", "properties": { "name": "1737", "role": "start" }, "geometry": { "type": "Point", "coordinates": [ 30.284896899380225, 59.936703214700586 ] } },
{ "type": "Feature", "properties": { "name": "1738", "role": "start" }, "geometry": { "type": "Point", "coordinates": [ 30.288402148565901, 59.938204507840254 ] } },
{ "type": "Feature", "properties": { "name": "1739", "role": "start" }, "geometry": { "type": "Point", "coordinates": [ 30.285652356956025, 59.942407227061416 ] } },
{ "type": "Feature", "properties": { "name": "1740", "role": "start" }, "geometry": { "type": "Point", "coordinates": [ 30.285906756946577, 59.94323738362592 ] } },
{ "type": "Feature", "properties": { "name": "1741", "role": "start" }, "geometry": { "type": "Point", "coordinates": [ 30.286119999101601, 59.943579457809399 ] } },
{ "type": "Feature", "properties": { "name": "1742", "role": "start" }, "geometry": { "type": "Point", "coordinates": [ 30.28626158997594, 59.942804696811422 ] } },
{ "type": "Feature", "properties": { "name": "1743", "role": "start" }, "geometry": { "type": "Point", "coordinates": [ 30.286810193611057, 59.943234745894387 ] } },
{ "type": "Feature", "properties": { "name": "1744", "role": "start" }, "geometry": { "type": "Point", "coordinates": [ 30.286847683298205, 59.942952119166506 ] } },
{ "type": "Feature", "properties": { "name": "1745", "role": "start" }, "geometry": { "type": "Point", "coordinates": [ 30.286961018919623, 59.942384917360741 ] } },
{ "type": "Feature", "properties": { "name": "1746", "role": "start" }, "geometry": { "type": "Point", "coordinates": [ 30.287161546418499, 59.942630148849801 ] } },
{ "type": "Feature", "properties": { "name": "1747", "role": "start" }, "geometry": { "type": "Point", "coordinates": [ 30.28742776525619, 59.943087463175658 ] } },
{ "type": "Feature", "properties": { "name": "1748", "role": "start" }, "geometry": { "type": "Point", "coordinates": [ 30.287415901343607, 59.943336197039862 ] } },
{ "type": "Feature", "properties": { "name": "1749", "role": "start" }, "geometry": { "type": "Point", "coordinates": [ 30.287583359667533, 59.942578536464211 ] } },
{ "type": "Feature", "properties": { "name": "1750", "role": "start" }, "geometry": { "type": "Point", "coordinates": [ 30.287766009704541, 59.943057270877603 ] } },
{ "type": "Feature", "properties": { "name": "1751", "role": "start" }, "geometry": { "type": "Point", "coordinates": [ 30.287983188422434, 59.943418006403313 ] } },
{ "type": "Feature", "properties": { "name": "1752", "role": "start" }, "geometry": { "type": "Point", "coordinates": [ 30.288365827910727, 59.94299931394066 ] } },
{ "type": "Feature", "properties": { "name": "1753", "role": "start" }, "geometry": { "type": "Point", "coordinates": [ 30.288957119772, 59.943775852519138 ] } },
{ "type": "Feature", "properties": { "name": "1754", "role": "start" }, "geometry": { "type": "Point", "coordinates": [ 30.289224323894842, 59.943609567956123 ] } },
{ "type": "Feature", "properties": { "name": "1755", "role": "start" }, "geometry": { "type": "Point", "coordinates": [ 30.289879973618216, 59.943290033605059 ] } },
{ "type": "Feature", "properties": { "name": "1756", "role": "start" }, "geometry": { "type": "Point", "coordinates": [ 30.290826393830798, 59.942867167365876 ] } },
{ "type": "Feature", "properties": { "name": "1757", "role": "start" }, "geometry": { "type": "Point", "coordinates": [ 30.291313693735553, 59.942305710528224 ] } },
{ "type": "Feature", "properties": { "name": "1758", "role": "start" }, "geometry": { "type": "Point", "coordinates": [ 30.292239222099333, 59.94200050950208 ] } },
{ "type": "Feature", "properties": { "name": "1759", "role": "start" }, "geometry": { "type": "Point", "coordinates": [ 30.291397390528385, 59.942198669911519 ] } },
{ "type": "Feature", "properties": { "name": "1760", "role": "start" }, "geometry": { "type": "Point", "coordinates": [ 30.289151436228394, 59.943279881312897 ] } },
{ "type": "Feature", "properties": { "name": "1761", "role": "start" }, "geometry": { "type": "Point", "coordinates": [ 30.29402709524587, 59.943427726265909 ] } },
{ "type": "Feature", "properties": { "name": "1762", "role": "start" }, "geometry": { "type": "Point", "coordinates": [ 30.294699337417182, 59.942819675328323 ] } },
{ "type": "Feature", "properties": { "name": "1763", "role": "start" }, "geometry": { "type": "Point", "coordinates": [ 30.295077806839711, 59.943594548698698 ] } },
{ "type": "Feature", "properties": { "name": "1764", "role": "start" }, "geometry": { "type": "Point", "coordinates": [ 30.295054172108856, 59.943020367708243 ] } },
{ "type": "Feature", "properties": { "name": "1765", "role": "start" }, "geometry": { "type": "Point", "coordinates": [ 30.294603460821708, 59.942715080255759 ] } },
{ "type": "Feature", "properties": { "name": "1766", "role": "start" }, "geometry": { "type": "Point", "coordinates": [ 30.295776548252771, 59.94303341571139 ] } },
{ "type": "Feature", "properties": { "name": "1767", "role": "start" }, "geometry": { "type": "Point", "coordinates": [ 30.29456283399313, 59.942927314557963 ] } },
{ "type": "Feature", "properties": { "name": "1768", "role": "start" }, "geometry": { "type": "Point", "coordinates": [ 30.293401163236108, 59.942209801674032 ] } },
{ "type": "Feature", "properties": { "name": "1769", "role": "start" }, "geometry": { "type": "Point", "coordinates": [ 30.294023380551412, 59.942418555479215 ] } },
{ "type": "Feature", "properties": { "name": "1770", "role": "start" }, "geometry": { "type": "Point", "coordinates": [ 30.282961700375377, 59.941217366629637 ] } },
{ "type": "Feature", "properties": { "name": "1771", "role": "start" }, "geometry": { "type": "Point", "coordinates": [ 30.283050536022881, 59.941732815417865 ] } },
{ "type": "Feature", "properties": { "name": "1772", "role": "start" }, "geometry": { "type": "Point", "coordinates": [ 30.28320291974309, 59.940927042381183 ] } },
{ "type": "Feature", "properties": { "name": "1773", "role": "start" }, "geometry": { "type": "Point", "coordinates": [ 30.283504052653324, 59.940943294958053 ] } },
{ "type": "Feature", "properties": { "name": "1774", "role": "start" }, "geometry": { "type": "Point", "coordinates": [ 30.283967448914105, 59.941009015582154 ] } },
{ "type": "Feature", "properties": { "name": "1775", "role": "start" }, "geometry": { "type": "Point", "coordinates": [ 30.28443377865527, 59.941821793436795 ] } },
{ "type": "Feature", "properties": { "name": "1776", "role": "start" }, "geometry": { "type": "Point", "coordinates": [ 30.284696902656094, 59.94161641959851 ] } },
{ "type": "Feature", "properties": { "name": "1777", "role": "start" }, "geometry": { "type": "Point", "coordinates": [ 30.284745147476087, 59.941372112028468 ] } },
{ "type": "Feature", "properties": { "name": "1778", "role": "start" }, "geometry": { "type": "Point", "coordinates": [ 30.285071698706229, 59.942013775885776 ] } },
{ "type": "Feature", "properties": { "name": "1779", "role": "start" }, "geometry": { "type": "Point", "coordinates": [ 30.285285839988074, 59.941836885704149 ] } },
{ "type": "Feature", "properties": { "name": "1780", "role": "start" }, "geometry": { "type": "Point", "coordinates": [ 30.285424966723511, 59.942097831168091 ] } },
{ "type": "Feature", "properties": { "name": "1781", "role": "start" }, "geometry": { "type": "Point", "coordinates": [ 30.285572817547791, 59.941520340436476 ] } },
{ "type": "Feature", "properties": { "name": "1782", "role": "start" }, "geometry": { "type": "Point", "coordinates": [ 30.285580955828852, 59.941997767582087 ] } },
{ "type": "Feature", "properties": { "name": "1783", "role": "start" }, "geometry": { "type": "Point", "coordinates": [ 30.285686093370362, 59.941882954453618 ] } },
{ "type": "Feature", "properties": { "name": "1784", "role": "start" }, "geometry": { "type": "Point", "coordinates": [ 30.28582925542019, 59.941191422301166 ] } },
{ "type": "Feature", "properties": { "name": "1785", "role": "start" }, "geometry": { "type": "Point", "coordinates": [ 30.286136797589243, 59.941108992072287 ] } },
{ "type": "Feature", "properties": { "name": "1786", "role": "start" }, "geometry": { "type": "Point", "coordinates": [ 30.286300891372267, 59.941021156476793 ] } },
{ "type": "Feature", "properties": { "name": "1787", "role": "start" }, "geometry": { "type": "Point", "coordinates": [ 30.286644556141766, 59.941088702003185 ] } },
{ "type": "Feature", "properties": { "name": "1788", "role": "start" }, "geometry": { "type": "Point", "coordinates": [ 30.286858358876259, 59.941272254986295 ] } },
{ "type": "Feature", "properties": { "name": "1789", "role": "start" }, "geometry": { "type": "Point", "coordinates": [ 30.286986721495218, 59.941024869638078 ] } },
{ "type": "Feature", "properties": { "name": "1790", "role": "start" }, "geometry": { "type": "Point", "coordinates": [ 30.28705346754127, 59.942094872710769 ] } },
{ "type": "Feature", "properties": { "name": "1791", "role": "start" }, "geometry": { "type": "Point", "coordinates": [ 30.287335920749541, 59.941043832341911 ] } },
{ "type": "Feature", "properties": { "name": "1792", "role": "start" }, "geometry": { "type": "Point", "coordinates": [ 30.287521091530976, 59.941991487555249 ] } },
{ "type": "Feature", "properties": { "name": "1793", "role": "start" }, "geometry": { "type": "Point", "coordinates": [ 30.287984859689381, 59.94130989525776 ] } },
{ "type": "Feature", "properties": { "name": "1794", "role": "start" }, "geometry": { "type": "Point", "coordinates": [ 30.28817961136096, 59.941561658756868 ] } },
{ "type": "Feature", "properties": { "name": "1795", "role": "start" }, "geometry": { "type": "Point", "coordinates": [ 30.288444262318642, 59.941335278992653 ] } },
{ "type": "Feature", "properties": { "name": "1796", "role": "start" }, "geometry": { "type": "Point", "coordinates": [ 30.288930294118149, 59.941821147366255 ] } },
{ "type": "Feature", "properties": { "name": "1797", "role": "start" }, "geometry": { "type": "Point", "coordinates": [ 30.289501941817299, 59.942123149483294 ] } },
{ "type": "Feature", "properties": { "name": "1798", "role": "start" }, "geometry": { "type": "Point", "coordinates": [ 30.289831777814964, 59.941833280735395 ] } },
{ "type": "Feature", "properties": { "name": "1799", "role": "start" }, "geometry": { "type": "Point", "coordinates": [ 30.28940679875754, 59.940424782017594 ] } },
{ "type": "Feature", "properties": { "name": "1800", "role": "start" }, "geometry": { "type": "Point", "coordinates": [ 30.289562871381218, 59.939940915489032 ] } },
{ "type": "Feature", "properties": { "name": "1801", "role": "start" }, "geometry": { "type": "Point", "coordinates": [ 30.289675836995837, 59.938997147287175 ] } },
{ "type": "Feature", "properties": { "name": "1802", "role": "start" }, "geometry": { "type": "Point", "coordinates": [ 30.2902313094703, 59.940709012117914 ] } },
{ "type": "Feature", "properties": { "name": "1803", "role": "start" }, "geometry": { "type": "Point", "coordinates": [ 30.290645053336316, 59.939500513496121 ] } },
{ "type": "Feature", "properties": { "name": "1804", "role": "start" }, "geometry": { "type": "Point", "coordinates": [ 30.290785277061456, 59.939321058082356 ] } },
{ "type": "Feature", "properties": { "name": "1805", "role": "start" }, "geometry": { "type": "Point", "coordinates": [ 30.290808259649804, 59.939714357414374 ] } },
{ "type": "Feature", "properties": { "name": "1806", "role": "start" }, "geometry": { "type": "Point", "coordinates": [ 30.290830329209506, 59.939397786235553 ] } },
{ "type": "Feature", "properties": { "name": "1807", "role": "start" }, "geometry": { "type": "Point", "coordinates": [ 30.290893929583387, 59.940484219405405 ] } },
{ "type": "Feature", "properties": { "name": "1808", "role": "start" }, "geometry": { "type": "Point", "coordinates": [ 30.291253473371921, 59.938896567699089 ] } },
{ "type": "Feature", "properties": { "name": "1809", "role": "start" }, "geometry": { "type": "Point", "coordinates": [ 30.291304102965537, 59.93927659708136 ] } },
{ "type": "Feature", "properties": { "name": "1810", "role": "start" }, "geometry": { "type": "Point", "coordinates": [ 30.291440601312754, 59.93993387559248 ] } },
{ "type": "Feature", "properties": { "name": "1811", "role": "start" }, "geometry": { "type": "Point", "coordinates": [ 30.29147046617533, 59.940400653266217 ] } },
{ "type": "Feature", "properties": { "name": "1812", "role": "start" }, "geometry": { "type": "Point", "coordinates": [ 30.29151541377983, 59.939885063569378 ] } },
{ "type": "Feature", "properties": { "name": "1813", "role": "start" }, "geometry": { "type": "Point", "coordinates": [ 30.291876350633025, 59.939877011068035 ] } },
{ "type": "Feature", "properties": { "name": "1814", "role": "start" }, "geometry": { "type": "Point", "coordinates": [ 30.292088706573566, 59.938813447533207 ] } },
{ "type": "Feature", "properties": { "name": "1815", "role": "start" }, "geometry": { "type": "Point", "coordinates": [ 30.292654832278583, 59.940852584419197 ] } },
{ "type": "Feature", "properties": { "name": "1816", "role": "start" }, "geometry": { "type": "Point", "coordinates": [ 30.29480185950182, 59.941455948303947 ] } },
{ "type": "Feature", "properties": { "name": "1817", "role": "start" }, "geometry": { "type": "Point", "coordinates": [ 30.294891845482589, 59.941155289433567 ] } },
{ "type": "Feature", "properties": { "name": "1818", "role": "start" }, "geometry": { "type": "Point", "coordinates": [ 30.296755834192183, 59.940506643285993 ] } },
{ "type": "Feature", "properties": { "name": "1819", "role": "start" }, "geometry": { "type": "Point", "coordinates": [ 30.297229895601859, 59.939743799011438 ] } },
{ "type": "Feature", "properties": { "name": "1820", "role": "start" }, "geometry": { "type": "Point", "coordinates": [ 30.297375136343025, 59.940161440530218 ] } },
{ "type": "Feature", "properties": { "name": "1821", "role": "start" }, "geometry": { "type": "Point", "coordinates": [ 30.297669899698672, 59.940568792478793 ] } },
{ "type": "Feature", "properties": { "name": "1822", "role": "start" }, "geometry": { "type": "Point", "coordinates": [ 30.29791948115621, 59.939694081937191 ] } },
{ "type": "Feature", "properties": { "name": "1823", "role": "start" }, "geometry": { "type": "Point", "coordinates": [ 30.289510694259423, 59.940871024200419 ] } },
{ "type": "Feature", "properties": { "name": "1824", "role": "start" }, "geometry": { "type": "Point", "coordinates": [ 30.292204951840159, 59.93978244494992 ] } },
{ "type": "Feature", "properties": { "name": "1825", "role": "start" }, "geometry": { "type": "Point", "coordinates": [ 30.290424457608065, 59.940479272679397 ] } },
{ "type": "Feature", "properties": { "name": "1826", "role": "start" }, "geometry": { "type": "Point", "coordinates": [ 30.290367793699666, 59.940178938115508 ] } },
{ "type": "Feature", "properties": { "name": "1827", "role": "start" }, "geometry": { "type": "Point", "coordinates": [ 30.291343666786055, 59.940529780349145 ] } },
{ "type": "Feature", "properties": { "name": "1828", "role": "start" }, "geometry": { "type": "Point", "coordinates": [ 30.290337972359147, 59.939309354045598 ] } },
{ "type": "Feature", "properties": { "name": "1829", "role": "start" }, "geometry": { "type": "Point", "coordinates": [ 30.290122959935978, 59.939749147789513 ] } },
{ "type": "Feature", "properties": { "name": "1830", "role": "start" }, "geometry": { "type": "Point", "coordinates": [ 30.290608999678142, 59.939063079757823 ] } },
{ "type": "Feature", "properties": { "name": "1831", "role": "start" }, "geometry": { "type": "Point", "coordinates": [ 30.292218059576047, 59.941524009490742 ] } },
{ "type": "Feature", "properties": { "name": "1832", "role": "start" }, "geometry": { "type": "Point", "coordinates": [ 30.295857933654144, 59.938893312100348 ] } },
{ "type": "Feature", "properties": { "name": "1833", "role": "start" }, "geometry": { "type": "Point", "coordinates": [ 30.29509036067088, 59.94104069942852 ] } },
{ "type": "Feature", "properties": { "name": "1834", "role": "start" }, "geometry": { "type": "Point", "coordinates": [ 30.298658971684269, 59.941245885526023 ] } },
{ "type": "Feature", "properties": { "name": "1835", "role": "start" }, "geometry": { "type": "Point", "coordinates": [ 30.299853633524236, 59.940516149712195 ] } },
{ "type": "Feature", "properties": { "name": "1836", "role": "start" }, "geometry": { "type": "Point", "coordinates": [ 30.28690258982094, 59.944344645600971 ] } },
{ "type": "Feature", "properties": { "name": "1837", "role": "start" }, "geometry": { "type": "Point", "coordinates": [ 30.287193787664407, 59.945322479092845 ] } },
{ "type": "Feature", "properties": { "name": "1838", "role": "start" }, "geometry": { "type": "Point", "coordinates": [ 30.287429417611985, 59.945096468708478 ] } },
{ "type": "Feature", "properties": { "name": "1839", "role": "start" }, "geometry": { "type": "Point", "coordinates": [ 30.287534445042446, 59.944961103170272 ] } },
{ "type": "Feature", "properties": { "name": "1840", "role": "start" }, "geometry": { "type": "Point", "coordinates": [ 30.288537102547576, 59.944154921019326 ] } },
{ "type": "Feature", "properties": { "name": "1841", "role": "start" }, "geometry": { "type": "Point", "coordinates": [ 30.28853512215036, 59.945575046952783 ] } },
{ "type": "Feature", "properties": { "name": "1842", "role": "start" }, "geometry": { "type": "Point", "coordinates": [ 30.28876589318703, 59.945332727236156 ] } },
{ "type": "Feature", "properties": { "name": "1843", "role": "start" }, "geometry": { "type": "Point", "coordinates": [ 30.289100938185207, 59.945653725907455 ] } },
{ "type": "Feature", "properties": { "name": "1844", "role": "start" }, "geometry": { "type": "Point", "coordinates": [ 30.289334222677962, 59.945316625941039 ] } },
{ "type": "Feature", "properties": { "name": "1845", "role": "start" }, "geometry": { "type": "Point", "coordinates": [ 30.289657941232893, 59.945167096565605 ] } },
{ "type": "Feature", "properties": { "name": "1846", "role": "start" }, "geometry": { "type": "Point", "coordinates": [ 30.290045159151006, 59.944557098035318 ] } },
{ "type": "Feature", "properties": { "name": "1847", "role": "start" }, "geometry": { "type": "Point", "coordinates": [ 30.289976940358375, 59.945494181563241 ] } },
{ "type": "Feature", "properties": { "name": "1848", "role": "start" }, "geometry": { "type": "Point", "coordinates": [ 30.290332779349889, 59.944242492943005 ] } },
{ "type": "Feature", "properties": { "name": "1849", "role": "start" }, "geometry": { "type": "Point", "coordinates": [ 30.290440985748411, 59.944302223110441 ] } },
{ "type": "Feature", "properties": { "name": "1850", "role": "start" }, "geometry": { "type": "Point", "coordinates": [ 30.290422868127745, 59.945212650794375 ] } },
{ "type": "Feature", "properties": { "name": "1851", "role": "start" }, "geometry": { "type": "Point", "coordinates": [ 30.290407111958228, 59.945495375769376 ] } },
{ "type": "Feature", "properties": { "name": "1852", "role": "start" }, "geometry": { "type": "Point", "coordinates": [ 30.290952981327809, 59.944180004870844 ] } },
{ "type": "Feature", "properties": { "name": "1853", "role": "start" }, "geometry": { "type": "Point", "coordinates": [ 30.291443372458467, 59.945474710000489 ] } },
{ "type": "Feature", "properties": { "name": "1854", "role": "start" }, "geometry": { "type": "Point", "coordinates": [ 30.29149838342784, 59.945202854425581 ] } },
{ "type": "Feature", "properties": { "name": "1855", "role": "start" }, "geometry": { "type": "Point", "coordinates": [ 30.292111082527651, 59.945150889144067 ] } },
{ "type": "Feature", "properties": { "name": "1856", "role": "start" }, "geometry": { "type": "Point", "coordinates": [ 30.292797398988515, 59.9449878407667 ] } },
{ "type": "Feature", "properties": { "name": "1857", "role": "start" }, "geometry": { "type": "Point", "coordinates": [ 30.293672481664768, 59.944541182573253 ] } },
{ "type": "Feature", "properties": { "name": "1858", "role": "start" }, "geometry": { "type": "Point", "coordinates": [ 30.293672481664768, 59.944541182573253 ] } },
{ "type": "Feature", "properties": { "name": "1859", "role": "start" }, "geometry": { "type": "Point", "coordinates": [ 30.293731141970756, 59.944996207352858 ] } },
{ "type": "Feature", "properties": { "name": "1860", "role": "start" }, "geometry": { "type": "Point", "coordinates": [ 30.293452807508899, 59.94399252498566 ] } },
{ "type": "Feature", "properties": { "name": "1861", "role": "start" }, "geometry": { "type": "Point", "coordinates": [ 30.293214925519266, 59.941807810143011 ] } },
{ "type": "Feature", "properties": { "name": "1862", "role": "start" }, "geometry": { "type": "Point", "coordinates": [ 30.29417636276191, 59.942105142037263 ] } },
{ "type": "Feature", "properties": { "name": "1863", "role": "start" }, "geometry": { "type": "Point", "coordinates": [ 30.300698209644587, 59.943004297869727 ] } },
{ "type": "Feature", "properties": { "name": "1864", "role": "start" }, "geometry": { "type": "Point", "coordinates": [ 30.302119040463989, 59.943168403701925 ] } },
{ "type": "Feature", "properties": { "name": "1865", "role": "start" }, "geometry": { "type": "Point", "coordinates": [ 30.302464498133077, 59.941149529156846 ] } },
{ "type": "Feature", "properties": { "name": "1866", "role": "start" }, "geometry": { "type": "Point", "coordinates": [ 30.302474376723346, 59.943012586276453 ] } },
{ "type": "Feature", "properties": { "name": "1867", "role": "start" }, "geometry": { "type": "Point", "coordinates": [ 30.302589107214718, 59.942830163046374 ] } },
{ "type": "Feature", "properties": { "name": "1868", "role": "start" }, "geometry": { "type": "Point", "coordinates": [ 30.302899834362975, 59.940861760574599 ] } },
{ "type": "Feature", "properties": { "name": "1869", "role": "start" }, "geometry": { "type": "Point", "coordinates": [ 30.30296474451719, 59.942779002140242 ] } },
{ "type": "Feature", "properties": { "name": "1870", "role": "start" }, "geometry": { "type": "Point", "coordinates": [ 30.303961740757767, 59.941613342243514 ] } },
{ "type": "Feature", "properties": { "name": "1871", "role": "start" }, "geometry": { "type": "Point", "coordinates": [ 30.304442327950756, 59.941987202129155 ] } },
{ "type": "Feature", "properties": { "name": "1872", "role": "start" }, "geometry": { "type": "Point", "coordinates": [ 30.304651752180323, 59.94218007325491 ] } },
{ "type": "Feature", "properties": { "name": "1873", "role": "start" }, "geometry": { "type": "Point", "coordinates": [ 30.304872106994935, 59.942425286226111 ] } },
{ "type": "Feature", "properties": { "name": "1874", "role": "start" }, "geometry": { "type": "Point", "coordinates": [ 30.304602225924299, 59.943485920028238 ] } },
{ "type": "Feature", "properties": { "name": "1875", "role": "start" }, "geometry": { "type": "Point", "coordinates": [ 30.304872106994935, 59.942425286226111 ] } },
{ "type": "Feature", "properties": { "name": "1876", "role": "start" }, "geometry": { "type": "Point", "coordinates": [ 30.306899685609203, 59.943103449138981 ] } },
{ "type": "Feature", "properties": { "name": "1877", "role": "start" }, "geometry": { "type": "Point", "coordinates": [ 30.294611301470269, 59.941783548342542 ] } },
{ "type": "Feature", "properties": { "name": "1878", "role": "start" }, "geometry": { "type": "Point", "coordinates": [ 30.296252886016628, 59.941867211017886 ] } },
{ "type": "Feature", "properties": { "name": "1879", "role": "start" }, "geometry": { "type": "Point", "coordinates": [ 30.296283045325598, 59.943306995887461 ] } },
{ "type": "Feature", "properties": { "name": "1880", "role": "start" }, "geometry": { "type": "Point", "coordinates": [ 30.297012149661352, 59.942103181473271 ] } },
{ "type": "Feature", "properties": { "name": "1881", "role": "start" }, "geometry": { "type": "Point", "coordinates": [ 30.296947200945961, 59.942384097951297 ] } },
{ "type": "Feature", "properties": { "name": "1882", "role": "start" }, "geometry": { "type": "Point", "coordinates": [ 30.297432815258933, 59.942365897916872 ] } },
{ "type": "Feature", "properties": { "name": "1883", "role": "start" }, "geometry": { "type": "Point", "coordinates": [ 30.297679837619754, 59.942286554663333 ] } },
{ "type": "Feature", "properties": { "name": "1884", "role": "start" }, "geometry": { "type": "Point", "coordinates": [ 30.296467137738532, 59.945061446953986 ] } },
{ "type": "Feature", "properties": { "name": "1885", "role": "start" }, "geometry": { "type": "Point", "coordinates": [ 30.296831533324347, 59.94421874024512 ] } },
{ "type": "Feature", "properties": { "name": "1886", "role": "start" }, "geometry": { "type": "Point", "coordinates": [ 30.296787193649461, 59.944893351281245 ] } },
{ "type": "Feature", "properties": { "name": "1887", "role": "start" }, "geometry": { "type": "Point", "coordinates": [ 30.297591548401289, 59.944579255931423 ] } },
{ "type": "Feature", "properties": { "name": "1888", "role": "start" }, "geometry": { "type": "Point", "coordinates": [ 30.298260051022975, 59.944201996879812 ] } },
{ "type": "Feature", "properties": { "name": "1889", "role": "start" }, "geometry": { "type": "Point", "coordinates": [ 30.297975518756274, 59.944663245859331 ] } },
{ "type": "Feature", "properties": { "name": "1890", "role": "start" }, "geometry": { "type": "Point", "coordinates": [ 30.298260051022975, 59.944201996879812 ] } },
{ "type": "Feature", "properties": { "name": "1891", "role": "start" }, "geometry": { "type": "Point", "coordinates": [ 30.298298788766651, 59.944858332482141 ] } },
{ "type": "Feature", "properties": { "name": "1892", "role": "start" }, "geometry": { "type": "Point", "coordinates": [ 30.298584996895151, 59.944579245928743 ] } },
{ "type": "Feature", "properties": { "name": "1893", "role": "start" }, "geometry": { "type": "Point", "coordinates": [ 30.298920252985674, 59.944417464727216 ] } },
{ "type": "Feature", "properties": { "name": "1894", "role": "start" }, "geometry": { "type": "Point", "coordinates": [ 30.301253066891128, 59.944808027925276 ] } },
{ "type": "Feature", "properties": { "name": "1895", "role": "start" }, "geometry": { "type": "Point", "coordinates": [ 30.301433431988805, 59.944258687544149 ] } },
{ "type": "Feature", "properties": { "name": "1896", "role": "start" }, "geometry": { "type": "Point", "coordinates": [ 30.303042732740732, 59.945983945974078 ] } },
{ "type": "Feature", "properties": { "name": "1897", "role": "start" }, "geometry": { "type": "Point", "coordinates": [ 30.303333773452422, 59.944421463894763 ] } },
{ "type": "Feature", "properties": { "name": "1898", "role": "start" }, "geometry": { "type": "Point", "coordinates": [ 30.305031305113662, 59.944670050880944 ] } },
{ "type": "Feature", "properties": { "name": "1899", "role": "start" }, "geometry": { "type": "Point", "coordinates": [ 30.262762840601283, 59.937022978911266 ] } },
{ "type": "Feature", "properties": { "name": "1900", "role": "start" }, "geometry": { "type": "Point", "coordinates": [ 30.263480779446439, 59.937140648263352 ] } },
{ "type": "Feature", "properties": { "name": "1901", "role": "start" }, "geometry": { "type": "Point", "coordinates": [ 30.263530995270827, 59.93743720410589 ] } },
{ "type": "Feature", "properties": { "name": "1902", "role": "start" }, "geometry": { "type": "Point", "coordinates": [ 30.263659798379635, 59.936698317342206 ] } },
{ "type": "Feature", "properties": { "name": "1903", "role": "start" }, "geometry": { "type": "Point", "coordinates": [ 30.263834356342276, 59.936553198860629 ] } },
{ "type": "Feature", "properties": { "name": "1904", "role": "start" }, "geometry": { "type": "Point", "coordinates": [ 30.263925702650564, 59.936746416446276 ] } },
{ "type": "Feature", "properties": { "name": "1905", "role": "start" }, "geometry": { "type": "Point", "coordinates": [ 30.264724306472768, 59.936469171799651 ] } },
{ "type": "Feature", "properties": { "name": "1906", "role": "start" }, "geometry": { "type": "Point", "coordinates": [ 30.264882151304246, 59.936978784941758 ] } },
{ "type": "Feature", "properties": { "name": "1907", "role": "start" }, "geometry": { "type": "Point", "coordinates": [ 30.26505805631249, 59.937797461642845 ] } },
{ "type": "Feature", "properties": { "name": "1908", "role": "start" }, "geometry": { "type": "Point", "coordinates": [ 30.265873918971931, 59.936990370156124 ] } },
{ "type": "Feature", "properties": { "name": "1909", "role": "start" }, "geometry": { "type": "Point", "coordinates": [ 30.266169588878089, 59.93754928905544 ] } },
{ "type": "Feature", "properties": { "name": "1910", "role": "start" }, "geometry": { "type": "Point", "coordinates": [ 30.266426786286253, 59.937157440640831 ] } },
{ "type": "Feature", "properties": { "name": "1911", "role": "start" }, "geometry": { "type": "Point", "coordinates": [ 30.266835896492907, 59.936601694593492 ] } },
{ "type": "Feature", "properties": { "name": "1912", "role": "start" }, "geometry": { "type": "Point", "coordinates": [ 30.267021318965714, 59.937327934904879 ] } },
{ "type": "Feature", "properties": { "name": "1913", "role": "start" }, "geometry": { "type": "Point", "coordinates": [ 30.267129262253611, 59.937693091711992 ] } },
{ "type": "Feature", "properties": { "name": "1914", "role": "start" }, "geometry": { "type": "Point", "coordinates": [ 30.267435727833519, 59.937426860832886 ] } },
{ "type": "Feature", "properties": { "name": "1915", "role": "start" }, "geometry": { "type": "Point", "coordinates": [ 30.2675937582949, 59.93765145722687 ] } },
{ "type": "Feature", "properties": { "name": "1916", "role": "start" }, "geometry": { "type": "Point", "coordinates": [ 30.267696351129203, 59.936587559871285 ] } },
{ "type": "Feature", "properties": { "name": "1917", "role": "start" }, "geometry": { "type": "Point", "coordinates": [ 30.264970520787838, 59.934873080794553 ] } },
{ "type": "Feature", "properties": { "name": "1918", "role": "start" }, "geometry": { "type": "Point", "coordinates": [ 30.26488892229597, 59.935905601286819 ] } },
{ "type": "Feature", "properties": { "name": "1919", "role": "start" }, "geometry": { "type": "Point", "coordinates": [ 30.265403273350646, 59.935581034082986 ] } },
{ "type": "Feature", "properties": { "name": "1920", "role": "start" }, "geometry": { "type": "Point", "coordinates": [ 30.265639067576522, 59.935209481479774 ] } },
{ "type": "Feature", "properties": { "name": "1921", "role": "start" }, "geometry": { "type": "Point", "coordinates": [ 30.26574014254005, 59.935017180020743 ] } },
{ "type": "Feature", "properties": { "name": "1922", "role": "start" }, "geometry": { "type": "Point", "coordinates": [ 30.265671902471553, 59.936408804180232 ] } },
{ "type": "Feature", "properties": { "name": "1923", "role": "start" }, "geometry": { "type": "Point", "coordinates": [ 30.266017121660251, 59.935916482300769 ] } },
{ "type": "Feature", "properties": { "name": "1924", "role": "start" }, "geometry": { "type": "Point", "coordinates": [ 30.266430805808483, 59.933784507749515 ] } },
{ "type": "Feature", "properties": { "name": "1925", "role": "start" }, "geometry": { "type": "Point", "coordinates": [ 30.266574300428957, 59.935010872024698 ] } },
{ "type": "Feature", "properties": { "name": "1926", "role": "start" }, "geometry": { "type": "Point", "coordinates": [ 30.266717727795282, 59.935497035641035 ] } },
{ "type": "Feature", "properties": { "name": "1927", "role": "start" }, "geometry": { "type": "Point", "coordinates": [ 30.267113269796379, 59.936337077119681 ] } },
{ "type": "Feature", "properties": { "name": "1928", "role": "start" }, "geometry": { "type": "Point", "coordinates": [ 30.267426797359168, 59.936066948321518 ] } },
{ "type": "Feature", "properties": { "name": "1929", "role": "start" }, "geometry": { "type": "Point", "coordinates": [ 30.267664900799947, 59.93559092533782 ] } },
{ "type": "Feature", "properties": { "name": "1930", "role": "start" }, "geometry": { "type": "Point", "coordinates": [ 30.268219438539212, 59.934145599848151 ] } },
{ "type": "Feature", "properties": { "name": "1931", "role": "start" }, "geometry": { "type": "Point", "coordinates": [ 30.268152083059235, 59.936381463736772 ] } },
{ "type": "Feature", "properties": { "name": "1932", "role": "start" }, "geometry": { "type": "Point", "coordinates": [ 30.268253773905275, 59.935489110033238 ] } },
{ "type": "Feature", "properties": { "name": "1933", "role": "start" }, "geometry": { "type": "Point", "coordinates": [ 30.26862300522118, 59.935771694549274 ] } },
{ "type": "Feature", "properties": { "name": "1934", "role": "start" }, "geometry": { "type": "Point", "coordinates": [ 30.268957020658636, 59.936118141205377 ] } },
{ "type": "Feature", "properties": { "name": "1935", "role": "start" }, "geometry": { "type": "Point", "coordinates": [ 30.269053694209621, 59.935666496820225 ] } },
{ "type": "Feature", "properties": { "name": "1936", "role": "start" }, "geometry": { "type": "Point", "coordinates": [ 30.269496379639076, 59.933985213999165 ] } },
{ "type": "Feature", "properties": { "name": "1937", "role": "start" }, "geometry": { "type": "Point", "coordinates": [ 30.269461057521884, 59.934698380266269 ] } },
{ "type": "Feature", "properties": { "name": "1938", "role": "start" }, "geometry": { "type": "Point", "coordinates": [ 30.269583978402515, 59.934332956553568 ] } },
{ "type": "Feature", "properties": { "name": "1939", "role": "start" }, "geometry": { "type": "Point", "coordinates": [ 30.269558451496906, 59.935873472157432 ] } },
{ "type": "Feature", "properties": { "name": "1940", "role": "start" }, "geometry": { "type": "Point", "coordinates": [ 30.269782500733651, 59.934202560287744 ] } },
{ "type": "Feature", "properties": { "name": "1941", "role": "start" }, "geometry": { "type": "Point", "coordinates": [ 30.270151756795073, 59.934850016280578 ] } },
{ "type": "Feature", "properties": { "name": "1942", "role": "start" }, "geometry": { "type": "Point", "coordinates": [ 30.270288030755545, 59.934092571666 ] } },
{ "type": "Feature", "properties": { "name": "1943", "role": "start" }, "geometry": { "type": "Point", "coordinates": [ 30.266964753666617, 59.93911675707345 ] } },
{ "type": "Feature", "properties": { "name": "1944", "role": "start" }, "geometry": { "type": "Point", "coordinates": [ 30.267339863271054, 59.938831116074326 ] } },
{ "type": "Feature", "properties": { "name": "1945", "role": "start" }, "geometry": { "type": "Point", "coordinates": [ 30.267581575273347, 59.9394720672449 ] } },
{ "type": "Feature", "properties": { "name": "1946", "role": "start" }, "geometry": { "type": "Point", "coordinates": [ 30.267748431251906, 59.938528702473306 ] } },
{ "type": "Feature", "properties": { "name": "1947", "role": "start" }, "geometry": { "type": "Point", "coordinates": [ 30.267859119411693, 59.938421266303941 ] } },
{ "type": "Feature", "properties": { "name": "1948", "role": "start" }, "geometry": { "type": "Point", "coordinates": [ 30.267907620569321, 59.939021182905819 ] } },
{ "type": "Feature", "properties": { "name": "1949", "role": "start" }, "geometry": { "type": "Point", "coordinates": [ 30.268072263775128, 59.938657486021143 ] } },
{ "type": "Feature", "properties": { "name": "1950", "role": "start" }, "geometry": { "type": "Point", "coordinates": [ 30.26809737863325, 59.938576808312149 ] } },
{ "type": "Feature", "properties": { "name": "1951", "role": "start" }, "geometry": { "type": "Point", "coordinates": [ 30.268291736811076, 59.939845832937827 ] } },
{ "type": "Feature", "properties": { "name": "1952", "role": "start" }, "geometry": { "type": "Point", "coordinates": [ 30.268484502623227, 59.938851253064556 ] } },
{ "type": "Feature", "properties": { "name": "1953", "role": "start" }, "geometry": { "type": "Point", "coordinates": [ 30.268665434801534, 59.939229688164346 ] } },
{ "type": "Feature", "properties": { "name": "1954", "role": "start" }, "geometry": { "type": "Point", "coordinates": [ 30.268763687381078, 59.938609221939053 ] } },
{ "type": "Feature", "properties": { "name": "1955", "role": "start" }, "geometry": { "type": "Point", "coordinates": [ 30.269119418290295, 59.940122715775544 ] } },
{ "type": "Feature", "properties": { "name": "1956", "role": "start" }, "geometry": { "type": "Point", "coordinates": [ 30.26932481293931, 59.939095360488949 ] } },
{ "type": "Feature", "properties": { "name": "1957", "role": "start" }, "geometry": { "type": "Point", "coordinates": [ 30.270629295374665, 59.935038460073223 ] } },
{ "type": "Feature", "properties": { "name": "1958", "role": "start" }, "geometry": { "type": "Point", "coordinates": [ 30.270783992874804, 59.934338649672618 ] } },
{ "type": "Feature", "properties": { "name": "1959", "role": "start" }, "geometry": { "type": "Point", "coordinates": [ 30.270949218599174, 59.93477980301796 ] } },
{ "type": "Feature", "properties": { "name": "1960", "role": "start" }, "geometry": { "type": "Point", "coordinates": [ 30.271161358249724, 59.934008944623109 ] } },
{ "type": "Feature", "properties": { "name": "1961", "role": "start" }, "geometry": { "type": "Point", "coordinates": [ 30.271059799586304, 59.936277486250042 ] } },
{ "type": "Feature", "properties": { "name": "1962", "role": "start" }, "geometry": { "type": "Point", "coordinates": [ 30.271395844499615, 59.934299902325499 ] } },
{ "type": "Feature", "properties": { "name": "1963", "role": "start" }, "geometry": { "type": "Point", "coordinates": [ 30.271469295008412, 59.935204675190469 ] } },
{ "type": "Feature", "properties": { "name": "1964", "role": "start" }, "geometry": { "type": "Point", "coordinates": [ 30.271800299091385, 59.934818801489648 ] } },
{ "type": "Feature", "properties": { "name": "1965", "role": "start" }, "geometry": { "type": "Point", "coordinates": [ 30.271865629692972, 59.935175266967697 ] } },
{ "type": "Feature", "properties": { "name": "1966", "role": "start" }, "geometry": { "type": "Point", "coordinates": [ 30.271930380673112, 59.935257387990227 ] } },
{ "type": "Feature", "properties": { "name": "1967", "role": "start" }, "geometry": { "type": "Point", "coordinates": [ 30.272062856954442, 59.935415405034107 ] } },
{ "type": "Feature", "properties": { "name": "1968", "role": "start" }, "geometry": { "type": "Point", "coordinates": [ 30.272208185646729, 59.934783636044813 ] } },
{ "type": "Feature", "properties": { "name": "1969", "role": "start" }, "geometry": { "type": "Point", "coordinates": [ 30.272233992831904, 59.934563937498481 ] } },
{ "type": "Feature", "properties": { "name": "1970", "role": "start" }, "geometry": { "type": "Point", "coordinates": [ 30.272486707491645, 59.935594707170274 ] } },
{ "type": "Feature", "properties": { "name": "1971", "role": "start" }, "geometry": { "type": "Point", "coordinates": [ 30.272862492922776, 59.93528601937291 ] } },
{ "type": "Feature", "properties": { "name": "1972", "role": "start" }, "geometry": { "type": "Point", "coordinates": [ 30.27288201831087, 59.934998761994777 ] } },
{ "type": "Feature", "properties": { "name": "1973", "role": "start" }, "geometry": { "type": "Point", "coordinates": [ 30.272903062842648, 59.935180326400491 ] } },
{ "type": "Feature", "properties": { "name": "1974", "role": "start" }, "geometry": { "type": "Point", "coordinates": [ 30.27307779998252, 59.934827941774621 ] } },
{ "type": "Feature", "properties": { "name": "1975", "role": "start" }, "geometry": { "type": "Point", "coordinates": [ 30.272493027000134, 59.934208166514516 ] } },
{ "type": "Feature", "properties": { "name": "1976", "role": "start" }, "geometry": { "type": "Point", "coordinates": [ 30.272867012874766, 59.934347150019029 ] } },
{ "type": "Feature", "properties": { "name": "1977", "role": "start" }, "geometry": { "type": "Point", "coordinates": [ 30.273259719161008, 59.934416926795627 ] } },
{ "type": "Feature", "properties": { "name": "1978", "role": "start" }, "geometry": { "type": "Point", "coordinates": [ 30.270068065737423, 59.940401573071675 ] } },
{ "type": "Feature", "properties": { "name": "1979", "role": "start" }, "geometry": { "type": "Point", "coordinates": [ 30.270343874109713, 59.940470963183735 ] } },
{ "type": "Feature", "properties": { "name": "1980", "role": "start" }, "geometry": { "type": "Point", "coordinates": [ 30.270897151416072, 59.940598411739273 ] } },
{ "type": "Feature", "properties": { "name": "1981", "role": "start" }, "geometry": { "type": "Point", "coordinates": [ 30.275572382931706, 59.941026903680971 ] } },
{ "type": "Feature", "properties": { "name": "1982", "role": "start" }, "geometry": { "type": "Point", "coordinates": [ 30.275395616448051, 59.941444040951239 ] } },
{ "type": "Feature", "properties": { "name": "1983", "role": "start" }, "geometry": { "type": "Point", "coordinates": [ 30.275626922433723, 59.941482235290216 ] } },
{ "type": "Feature", "properties": { "name": "1984", "role": "start" }, "geometry": { "type": "Point", "coordinates": [ 30.275596608331313, 59.941652434908846 ] } },
{ "type": "Feature", "properties": { "name": "1985", "role": "start" }, "geometry": { "type": "Point", "coordinates": [ 30.27630284681705, 59.941729321454737 ] } },
{ "type": "Feature", "properties": { "name": "1986", "role": "start" }, "geometry": { "type": "Point", "coordinates": [ 30.275797924196002, 59.942069779951957 ] } },
{ "type": "Feature", "properties": { "name": "1987", "role": "start" }, "geometry": { "type": "Point", "coordinates": [ 30.273580665679475, 59.941201989135486 ] } },
{ "type": "Feature", "properties": { "name": "1988", "role": "start" }, "geometry": { "type": "Point", "coordinates": [ 30.273315169543363, 59.940575627210222 ] } },
{ "type": "Feature", "properties": { "name": "1989", "role": "start" }, "geometry": { "type": "Point", "coordinates": [ 30.275097749618446, 59.9408993576182 ] } },
{ "type": "Feature", "properties": { "name": "1990", "role": "start" }, "geometry": { "type": "Point", "coordinates": [ 30.275289708424935, 59.941885176711523 ] } },
{ "type": "Feature", "properties": { "name": "1991", "role": "start" }, "geometry": { "type": "Point", "coordinates": [ 30.275439991877974, 59.94054219897636 ] } },
{ "type": "Feature", "properties": { "name": "1992", "role": "start" }, "geometry": { "type": "Point", "coordinates": [ 30.268124668338523, 59.936561021593306 ] } },
{ "type": "Feature", "properties": { "name": "1993", "role": "start" }, "geometry": { "type": "Point", "coordinates": [ 30.268245696952768, 59.937058124945729 ] } },
{ "type": "Feature", "properties": { "name": "1994", "role": "start" }, "geometry": { "type": "Point", "coordinates": [ 30.268377051600016, 59.93785020531876 ] } },
{ "type": "Feature", "properties": { "name": "1995", "role": "start" }, "geometry": { "type": "Point", "coordinates": [ 30.268563632720966, 59.937699993005729 ] } },
{ "type": "Feature", "properties": { "name": "1996", "role": "start" }, "geometry": { "type": "Point", "coordinates": [ 30.268686586998854, 59.938092107387767 ] } },
{ "type": "Feature", "properties": { "name": "1997", "role": "start" }, "geometry": { "type": "Point", "coordinates": [ 30.268733255158544, 59.937466220278679 ] } },
{ "type": "Feature", "properties": { "name": "1998", "role": "start" }, "geometry": { "type": "Point", "coordinates": [ 30.26887691444238, 59.936546111062981 ] } },
{ "type": "Feature", "properties": { "name": "1999", "role": "start" }, "geometry": { "type": "Point", "coordinates": [ 30.269157551251556, 59.93708534805404 ] } },
{ "type": "Feature", "properties": { "name": "2000", "role": "start" }, "geometry": { "type": "Point", "coordinates": [ 30.269100026548823, 59.937968501110696 ] } },
{ "type": "Feature", "properties": { "name": "2001", "role": "start" }, "geometry": { "type": "Point", "coordinates": [ 30.269148479294639, 59.938090915399926 ] } },
{ "type": "Feature", "properties": { "name": "2002", "role": "start" }, "geometry": { "type": "Point", "coordinates": [ 30.269264965747571, 59.937738650789512 ] } },
{ "type": "Feature", "properties": { "name": "2003", "role": "start" }, "geometry": { "type": "Point", "coordinates": [ 30.269556313517981, 59.93712005224198 ] } },
{ "type": "Feature", "properties": { "name": "2004", "role": "start" }, "geometry": { "type": "Point", "coordinates": [ 30.269565615852873, 59.936913066527552 ] } },
{ "type": "Feature", "properties": { "name": "2005", "role": "start" }, "geometry": { "type": "Point", "coordinates": [ 30.269588135201257, 59.937483206152052 ] } },
{ "type": "Feature", "properties": { "name": "2006", "role": "start" }, "geometry": { "type": "Point", "coordinates": [ 30.269952512389541, 59.936883121953514 ] } },
{ "type": "Feature", "properties": { "name": "2007", "role": "start" }, "geometry": { "type": "Point", "coordinates": [ 30.269984371236202, 59.938081203739266 ] } },
{ "type": "Feature", "properties": { "name": "2008", "role": "start" }, "geometry": { "type": "Point", "coordinates": [ 30.270967515920027, 59.937540567271256 ] } },
{ "type": "Feature", "properties": { "name": "2009", "role": "start" }, "geometry": { "type": "Point", "coordinates": [ 30.271127083621124, 59.936864817675144 ] } },
{ "type": "Feature", "properties": { "name": "2010", "role": "start" }, "geometry": { "type": "Point", "coordinates": [ 30.271597354614293, 59.937893911919836 ] } },
{ "type": "Feature", "properties": { "name": "2011", "role": "start" }, "geometry": { "type": "Point", "coordinates": [ 30.272105238357003, 59.936555991353963 ] } },
{ "type": "Feature", "properties": { "name": "2012", "role": "start" }, "geometry": { "type": "Point", "coordinates": [ 30.272097513246667, 59.938008910159077 ] } },
{ "type": "Feature", "properties": { "name": "2013", "role": "start" }, "geometry": { "type": "Point", "coordinates": [ 30.272196097297105, 59.937814864947271 ] } },
{ "type": "Feature", "properties": { "name": "2014", "role": "start" }, "geometry": { "type": "Point", "coordinates": [ 30.2721717850802, 59.938185295705928 ] } },
{ "type": "Feature", "properties": { "name": "2015", "role": "start" }, "geometry": { "type": "Point", "coordinates": [ 30.272324068009766, 59.937248507712852 ] } },
{ "type": "Feature", "properties": { "name": "2016", "role": "start" }, "geometry": { "type": "Point", "coordinates": [ 30.272419243936856, 59.937484443232009 ] } },
{ "type": "Feature", "properties": { "name": "2017", "role": "start" }, "geometry": { "type": "Point", "coordinates": [ 30.27286622362206, 59.937801419437193 ] } },
{ "type": "Feature", "properties": { "name": "2018", "role": "start" }, "geometry": { "type": "Point", "coordinates": [ 30.272959856826223, 59.937488986363725 ] } },
{ "type": "Feature", "properties": { "name": "2019", "role": "start" }, "geometry": { "type": "Point", "coordinates": [ 30.273333884718692, 59.937833673230855 ] } },
{ "type": "Feature", "properties": { "name": "2020", "role": "start" }, "geometry": { "type": "Point", "coordinates": [ 30.273657786696269, 59.937684238499109 ] } },
{ "type": "Feature", "properties": { "name": "2021", "role": "start" }, "geometry": { "type": "Point", "coordinates": [ 30.274441517920931, 59.937232021042647 ] } },
{ "type": "Feature", "properties": { "name": "2022", "role": "start" }, "geometry": { "type": "Point", "coordinates": [ 30.274324231251406, 59.937580422494385 ] } },
{ "type": "Feature", "properties": { "name": "2023", "role": "start" }, "geometry": { "type": "Point", "coordinates": [ 30.274188728008873, 59.937749832492493 ] } },
{ "type": "Feature", "properties": { "name": "2024", "role": "start" }, "geometry": { "type": "Point", "coordinates": [ 30.273832994927126, 59.937272006327241 ] } },
{ "type": "Feature", "properties": { "name": "2025", "role": "start" }, "geometry": { "type": "Point", "coordinates": [ 30.273620782710527, 59.937274053719769 ] } },
{ "type": "Feature", "properties": { "name": "2026", "role": "start" }, "geometry": { "type": "Point", "coordinates": [ 30.241138556867892, 59.947001300084686 ] } },
{ "type": "Feature", "properties": { "name": "2027", "role": "start" }, "geometry": { "type": "Point", "coordinates": [ 30.241477175382631, 59.947028882813768 ] } },
{ "type": "Feature", "properties": { "name": "2028", "role": "start" }, "geometry": { "type": "Point", "coordinates": [ 30.241946977591152, 59.94715560289805 ] } },
{ "type": "Feature", "properties": { "name": "2029", "role": "start" }, "geometry": { "type": "Point", "coordinates": [ 30.244466038501514, 59.947374543832709 ] } },
{ "type": "Feature", "properties": { "name": "2030", "role": "start" }, "geometry": { "type": "Point", "coordinates": [ 30.244339711157703, 59.947212340261153 ] } },
{ "type": "Feature", "properties": { "name": "2031", "role": "start" }, "geometry": { "type": "Point", "coordinates": [ 30.219880890216185, 59.953656194350707 ] } },
{ "type": "Feature", "properties": { "name": "2032", "role": "start" }, "geometry": { "type": "Point", "coordinates": [ 30.211800059390995, 59.953636008087692 ] } },
{ "type": "Feature", "properties": { "name": "2033", "role": "start" }, "geometry": { "type": "Point", "coordinates": [ 30.213763034066517, 59.954125249969152 ] } },
{ "type": "Feature", "properties": { "name": "2034", "role": "start" }, "geometry": { "type": "Point", "coordinates": [ 30.213400394490922, 59.954179145505613 ] } },
{ "type": "Feature", "properties": { "name": "2035", "role": "start" }, "geometry": { "type": "Point", "coordinates": [ 30.213113292935972, 59.954214340739647 ] } },
{ "type": "Feature", "properties": { "name": "2036", "role": "start" }, "geometry": { "type": "Point", "coordinates": [ 30.217326156175531, 59.955121839208687 ] } },
{ "type": "Feature", "properties": { "name": "2037", "role": "start" }, "geometry": { "type": "Point", "coordinates": [ 30.215373378038876, 59.955429603656064 ] } },
{ "type": "Feature", "properties": { "name": "2038", "role": "start" }, "geometry": { "type": "Point", "coordinates": [ 30.213869211330685, 59.95600864945834 ] } },
{ "type": "Feature", "properties": { "name": "2039", "role": "start" }, "geometry": { "type": "Point", "coordinates": [ 30.213491869504928, 59.956587856437899 ] } },
{ "type": "Feature", "properties": { "name": "2040", "role": "start" }, "geometry": { "type": "Point", "coordinates": [ 30.21389319795265, 59.957128684228863 ] } },
{ "type": "Feature", "properties": { "name": "2041", "role": "start" }, "geometry": { "type": "Point", "coordinates": [ 30.213997862432649, 59.954090974810242 ] } },
{ "type": "Feature", "properties": { "name": "2042", "role": "start" }, "geometry": { "type": "Point", "coordinates": [ 30.214193139331474, 59.954060654370444 ] } },
{ "type": "Feature", "properties": { "name": "2043", "role": "start" }, "geometry": { "type": "Point", "coordinates": [ 30.214377249048955, 59.954034454601512 ] } },
{ "type": "Feature", "properties": { "name": "2044", "role": "start" }, "geometry": { "type": "Point", "coordinates": [ 30.214611196867022, 59.95399955505637 ] } },
{ "type": "Feature", "properties": { "name": "2045", "role": "start" }, "geometry": { "type": "Point", "coordinates": [ 30.215190108031482, 59.95392025132476 ] } },
{ "type": "Feature", "properties": { "name": "2046", "role": "start" }, "geometry": { "type": "Point", "coordinates": [ 30.214403036589339, 59.957795680161738 ] } },
{ "type": "Feature", "properties": { "name": "2047", "role": "start" }, "geometry": { "type": "Point", "coordinates": [ 30.214179914775549, 59.957767027315924 ] } },
{ "type": "Feature", "properties": { "name": "2048", "role": "start" }, "geometry": { "type": "Point", "coordinates": [ 30.215295773618973, 59.958378065384082 ] } },
{ "type": "Feature", "properties": { "name": "2049", "role": "start" }, "geometry": { "type": "Point", "coordinates": [ 30.215090375581038, 59.958391866910517 ] } },
{ "type": "Feature", "properties": { "name": "2050", "role": "start" }, "geometry": { "type": "Point", "coordinates": [ 30.213454230094527, 59.95827719789802 ] } },
{ "type": "Feature", "properties": { "name": "2051", "role": "start" }, "geometry": { "type": "Point", "coordinates": [ 30.213642950640946, 59.958354322194786 ] } },
{ "type": "Feature", "properties": { "name": "2052", "role": "start" }, "geometry": { "type": "Point", "coordinates": [ 30.214010366416986, 59.958477809659769 ] } },
{ "type": "Feature", "properties": { "name": "2053", "role": "start" }, "geometry": { "type": "Point", "coordinates": [ 30.213888238347952, 59.958483258834413 ] } },
{ "type": "Feature", "properties": { "name": "2054", "role": "start" }, "geometry": { "type": "Point", "coordinates": [ 30.216470393497342, 59.958856864238271 ] } },
{ "type": "Feature", "properties": { "name": "2055", "role": "start" }, "geometry": { "type": "Point", "coordinates": [ 30.214692364510817, 59.958837955455145 ] } },
{ "type": "Feature", "properties": { "name": "2056", "role": "start" }, "geometry": { "type": "Point", "coordinates": [ 30.2175275958346, 59.959569904423816 ] } },
{ "type": "Feature", "properties": { "name": "2057", "role": "start" }, "geometry": { "type": "Point", "coordinates": [ 30.213546762060691, 59.952363331690037 ] } },
{ "type": "Feature", "properties": { "name": "2058", "role": "start" }, "geometry": { "type": "Point", "coordinates": [ 30.22094849085628, 59.952374948695912 ] } },
{ "type": "Feature", "properties": { "name": "2059", "role": "start" }, "geometry": { "type": "Point", "coordinates": [ 30.222017869882237, 59.952768471144843 ] } },
{ "type": "Feature", "properties": { "name": "2060", "role": "start" }, "geometry": { "type": "Point", "coordinates": [ 30.224156052705194, 59.951909634581241 ] } },
{ "type": "Feature", "properties": { "name": "2061", "role": "start" }, "geometry": { "type": "Point", "coordinates": [ 30.226431424171235, 59.952711654029336 ] } },
{ "type": "Feature", "properties": { "name": "2062", "role": "start" }, "geometry": { "type": "Point", "coordinates": [ 30.226845737379321, 59.952661836758821 ] } },
{ "type": "Feature", "properties": { "name": "2063", "role": "start" }, "geometry": { "type": "Point", "coordinates": [ 30.227344818610383, 59.951443763367287 ] } },
{ "type": "Feature", "properties": { "name": "2064", "role": "start" }, "geometry": { "type": "Point", "coordinates": [ 30.227240045939197, 59.953045347572342 ] } },
{ "type": "Feature", "properties": { "name": "2065", "role": "start" }, "geometry": { "type": "Point", "coordinates": [ 30.229298569867609, 59.952626136025451 ] } },
{ "type": "Feature", "properties": { "name": "2066", "role": "start" }, "geometry": { "type": "Point", "coordinates": [ 30.230005883177522, 59.952192247769283 ] } },
{ "type": "Feature", "properties": { "name": "2067", "role": "start" }, "geometry": { "type": "Point", "coordinates": [ 30.230542415967879, 59.950978376511735 ] } },
{ "type": "Feature", "properties": { "name": "2068", "role": "start" }, "geometry": { "type": "Point", "coordinates": [ 30.230784414513778, 59.951986472479021 ] } },
{ "type": "Feature", "properties": { "name": "2069", "role": "start" }, "geometry": { "type": "Point", "coordinates": [ 30.230700339369687, 59.953281962384573 ] } },
{ "type": "Feature", "properties": { "name": "2070", "role": "start" }, "geometry": { "type": "Point", "coordinates": [ 30.22072153569362, 59.953933462056774 ] } },
{ "type": "Feature", "properties": { "name": "2071", "role": "start" }, "geometry": { "type": "Point", "coordinates": [ 30.22096887340188, 59.953727910373438 ] } },
{ "type": "Feature", "properties": { "name": "2072", "role": "start" }, "geometry": { "type": "Point", "coordinates": [ 30.221699310710026, 59.95448816941682 ] } },
{ "type": "Feature", "properties": { "name": "2073", "role": "start" }, "geometry": { "type": "Point", "coordinates": [ 30.222067661168037, 59.953819802301481 ] } },
{ "type": "Feature", "properties": { "name": "2074", "role": "start" }, "geometry": { "type": "Point", "coordinates": [ 30.223026272935208, 59.95339652867122 ] } },
{ "type": "Feature", "properties": { "name": "2075", "role": "start" }, "geometry": { "type": "Point", "coordinates": [ 30.22327678144476, 59.953866353426243 ] } },
{ "type": "Feature", "properties": { "name": "2076", "role": "start" }, "geometry": { "type": "Point", "coordinates": [ 30.223932007869148, 59.953657628727058 ] } },
{ "type": "Feature", "properties": { "name": "2077", "role": "start" }, "geometry": { "type": "Point", "coordinates": [ 30.225067607260989, 59.954914712200747 ] } },
{ "type": "Feature", "properties": { "name": "2078", "role": "start" }, "geometry": { "type": "Point", "coordinates": [ 30.225654842180543, 59.959960389921633 ] } },
{ "type": "Feature", "properties": { "name": "2079", "role": "start" }, "geometry": { "type": "Point", "coordinates": [ 30.226370610982155, 59.960125359588829 ] } },
{ "type": "Feature", "properties": { "name": "2080", "role": "start" }, "geometry": { "type": "Point", "coordinates": [ 30.227699461206146, 59.954060097217948 ] } },
{ "type": "Feature", "properties": { "name": "2081", "role": "start" }, "geometry": { "type": "Point", "coordinates": [ 30.227743268472519, 59.960476632776924 ] } },
{ "type": "Feature", "properties": { "name": "2082", "role": "start" }, "geometry": { "type": "Point", "coordinates": [ 30.228135977787559, 59.961186563781119 ] } },
{ "type": "Feature", "properties": { "name": "2083", "role": "start" }, "geometry": { "type": "Point", "coordinates": [ 30.228666189385638, 59.959984211043412 ] } },
{ "type": "Feature", "properties": { "name": "2084", "role": "start" }, "geometry": { "type": "Point", "coordinates": [ 30.228844377559248, 59.959571634026496 ] } },
{ "type": "Feature", "properties": { "name": "2085", "role": "start" }, "geometry": { "type": "Point", "coordinates": [ 30.229252595806766, 59.955313180844648 ] } },
{ "type": "Feature", "properties": { "name": "2086", "role": "start" }, "geometry": { "type": "Point", "coordinates": [ 30.229268708456956, 59.957021566700789 ] } },
{ "type": "Feature", "properties": { "name": "2087", "role": "start" }, "geometry": { "type": "Point", "coordinates": [ 30.221930269232974, 59.957728313531874 ] } },
{ "type": "Feature", "properties": { "name": "2088", "role": "start" }, "geometry": { "type": "Point", "coordinates": [ 30.224808648360781, 59.958229486167305 ] } },
{ "type": "Feature", "properties": { "name": "2089", "role": "start" }, "geometry": { "type": "Point", "coordinates": [ 30.220416250839133, 59.959142924040584 ] } },
{ "type": "Feature", "properties": { "name": "2090", "role": "start" }, "geometry": { "type": "Point", "coordinates": [ 30.222711422518589, 59.959505562926424 ] } },
{ "type": "Feature", "properties": { "name": "2091", "role": "start" }, "geometry": { "type": "Point", "coordinates": [ 30.223405252555423, 59.959673069219804 ] } },
{ "type": "Feature", "properties": { "name": "2092", "role": "start" }, "geometry": { "type": "Point", "coordinates": [ 30.221540204875538, 59.959612815797804 ] } },
{ "type": "Feature", "properties": { "name": "2093", "role": "start" }, "geometry": { "type": "Point", "coordinates": [ 30.224486940433902, 59.96006795251526 ] } },
{ "type": "Feature", "properties": { "name": "2094", "role": "start" }, "geometry": { "type": "Point", "coordinates": [ 30.222739516948909, 59.960582006600269 ] } },
{ "type": "Feature", "properties": { "name": "2095", "role": "start" }, "geometry": { "type": "Point", "coordinates": [ 30.222848999763148, 59.960591143149763 ] } },
{ "type": "Feature", "properties": { "name": "2096", "role": "start" }, "geometry": { "type": "Point", "coordinates": [ 30.223001443959742, 59.960629744095911 ] } },
{ "type": "Feature", "properties": { "name": "2097", "role": "start" }, "geometry": { "type": "Point", "coordinates": [ 30.229681872118068, 59.958583834971371 ] } },
{ "type": "Feature", "properties": { "name": "2098", "role": "start" }, "geometry": { "type": "Point", "coordinates": [ 30.230716614179418, 59.958600390526883 ] } },
{ "type": "Feature", "properties": { "name": "2099", "role": "start" }, "geometry": { "type": "Point", "coordinates": [ 30.231048459122572, 59.956890125345232 ] } },
{ "type": "Feature", "properties": { "name": "2100", "role": "start" }, "geometry": { "type": "Point", "coordinates": [ 30.231520726536754, 59.953860464459375 ] } },
{ "type": "Feature", "properties": { "name": "2101", "role": "start" }, "geometry": { "type": "Point", "coordinates": [ 30.23170113102104, 59.955379601531092 ] } },
{ "type": "Feature", "properties": { "name": "2102", "role": "start" }, "geometry": { "type": "Point", "coordinates": [ 30.232263360612365, 59.956504067754899 ] } },
{ "type": "Feature", "properties": { "name": "2103", "role": "start" }, "geometry": { "type": "Point", "coordinates": [ 30.232200222426339, 59.959300595415677 ] } },
{ "type": "Feature", "properties": { "name": "2104", "role": "start" }, "geometry": { "type": "Point", "coordinates": [ 30.232661660519952, 59.954612177571683 ] } },
{ "type": "Feature", "properties": { "name": "2105", "role": "start" }, "geometry": { "type": "Point", "coordinates": [ 30.233280579589142, 59.953727781907709 ] } },
{ "type": "Feature", "properties": { "name": "2106", "role": "start" }, "geometry": { "type": "Point", "coordinates": [ 30.232984245898372, 59.958975306872411 ] } },
{ "type": "Feature", "properties": { "name": "2107", "role": "start" }, "geometry": { "type": "Point", "coordinates": [ 30.233680149498575, 59.958657208561675 ] } },
{ "type": "Feature", "properties": { "name": "2108", "role": "start" }, "geometry": { "type": "Point", "coordinates": [ 30.234024024184077, 59.956963515665606 ] } },
{ "type": "Feature", "properties": { "name": "2109", "role": "start" }, "geometry": { "type": "Point", "coordinates": [ 30.234186966899955, 59.955038668382429 ] } },
{ "type": "Feature", "properties": { "name": "2110", "role": "start" }, "geometry": { "type": "Point", "coordinates": [ 30.234304877097898, 59.954270291545313 ] } },
{ "type": "Feature", "properties": { "name": "2111", "role": "start" }, "geometry": { "type": "Point", "coordinates": [ 30.2339027433298, 59.949584399341575 ] } },
{ "type": "Feature", "properties": { "name": "2112", "role": "start" }, "geometry": { "type": "Point", "coordinates": [ 30.234490190721385, 59.951248584598126 ] } },
{ "type": "Feature", "properties": { "name": "2113", "role": "start" }, "geometry": { "type": "Point", "coordinates": [ 30.234645858301814, 59.949639126875823 ] } },
{ "type": "Feature", "properties": { "name": "2114", "role": "start" }, "geometry": { "type": "Point", "coordinates": [ 30.235588763870883, 59.94966553619583 ] } },
{ "type": "Feature", "properties": { "name": "2115", "role": "start" }, "geometry": { "type": "Point", "coordinates": [ 30.23565829701953, 59.950761219702024 ] } },
{ "type": "Feature", "properties": { "name": "2116", "role": "start" }, "geometry": { "type": "Point", "coordinates": [ 30.235774361550913, 59.952051411125957 ] } },
{ "type": "Feature", "properties": { "name": "2117", "role": "start" }, "geometry": { "type": "Point", "coordinates": [ 30.235822870069558, 59.952281203476481 ] } },
{ "type": "Feature", "properties": { "name": "2118", "role": "start" }, "geometry": { "type": "Point", "coordinates": [ 30.23711496743131, 59.950550221875901 ] } },
{ "type": "Feature", "properties": { "name": "2119", "role": "start" }, "geometry": { "type": "Point", "coordinates": [ 30.237428164661793, 59.948887941698352 ] } },
{ "type": "Feature", "properties": { "name": "2120", "role": "start" }, "geometry": { "type": "Point", "coordinates": [ 30.238419773511392, 59.949404001781275 ] } },
{ "type": "Feature", "properties": { "name": "2121", "role": "start" }, "geometry": { "type": "Point", "coordinates": [ 30.238666623191619, 59.950331204392619 ] } },
{ "type": "Feature", "properties": { "name": "2122", "role": "start" }, "geometry": { "type": "Point", "coordinates": [ 30.2386896897921, 59.952908270318517 ] } },
{ "type": "Feature", "properties": { "name": "2123", "role": "start" }, "geometry": { "type": "Point", "coordinates": [ 30.239118178974678, 59.950782478989005 ] } },
{ "type": "Feature", "properties": { "name": "2124", "role": "start" }, "geometry": { "type": "Point", "coordinates": [ 30.239323424010585, 59.949130921382121 ] } },
{ "type": "Feature", "properties": { "name": "2125", "role": "start" }, "geometry": { "type": "Point", "coordinates": [ 30.239186792111344, 59.951709571837966 ] } },
{ "type": "Feature", "properties": { "name": "2126", "role": "start" }, "geometry": { "type": "Point", "coordinates": [ 30.239412577365137, 59.949665437779409 ] } },
{ "type": "Feature", "properties": { "name": "2127", "role": "start" }, "geometry": { "type": "Point", "coordinates": [ 30.239901200827163, 59.950733135640235 ] } },
{ "type": "Feature", "properties": { "name": "2128", "role": "start" }, "geometry": { "type": "Point", "coordinates": [ 30.240317289379163, 59.949394905676783 ] } },
{ "type": "Feature", "properties": { "name": "2129", "role": "start" }, "geometry": { "type": "Point", "coordinates": [ 30.240401941443565, 59.949929589902794 ] } },
{ "type": "Feature", "properties": { "name": "2130", "role": "start" }, "geometry": { "type": "Point", "coordinates": [ 30.240368554372189, 59.950594673597713 ] } },
{ "type": "Feature", "properties": { "name": "2131", "role": "start" }, "geometry": { "type": "Point", "coordinates": [ 30.240480173275714, 59.952854909242035 ] } },
{ "type": "Feature", "properties": { "name": "2132", "role": "start" }, "geometry": { "type": "Point", "coordinates": [ 30.240779710508104, 59.951220757344558 ] } },
{ "type": "Feature", "properties": { "name": "2133", "role": "start" }, "geometry": { "type": "Point", "coordinates": [ 30.240731663172365, 59.95192575037084 ] } },
{ "type": "Feature", "properties": { "name": "2134", "role": "start" }, "geometry": { "type": "Point", "coordinates": [ 30.242218266276158, 59.953765473804047 ] } },
{ "type": "Feature", "properties": { "name": "2135", "role": "start" }, "geometry": { "type": "Point", "coordinates": [ 30.241468299489117, 59.952938604616158 ] } },
{ "type": "Feature", "properties": { "name": "2136", "role": "start" }, "geometry": { "type": "Point", "coordinates": [ 30.241773112978503, 59.952014684173697 ] } },
{ "type": "Feature", "properties": { "name": "2137", "role": "start" }, "geometry": { "type": "Point", "coordinates": [ 30.242171001449961, 59.953325738387186 ] } },
{ "type": "Feature", "properties": { "name": "2138", "role": "start" }, "geometry": { "type": "Point", "coordinates": [ 30.243123079597883, 59.952500546939774 ] } },
{ "type": "Feature", "properties": { "name": "2139", "role": "start" }, "geometry": { "type": "Point", "coordinates": [ 30.243724309135317, 59.953546111196935 ] } },
{ "type": "Feature", "properties": { "name": "2140", "role": "start" }, "geometry": { "type": "Point", "coordinates": [ 30.244273599555068, 59.954120695362271 ] } },
{ "type": "Feature", "properties": { "name": "2141", "role": "start" }, "geometry": { "type": "Point", "coordinates": [ 30.244392235848704, 59.952247089969077 ] } },
{ "type": "Feature", "properties": { "name": "2142", "role": "start" }, "geometry": { "type": "Point", "coordinates": [ 30.245094632575867, 59.953225694917677 ] } },
{ "type": "Feature", "properties": { "name": "2143", "role": "start" }, "geometry": { "type": "Point", "coordinates": [ 30.244856240453704, 59.954329131439451 ] } },
{ "type": "Feature", "properties": { "name": "2144", "role": "start" }, "geometry": { "type": "Point", "coordinates": [ 30.245132608192481, 59.954109562727204 ] } },
{ "type": "Feature", "properties": { "name": "2145", "role": "start" }, "geometry": { "type": "Point", "coordinates": [ 30.246411043525811, 59.953951725474596 ] } },
{ "type": "Feature", "properties": { "name": "2146", "role": "start" }, "geometry": { "type": "Point", "coordinates": [ 30.246729711830938, 59.952173682281185 ] } },
{ "type": "Feature", "properties": { "name": "2147", "role": "start" }, "geometry": { "type": "Point", "coordinates": [ 30.246110075569117, 59.954247652589437 ] } },
{ "type": "Feature", "properties": { "name": "2148", "role": "start" }, "geometry": { "type": "Point", "coordinates": [ 30.246591695916777, 59.95381010458226 ] } },
{ "type": "Feature", "properties": { "name": "2149", "role": "start" }, "geometry": { "type": "Point", "coordinates": [ 30.241397142123276, 59.950194007496457 ] } },
{ "type": "Feature", "properties": { "name": "2150", "role": "start" }, "geometry": { "type": "Point", "coordinates": [ 30.24141165613916, 59.951486137200462 ] } },
{ "type": "Feature", "properties": { "name": "2151", "role": "start" }, "geometry": { "type": "Point", "coordinates": [ 30.241726003282341, 59.948838293981844 ] } },
{ "type": "Feature", "properties": { "name": "2152", "role": "start" }, "geometry": { "type": "Point", "coordinates": [ 30.24200332821226, 59.951082615769678 ] } },
{ "type": "Feature", "properties": { "name": "2153", "role": "start" }, "geometry": { "type": "Point", "coordinates": [ 30.242292505791163, 59.949924428514556 ] } },
{ "type": "Feature", "properties": { "name": "2154", "role": "start" }, "geometry": { "type": "Point", "coordinates": [ 30.242386824712451, 59.950460094972279 ] } },
{ "type": "Feature", "properties": { "name": "2155", "role": "start" }, "geometry": { "type": "Point", "coordinates": [ 30.243290206176773, 59.950183526824731 ] } },
{ "type": "Feature", "properties": { "name": "2156", "role": "start" }, "geometry": { "type": "Point", "coordinates": [ 30.243235456852496, 59.951144646411805 ] } },
{ "type": "Feature", "properties": { "name": "2157", "role": "start" }, "geometry": { "type": "Point", "coordinates": [ 30.24362167157377, 59.950778856405883 ] } },
{ "type": "Feature", "properties": { "name": "2158", "role": "start" }, "geometry": { "type": "Point", "coordinates": [ 30.243924001552653, 59.950206853291945 ] } },
{ "type": "Feature", "properties": { "name": "2159", "role": "start" }, "geometry": { "type": "Point", "coordinates": [ 30.24437413720873, 59.950314935459097 ] } },
{ "type": "Feature", "properties": { "name": "2160", "role": "start" }, "geometry": { "type": "Point", "coordinates": [ 30.244419303776898, 59.950114085305394 ] } },
{ "type": "Feature", "properties": { "name": "2161", "role": "start" }, "geometry": { "type": "Point", "coordinates": [ 30.2443336701002, 59.951638777902389 ] } },
{ "type": "Feature", "properties": { "name": "2162", "role": "start" }, "geometry": { "type": "Point", "coordinates": [ 30.245256747109039, 59.950519697156835 ] } },
{ "type": "Feature", "properties": { "name": "2163", "role": "start" }, "geometry": { "type": "Point", "coordinates": [ 30.246457537047014, 59.949959956757006 ] } },
{ "type": "Feature", "properties": { "name": "2164", "role": "start" }, "geometry": { "type": "Point", "coordinates": [ 30.247302863836847, 59.951118506779792 ] } },
{ "type": "Feature", "properties": { "name": "2165", "role": "start" }, "geometry": { "type": "Point", "coordinates": [ 30.247440312701556, 59.949495119134433 ] } },
{ "type": "Feature", "properties": { "name": "2166", "role": "start" }, "geometry": { "type": "Point", "coordinates": [ 30.247280877207039, 59.951623700319978 ] } },
{ "type": "Feature", "properties": { "name": "2167", "role": "start" }, "geometry": { "type": "Point", "coordinates": [ 30.247717773949525, 59.951210589087722 ] } },
{ "type": "Feature", "properties": { "name": "2168", "role": "start" }, "geometry": { "type": "Point", "coordinates": [ 30.248326110398526, 59.952008773879179 ] } },
{ "type": "Feature", "properties": { "name": "2169", "role": "start" }, "geometry": { "type": "Point", "coordinates": [ 30.248870173111186, 59.949840150959673 ] } },
{ "type": "Feature", "properties": { "name": "2170", "role": "start" }, "geometry": { "type": "Point", "coordinates": [ 30.248824188447969, 59.951503941555607 ] } },
{ "type": "Feature", "properties": { "name": "2171", "role": "start" }, "geometry": { "type": "Point", "coordinates": [ 30.249568098510391, 59.949712038943133 ] } },
{ "type": "Feature", "properties": { "name": "2172", "role": "start" }, "geometry": { "type": "Point", "coordinates": [ 30.249832094132845, 59.948663953216695 ] } },
{ "type": "Feature", "properties": { "name": "2173", "role": "start" }, "geometry": { "type": "Point", "coordinates": [ 30.250049034570992, 59.949679045464237 ] } },
{ "type": "Feature", "properties": { "name": "2174", "role": "start" }, "geometry": { "type": "Point", "coordinates": [ 30.250241630095132, 59.950975693896638 ] } },
{ "type": "Feature", "properties": { "name": "2175", "role": "start" }, "geometry": { "type": "Point", "coordinates": [ 30.250491506143163, 59.949208002292849 ] } },
{ "type": "Feature", "properties": { "name": "2176", "role": "start" }, "geometry": { "type": "Point", "coordinates": [ 30.248132040776138, 59.952420241413982 ] } },
{ "type": "Feature", "properties": { "name": "2177", "role": "start" }, "geometry": { "type": "Point", "coordinates": [ 30.24894451749244, 59.95283099481788 ] } },
{ "type": "Feature", "properties": { "name": "2178", "role": "start" }, "geometry": { "type": "Point", "coordinates": [ 30.249419386852004, 59.95346312915607 ] } },
{ "type": "Feature", "properties": { "name": "2179", "role": "start" }, "geometry": { "type": "Point", "coordinates": [ 30.249191912713645, 59.95254319403557 ] } },
{ "type": "Feature", "properties": { "name": "2180", "role": "start" }, "geometry": { "type": "Point", "coordinates": [ 30.249270902366913, 59.952839275706893 ] } },
{ "type": "Feature", "properties": { "name": "2181", "role": "start" }, "geometry": { "type": "Point", "coordinates": [ 30.249616673500721, 59.952810944647744 ] } },
{ "type": "Feature", "properties": { "name": "2182", "role": "start" }, "geometry": { "type": "Point", "coordinates": [ 30.2498516703189, 59.952943531739194 ] } },
{ "type": "Feature", "properties": { "name": "2183", "role": "start" }, "geometry": { "type": "Point", "coordinates": [ 30.24888818761729, 59.952901801665597 ] } },
{ "type": "Feature", "properties": { "name": "2184", "role": "start" }, "geometry": { "type": "Point", "coordinates": [ 30.245933544586634, 59.952492819925588 ] } },
{ "type": "Feature", "properties": { "name": "2185", "role": "start" }, "geometry": { "type": "Point", "coordinates": [ 30.251314896066969, 59.952761942360311 ] } },
{ "type": "Feature", "properties": { "name": "2186", "role": "start" }, "geometry": { "type": "Point", "coordinates": [ 30.251441179786031, 59.954279493417154 ] } },
{ "type": "Feature", "properties": { "name": "2187", "role": "start" }, "geometry": { "type": "Point", "coordinates": [ 30.25190595951932, 59.949966681841403 ] } },
{ "type": "Feature", "properties": { "name": "2188", "role": "start" }, "geometry": { "type": "Point", "coordinates": [ 30.251660815446126, 59.953838559213317 ] } },
{ "type": "Feature", "properties": { "name": "2189", "role": "start" }, "geometry": { "type": "Point", "coordinates": [ 30.251833734983826, 59.951795929252938 ] } },
{ "type": "Feature", "properties": { "name": "2190", "role": "start" }, "geometry": { "type": "Point", "coordinates": [ 30.251839804238195, 59.952214913704239 ] } },
{ "type": "Feature", "properties": { "name": "2191", "role": "start" }, "geometry": { "type": "Point", "coordinates": [ 30.252070649747285, 59.95258546008462 ] } },
{ "type": "Feature", "properties": { "name": "2192", "role": "start" }, "geometry": { "type": "Point", "coordinates": [ 30.252148585758, 59.95393644145981 ] } },
{ "type": "Feature", "properties": { "name": "2193", "role": "start" }, "geometry": { "type": "Point", "coordinates": [ 30.252283792323965, 59.954361247695154 ] } },
{ "type": "Feature", "properties": { "name": "2194", "role": "start" }, "geometry": { "type": "Point", "coordinates": [ 30.252496303022767, 59.952916165911013 ] } },
{ "type": "Feature", "properties": { "name": "2195", "role": "start" }, "geometry": { "type": "Point", "coordinates": [ 30.252839510414454, 59.952271700346422 ] } },
{ "type": "Feature", "properties": { "name": "2196", "role": "start" }, "geometry": { "type": "Point", "coordinates": [ 30.253032316377528, 59.952607924894352 ] } },
{ "type": "Feature", "properties": { "name": "2197", "role": "start" }, "geometry": { "type": "Point", "coordinates": [ 30.253074744555111, 59.954337994863458 ] } },
{ "type": "Feature", "properties": { "name": "2198", "role": "start" }, "geometry": { "type": "Point", "coordinates": [ 30.253271796634305, 59.953812644107636 ] } },
{ "type": "Feature", "properties": { "name": "2199", "role": "start" }, "geometry": { "type": "Point", "coordinates": [ 30.253655574536488, 59.952309693701068 ] } },
{ "type": "Feature", "properties": { "name": "2200", "role": "start" }, "geometry": { "type": "Point", "coordinates": [ 30.253529987420055, 59.953684539240719 ] } },
{ "type": "Feature", "properties": { "name": "2201", "role": "start" }, "geometry": { "type": "Point", "coordinates": [ 30.253585118789982, 59.953551108803296 ] } },
{ "type": "Feature", "properties": { "name": "2202", "role": "start" }, "geometry": { "type": "Point", "coordinates": [ 30.253769075730801, 59.95206867573787 ] } },
{ "type": "Feature", "properties": { "name": "2203", "role": "start" }, "geometry": { "type": "Point", "coordinates": [ 30.25382903196224, 59.95333312971038 ] } },
{ "type": "Feature", "properties": { "name": "2204", "role": "start" }, "geometry": { "type": "Point", "coordinates": [ 30.253992619354875, 59.952645431336364 ] } },
{ "type": "Feature", "properties": { "name": "2205", "role": "start" }, "geometry": { "type": "Point", "coordinates": [ 30.254027627535418, 59.952969198832015 ] } },
{ "type": "Feature", "properties": { "name": "2206", "role": "start" }, "geometry": { "type": "Point", "coordinates": [ 30.254176212289703, 59.951847438076385 ] } },
{ "type": "Feature", "properties": { "name": "2207", "role": "start" }, "geometry": { "type": "Point", "coordinates": [ 30.254024974517314, 59.954312075770275 ] } },
{ "type": "Feature", "properties": { "name": "2208", "role": "start" }, "geometry": { "type": "Point", "coordinates": [ 30.25440506427466, 59.953286351891713 ] } },
{ "type": "Feature", "properties": { "name": "2209", "role": "start" }, "geometry": { "type": "Point", "coordinates": [ 30.254640512795504, 59.952316667187837 ] } },
{ "type": "Feature", "properties": { "name": "2210", "role": "start" }, "geometry": { "type": "Point", "coordinates": [ 30.254653254267303, 59.953471830779847 ] } },
{ "type": "Feature", "properties": { "name": "2211", "role": "start" }, "geometry": { "type": "Point", "coordinates": [ 30.254896255677785, 59.951731204820632 ] } },
{ "type": "Feature", "properties": { "name": "2212", "role": "start" }, "geometry": { "type": "Point", "coordinates": [ 30.254845558698818, 59.952657478851386 ] } },
{ "type": "Feature", "properties": { "name": "2213", "role": "start" }, "geometry": { "type": "Point", "coordinates": [ 30.255075157690488, 59.951956905046529 ] } },
{ "type": "Feature", "properties": { "name": "2214", "role": "start" }, "geometry": { "type": "Point", "coordinates": [ 30.255565095763277, 59.9513082532212 ] } },
{ "type": "Feature", "properties": { "name": "2215", "role": "start" }, "geometry": { "type": "Point", "coordinates": [ 30.255816786083265, 59.952703498794342 ] } },
{ "type": "Feature", "properties": { "name": "2216", "role": "start" }, "geometry": { "type": "Point", "coordinates": [ 30.255451641590451, 59.953105065556329 ] } },
{ "type": "Feature", "properties": { "name": "2217", "role": "start" }, "geometry": { "type": "Point", "coordinates": [ 30.23741056674379, 59.955825329243126 ] } },
{ "type": "Feature", "properties": { "name": "2218", "role": "start" }, "geometry": { "type": "Point", "coordinates": [ 30.2382062718269, 59.95600197065356 ] } },
{ "type": "Feature", "properties": { "name": "2219", "role": "start" }, "geometry": { "type": "Point", "coordinates": [ 30.238425388939195, 59.95666365726315 ] } },
{ "type": "Feature", "properties": { "name": "2220", "role": "start" }, "geometry": { "type": "Point", "coordinates": [ 30.238527129735644, 59.956357495341159 ] } },
{ "type": "Feature", "properties": { "name": "2221", "role": "start" }, "geometry": { "type": "Point", "coordinates": [ 30.238989659343012, 59.95575035849312 ] } },
{ "type": "Feature", "properties": { "name": "2222", "role": "start" }, "geometry": { "type": "Point", "coordinates": [ 30.23917191220254, 59.955328550050801 ] } },
{ "type": "Feature", "properties": { "name": "2223", "role": "start" }, "geometry": { "type": "Point", "coordinates": [ 30.239147213957306, 59.956546403972524 ] } },
{ "type": "Feature", "properties": { "name": "2224", "role": "start" }, "geometry": { "type": "Point", "coordinates": [ 30.239424922444336, 59.95546350561947 ] } },
{ "type": "Feature", "properties": { "name": "2225", "role": "start" }, "geometry": { "type": "Point", "coordinates": [ 30.239474341865566, 59.956057123634793 ] } },
{ "type": "Feature", "properties": { "name": "2226", "role": "start" }, "geometry": { "type": "Point", "coordinates": [ 30.239560035819029, 59.955699999061338 ] } },
{ "type": "Feature", "properties": { "name": "2227", "role": "start" }, "geometry": { "type": "Point", "coordinates": [ 30.239552455032442, 59.955975886794825 ] } },
{ "type": "Feature", "properties": { "name": "2228", "role": "start" }, "geometry": { "type": "Point", "coordinates": [ 30.239765635454503, 59.954091550053334 ] } },
{ "type": "Feature", "properties": { "name": "2229", "role": "start" }, "geometry": { "type": "Point", "coordinates": [ 30.239534250706445, 59.95752008761594 ] } },
{ "type": "Feature", "properties": { "name": "2230", "role": "start" }, "geometry": { "type": "Point", "coordinates": [ 30.239857246052985, 59.956336397923955 ] } },
{ "type": "Feature", "properties": { "name": "2231", "role": "start" }, "geometry": { "type": "Point", "coordinates": [ 30.240172112771496, 59.953588712625212 ] } },
{ "type": "Feature", "properties": { "name": "2232", "role": "start" }, "geometry": { "type": "Point", "coordinates": [ 30.240342059649127, 59.95607180573937 ] } },
{ "type": "Feature", "properties": { "name": "2233", "role": "start" }, "geometry": { "type": "Point", "coordinates": [ 30.240977183608045, 59.955454882049374 ] } },
{ "type": "Feature", "properties": { "name": "2234", "role": "start" }, "geometry": { "type": "Point", "coordinates": [ 30.241271959728842, 59.955831451648628 ] } },
{ "type": "Feature", "properties": { "name": "2235", "role": "start" }, "geometry": { "type": "Point", "coordinates": [ 30.241516886940989, 59.955536996949377 ] } },
{ "type": "Feature", "properties": { "name": "2236", "role": "start" }, "geometry": { "type": "Point", "coordinates": [ 30.241569207783499, 59.955870142459759 ] } },
{ "type": "Feature", "properties": { "name": "2237", "role": "start" }, "geometry": { "type": "Point", "coordinates": [ 30.24479183751885, 59.957503999915133 ] } },
{ "type": "Feature", "properties": { "name": "2238", "role": "start" }, "geometry": { "type": "Point", "coordinates": [ 30.245940672030088, 59.957448275773601 ] } },
{ "type": "Feature", "properties": { "name": "2239", "role": "start" }, "geometry": { "type": "Point", "coordinates": [ 30.24603982800976, 59.957593845375513 ] } },
{ "type": "Feature", "properties": { "name": "2240", "role": "start" }, "geometry": { "type": "Point", "coordinates": [ 30.247384406859474, 59.954008749572004 ] } },
{ "type": "Feature", "properties": { "name": "2241", "role": "start" }, "geometry": { "type": "Point", "coordinates": [ 30.247693870057834, 59.954088130417226 ] } },
{ "type": "Feature", "properties": { "name": "2242", "role": "start" }, "geometry": { "type": "Point", "coordinates": [ 30.247500212281931, 59.957443064307078 ] } },
{ "type": "Feature", "properties": { "name": "2243", "role": "start" }, "geometry": { "type": "Point", "coordinates": [ 30.248168440576041, 59.955655190399462 ] } },
{ "type": "Feature", "properties": { "name": "2244", "role": "start" }, "geometry": { "type": "Point", "coordinates": [ 30.248307109465575, 59.955126433553687 ] } },
{ "type": "Feature", "properties": { "name": "2245", "role": "start" }, "geometry": { "type": "Point", "coordinates": [ 30.249490236948137, 59.95420311522556 ] } },
{ "type": "Feature", "properties": { "name": "2246", "role": "start" }, "geometry": { "type": "Point", "coordinates": [ 30.24977710217977, 59.955058679780024 ] } },
{ "type": "Feature", "properties": { "name": "2247", "role": "start" }, "geometry": { "type": "Point", "coordinates": [ 30.246352490542556, 59.956311844080275 ] } },
{ "type": "Feature", "properties": { "name": "2248", "role": "start" }, "geometry": { "type": "Point", "coordinates": [ 30.251414204308276, 59.954967760808088 ] } },
{ "type": "Feature", "properties": { "name": "2249", "role": "start" }, "geometry": { "type": "Point", "coordinates": [ 30.251837589097573, 59.955055660647986 ] } },
{ "type": "Feature", "properties": { "name": "2250", "role": "start" }, "geometry": { "type": "Point", "coordinates": [ 30.252573371697402, 59.955263565525655 ] } },
{ "type": "Feature", "properties": { "name": "2251", "role": "start" }, "geometry": { "type": "Point", "coordinates": [ 30.256843791093498, 59.955348767618872 ] } },
{ "type": "Feature", "properties": { "name": "2252", "role": "start" }, "geometry": { "type": "Point", "coordinates": [ 30.253610444958266, 59.955339648191618 ] } },
{ "type": "Feature", "properties": { "name": "2253", "role": "start" }, "geometry": { "type": "Point", "coordinates": [ 30.256559709339939, 59.955426814309902 ] } },
{ "type": "Feature", "properties": { "name": "2254", "role": "start" }, "geometry": { "type": "Point", "coordinates": [ 30.252041203245668, 59.955479905972382 ] } },
{ "type": "Feature", "properties": { "name": "2255", "role": "start" }, "geometry": { "type": "Point", "coordinates": [ 30.250633874527551, 59.955533192892176 ] } },
{ "type": "Feature", "properties": { "name": "2256", "role": "start" }, "geometry": { "type": "Point", "coordinates": [ 30.251201190220023, 59.955593630274279 ] } },
{ "type": "Feature", "properties": { "name": "2257", "role": "start" }, "geometry": { "type": "Point", "coordinates": [ 30.250619165701796, 59.955826720317589 ] } },
{ "type": "Feature", "properties": { "name": "2258", "role": "start" }, "geometry": { "type": "Point", "coordinates": [ 30.254884663042041, 59.956359985109415 ] } },
{ "type": "Feature", "properties": { "name": "2259", "role": "start" }, "geometry": { "type": "Point", "coordinates": [ 30.256142655412191, 59.956453065501975 ] } },
{ "type": "Feature", "properties": { "name": "2260", "role": "start" }, "geometry": { "type": "Point", "coordinates": [ 30.255236128252331, 59.956626131067431 ] } },
{ "type": "Feature", "properties": { "name": "2261", "role": "start" }, "geometry": { "type": "Point", "coordinates": [ 30.255319696392757, 59.957019872623526 ] } },
{ "type": "Feature", "properties": { "name": "2262", "role": "start" }, "geometry": { "type": "Point", "coordinates": [ 30.251768768106782, 59.956969740663745 ] } },
{ "type": "Feature", "properties": { "name": "2263", "role": "start" }, "geometry": { "type": "Point", "coordinates": [ 30.25313334180138, 59.957215849091355 ] } },
{ "type": "Feature", "properties": { "name": "2264", "role": "start" }, "geometry": { "type": "Point", "coordinates": [ 30.25051940521227, 59.95720561677004 ] } },
{ "type": "Feature", "properties": { "name": "2265", "role": "start" }, "geometry": { "type": "Point", "coordinates": [ 30.256259174967884, 59.955742844863039 ] } },
{ "type": "Feature", "properties": { "name": "2266", "role": "start" }, "geometry": { "type": "Point", "coordinates": [ 30.25430727420915, 59.947254430197418 ] } },
{ "type": "Feature", "properties": { "name": "2267", "role": "start" }, "geometry": { "type": "Point", "coordinates": [ 30.253599625809859, 59.947329518374474 ] } },
{ "type": "Feature", "properties": { "name": "2268", "role": "start" }, "geometry": { "type": "Point", "coordinates": [ 30.254295051610047, 59.947499827180067 ] } },
{ "type": "Feature", "properties": { "name": "2269", "role": "start" }, "geometry": { "type": "Point", "coordinates": [ 30.253777246268935, 59.947538010476983 ] } },
{ "type": "Feature", "properties": { "name": "2270", "role": "start" }, "geometry": { "type": "Point", "coordinates": [ 30.253979318744914, 59.947552460160594 ] } },
{ "type": "Feature", "properties": { "name": "2271", "role": "start" }, "geometry": { "type": "Point", "coordinates": [ 30.256614732397615, 59.947915645910058 ] } },
{ "type": "Feature", "properties": { "name": "2272", "role": "start" }, "geometry": { "type": "Point", "coordinates": [ 30.253258669980767, 59.947907100606216 ] } },
{ "type": "Feature", "properties": { "name": "2273", "role": "start" }, "geometry": { "type": "Point", "coordinates": [ 30.257003045560467, 59.94800942708855 ] } },
{ "type": "Feature", "properties": { "name": "2274", "role": "start" }, "geometry": { "type": "Point", "coordinates": [ 30.252954347125844, 59.947954890717682 ] } },
{ "type": "Feature", "properties": { "name": "2275", "role": "start" }, "geometry": { "type": "Point", "coordinates": [ 30.257356619275832, 59.948047878747296 ] } },
{ "type": "Feature", "properties": { "name": "2276", "role": "start" }, "geometry": { "type": "Point", "coordinates": [ 30.258747266389189, 59.948510087466794 ] } },
{ "type": "Feature", "properties": { "name": "2277", "role": "start" }, "geometry": { "type": "Point", "coordinates": [ 30.258581479364715, 59.948719749863663 ] } },
{ "type": "Feature", "properties": { "name": "2278", "role": "start" }, "geometry": { "type": "Point", "coordinates": [ 30.252389689044541, 59.948787747713432 ] } },
{ "type": "Feature", "properties": { "name": "2279", "role": "start" }, "geometry": { "type": "Point", "coordinates": [ 30.257867223466313, 59.949055865195632 ] } },
{ "type": "Feature", "properties": { "name": "2280", "role": "start" }, "geometry": { "type": "Point", "coordinates": [ 30.258448616403218, 59.949213641085585 ] } },
{ "type": "Feature", "properties": { "name": "2281", "role": "start" }, "geometry": { "type": "Point", "coordinates": [ 30.253574634916458, 59.949335813244502 ] } },
{ "type": "Feature", "properties": { "name": "2282", "role": "start" }, "geometry": { "type": "Point", "coordinates": [ 30.259128132639589, 59.948864443207619 ] } },
{ "type": "Feature", "properties": { "name": "2283", "role": "start" }, "geometry": { "type": "Point", "coordinates": [ 30.259479367208844, 59.949093176675753 ] } },
{ "type": "Feature", "properties": { "name": "2284", "role": "start" }, "geometry": { "type": "Point", "coordinates": [ 30.259382481845893, 59.948695060839448 ] } },
{ "type": "Feature", "properties": { "name": "2285", "role": "start" }, "geometry": { "type": "Point", "coordinates": [ 30.257235718203486, 59.949799505472761 ] } },
{ "type": "Feature", "properties": { "name": "2286", "role": "start" }, "geometry": { "type": "Point", "coordinates": [ 30.259922458501304, 59.949914480981391 ] } },
{ "type": "Feature", "properties": { "name": "2287", "role": "start" }, "geometry": { "type": "Point", "coordinates": [ 30.257403811020744, 59.949885500089643 ] } },
{ "type": "Feature", "properties": { "name": "2288", "role": "start" }, "geometry": { "type": "Point", "coordinates": [ 30.257929101159046, 59.949930797871737 ] } },
{ "type": "Feature", "properties": { "name": "2289", "role": "start" }, "geometry": { "type": "Point", "coordinates": [ 30.258646859407435, 59.949978264472499 ] } },
{ "type": "Feature", "properties": { "name": "2290", "role": "start" }, "geometry": { "type": "Point", "coordinates": [ 30.260454983662331, 59.950079899937137 ] } },
{ "type": "Feature", "properties": { "name": "2291", "role": "start" }, "geometry": { "type": "Point", "coordinates": [ 30.257751665148898, 59.950325998789879 ] } },
{ "type": "Feature", "properties": { "name": "2292", "role": "start" }, "geometry": { "type": "Point", "coordinates": [ 30.257540844605238, 59.950550358958864 ] } },
{ "type": "Feature", "properties": { "name": "2293", "role": "start" }, "geometry": { "type": "Point", "coordinates": [ 30.258964519384566, 59.950657414537432 ] } },
{ "type": "Feature", "properties": { "name": "2294", "role": "start" }, "geometry": { "type": "Point", "coordinates": [ 30.259555267635641, 59.950709755056074 ] } },
{ "type": "Feature", "properties": { "name": "2295", "role": "start" }, "geometry": { "type": "Point", "coordinates": [ 30.260916737534895, 59.950844871622451 ] } },
{ "type": "Feature", "properties": { "name": "2296", "role": "start" }, "geometry": { "type": "Point", "coordinates": [ 30.26148060849107, 59.951134900102311 ] } },
{ "type": "Feature", "properties": { "name": "2297", "role": "start" }, "geometry": { "type": "Point", "coordinates": [ 30.258269673524552, 59.951252306008442 ] } },
{ "type": "Feature", "properties": { "name": "2298", "role": "start" }, "geometry": { "type": "Point", "coordinates": [ 30.256751539194692, 59.951249780437969 ] } },
{ "type": "Feature", "properties": { "name": "2299", "role": "start" }, "geometry": { "type": "Point", "coordinates": [ 30.258879145536053, 59.951847134638221 ] } },
{ "type": "Feature", "properties": { "name": "2300", "role": "start" }, "geometry": { "type": "Point", "coordinates": [ 30.257779334320045, 59.952217680677748 ] } },
{ "type": "Feature", "properties": { "name": "2301", "role": "start" }, "geometry": { "type": "Point", "coordinates": [ 30.258876114573749, 59.952271095036572 ] } },
{ "type": "Feature", "properties": { "name": "2302", "role": "start" }, "geometry": { "type": "Point", "coordinates": [ 30.256881989935625, 59.952403675439356 ] } },
{ "type": "Feature", "properties": { "name": "2303", "role": "start" }, "geometry": { "type": "Point", "coordinates": [ 30.261906753914634, 59.952875542814382 ] } },
{ "type": "Feature", "properties": { "name": "2304", "role": "start" }, "geometry": { "type": "Point", "coordinates": [ 30.26236470134512, 59.951242226450482 ] } },
{ "type": "Feature", "properties": { "name": "2305", "role": "start" }, "geometry": { "type": "Point", "coordinates": [ 30.262358406722608, 59.951420076948075 ] } },
{ "type": "Feature", "properties": { "name": "2306", "role": "start" }, "geometry": { "type": "Point", "coordinates": [ 30.266355123753922, 59.951365405267808 ] } },
{ "type": "Feature", "properties": { "name": "2307", "role": "start" }, "geometry": { "type": "Point", "coordinates": [ 30.267226168499246, 59.950688097699171 ] } },
{ "type": "Feature", "properties": { "name": "2308", "role": "start" }, "geometry": { "type": "Point", "coordinates": [ 30.267547446638915, 59.950094682746276 ] } },
{ "type": "Feature", "properties": { "name": "2309", "role": "start" }, "geometry": { "type": "Point", "coordinates": [ 30.268836641967422, 59.950035299164014 ] } },
{ "type": "Feature", "properties": { "name": "2310", "role": "start" }, "geometry": { "type": "Point", "coordinates": [ 30.267976014138174, 59.950999763441928 ] } },
{ "type": "Feature", "properties": { "name": "2311", "role": "start" }, "geometry": { "type": "Point", "coordinates": [ 30.26801827383261, 59.950732408385591 ] } },
{ "type": "Feature", "properties": { "name": "2312", "role": "start" }, "geometry": { "type": "Point", "coordinates": [ 30.268051484181587, 59.949615853659758 ] } },
{ "type": "Feature", "properties": { "name": "2313", "role": "start" }, "geometry": { "type": "Point", "coordinates": [ 30.268820422567327, 59.949736747811059 ] } },
{ "type": "Feature", "properties": { "name": "2314", "role": "start" }, "geometry": { "type": "Point", "coordinates": [ 30.269507505650203, 59.951642899689432 ] } },
{ "type": "Feature", "properties": { "name": "2315", "role": "start" }, "geometry": { "type": "Point", "coordinates": [ 30.270966553021321, 59.951609531520852 ] } },
{ "type": "Feature", "properties": { "name": "2316", "role": "start" }, "geometry": { "type": "Point", "coordinates": [ 30.271131838992776, 59.950618642575861 ] } },
{ "type": "Feature", "properties": { "name": "2317", "role": "start" }, "geometry": { "type": "Point", "coordinates": [ 30.268160792207187, 59.952382006813842 ] } },
{ "type": "Feature", "properties": { "name": "2318", "role": "start" }, "geometry": { "type": "Point", "coordinates": [ 30.261230625642355, 59.951944391255019 ] } },
{ "type": "Feature", "properties": { "name": "2319", "role": "start" }, "geometry": { "type": "Point", "coordinates": [ 30.268592612374214, 59.950438494972325 ] } },
{ "type": "Feature", "properties": { "name": "2320", "role": "start" }, "geometry": { "type": "Point", "coordinates": [ 30.267878392798202, 59.950335139218296 ] } },
{ "type": "Feature", "properties": { "name": "2321", "role": "start" }, "geometry": { "type": "Point", "coordinates": [ 30.260387702463291, 59.951409508938134 ] } },
{ "type": "Feature", "properties": { "name": "2322", "role": "start" }, "geometry": { "type": "Point", "coordinates": [ 30.257721525661541, 59.953199003676978 ] } },
{ "type": "Feature", "properties": { "name": "2323", "role": "start" }, "geometry": { "type": "Point", "coordinates": [ 30.257285110837262, 59.953304446718569 ] } },
{ "type": "Feature", "properties": { "name": "2324", "role": "start" }, "geometry": { "type": "Point", "coordinates": [ 30.258149017486872, 59.953352230116728 ] } },
{ "type": "Feature", "properties": { "name": "2325", "role": "start" }, "geometry": { "type": "Point", "coordinates": [ 30.262257710479634, 59.953533926492142 ] } },
{ "type": "Feature", "properties": { "name": "2326", "role": "start" }, "geometry": { "type": "Point", "coordinates": [ 30.260916137220487, 59.953547886396002 ] } },
{ "type": "Feature", "properties": { "name": "2327", "role": "start" }, "geometry": { "type": "Point", "coordinates": [ 30.26200638853312, 59.953660874852169 ] } },
{ "type": "Feature", "properties": { "name": "2328", "role": "start" }, "geometry": { "type": "Point", "coordinates": [ 30.260481130566916, 59.953674062267076 ] } },
{ "type": "Feature", "properties": { "name": "2329", "role": "start" }, "geometry": { "type": "Point", "coordinates": [ 30.263845672427731, 59.953851270929796 ] } },
{ "type": "Feature", "properties": { "name": "2330", "role": "start" }, "geometry": { "type": "Point", "coordinates": [ 30.261490902293925, 59.953847431236007 ] } },
{ "type": "Feature", "properties": { "name": "2331", "role": "start" }, "geometry": { "type": "Point", "coordinates": [ 30.258705707288868, 59.953804186349849 ] } },
{ "type": "Feature", "properties": { "name": "2332", "role": "start" }, "geometry": { "type": "Point", "coordinates": [ 30.260488880936176, 59.954059144793575 ] } },
{ "type": "Feature", "properties": { "name": "2333", "role": "start" }, "geometry": { "type": "Point", "coordinates": [ 30.259954384528537, 59.95409112373801 ] } },
{ "type": "Feature", "properties": { "name": "2334", "role": "start" }, "geometry": { "type": "Point", "coordinates": [ 30.262694846660136, 59.954296006620453 ] } },
{ "type": "Feature", "properties": { "name": "2335", "role": "start" }, "geometry": { "type": "Point", "coordinates": [ 30.261785303322437, 59.954311760915999 ] } },
{ "type": "Feature", "properties": { "name": "2336", "role": "start" }, "geometry": { "type": "Point", "coordinates": [ 30.256849080939542, 59.954237346329478 ] } },
{ "type": "Feature", "properties": { "name": "2337", "role": "start" }, "geometry": { "type": "Point", "coordinates": [ 30.260283069350372, 59.954342806750972 ] } },
{ "type": "Feature", "properties": { "name": "2338", "role": "start" }, "geometry": { "type": "Point", "coordinates": [ 30.263586927205818, 59.954511333320283 ] } },
{ "type": "Feature", "properties": { "name": "2339", "role": "start" }, "geometry": { "type": "Point", "coordinates": [ 30.262357227763058, 59.954586950476759 ] } },
{ "type": "Feature", "properties": { "name": "2340", "role": "start" }, "geometry": { "type": "Point", "coordinates": [ 30.262123425052138, 59.954663153385177 ] } },
{ "type": "Feature", "properties": { "name": "2341", "role": "start" }, "geometry": { "type": "Point", "coordinates": [ 30.258169211387635, 59.954596340098341 ] } },
{ "type": "Feature", "properties": { "name": "2342", "role": "start" }, "geometry": { "type": "Point", "coordinates": [ 30.261962257313819, 59.954715312384323 ] } },
{ "type": "Feature", "properties": { "name": "2343", "role": "start" }, "geometry": { "type": "Point", "coordinates": [ 30.257252042086844, 59.954647110629949 ] } },
{ "type": "Feature", "properties": { "name": "2344", "role": "start" }, "geometry": { "type": "Point", "coordinates": [ 30.25827903987798, 59.954681009371896 ] } },
{ "type": "Feature", "properties": { "name": "2345", "role": "start" }, "geometry": { "type": "Point", "coordinates": [ 30.261103396714724, 59.954762198361884 ] } },
{ "type": "Feature", "properties": { "name": "2346", "role": "start" }, "geometry": { "type": "Point", "coordinates": [ 30.257180478291751, 59.95489109565635 ] } },
{ "type": "Feature", "properties": { "name": "2347", "role": "start" }, "geometry": { "type": "Point", "coordinates": [ 30.258911994084905, 59.954982969231878 ] } },
{ "type": "Feature", "properties": { "name": "2348", "role": "start" }, "geometry": { "type": "Point", "coordinates": [ 30.259958725516888, 59.955033054793581 ] } },
{ "type": "Feature", "properties": { "name": "2349", "role": "start" }, "geometry": { "type": "Point", "coordinates": [ 30.260685247610692, 59.955264956314679 ] } },
{ "type": "Feature", "properties": { "name": "2350", "role": "start" }, "geometry": { "type": "Point", "coordinates": [ 30.264092039221413, 59.955394481702719 ] } },
{ "type": "Feature", "properties": { "name": "2351", "role": "start" }, "geometry": { "type": "Point", "coordinates": [ 30.264362867154343, 59.955573048687462 ] } },
{ "type": "Feature", "properties": { "name": "2352", "role": "start" }, "geometry": { "type": "Point", "coordinates": [ 30.263120002404701, 59.956042195453399 ] } },
{ "type": "Feature", "properties": { "name": "2353", "role": "start" }, "geometry": { "type": "Point", "coordinates": [ 30.26265729382548, 59.956557296117552 ] } },
{ "type": "Feature", "properties": { "name": "2354", "role": "start" }, "geometry": { "type": "Point", "coordinates": [ 30.259745938813552, 59.948699524163857 ] } },
{ "type": "Feature", "properties": { "name": "2355", "role": "start" }, "geometry": { "type": "Point", "coordinates": [ 30.2600891134568, 59.94901511383285 ] } },
{ "type": "Feature", "properties": { "name": "2356", "role": "start" }, "geometry": { "type": "Point", "coordinates": [ 30.260206891721722, 59.948814699847574 ] } },
{ "type": "Feature", "properties": { "name": "2357", "role": "start" }, "geometry": { "type": "Point", "coordinates": [ 30.261220644887452, 59.949048507736116 ] } },
{ "type": "Feature", "properties": { "name": "2358", "role": "start" }, "geometry": { "type": "Point", "coordinates": [ 30.26062635699374, 59.949066454048349 ] } },
{ "type": "Feature", "properties": { "name": "2359", "role": "start" }, "geometry": { "type": "Point", "coordinates": [ 30.261685171359428, 59.949115103840619 ] } },
{ "type": "Feature", "properties": { "name": "2360", "role": "start" }, "geometry": { "type": "Point", "coordinates": [ 30.260440771425316, 59.948850825589055 ] } },
{ "type": "Feature", "properties": { "name": "2361", "role": "start" }, "geometry": { "type": "Point", "coordinates": [ 30.260199432292755, 59.949213860057917 ] } },
{ "type": "Feature", "properties": { "name": "2362", "role": "start" }, "geometry": { "type": "Point", "coordinates": [ 30.183116056824655, 59.942546795756797 ] } },
{ "type": "Feature", "properties": { "name": "2363", "role": "start" }, "geometry": { "type": "Point", "coordinates": [ 30.184866473809919, 59.942200344983185 ] } },
{ "type": "Feature", "properties": { "name": "2364", "role": "start" }, "geometry": { "type": "Point", "coordinates": [ 30.193191031366204, 59.941288082167269 ] } },
{ "type": "Feature", "properties": { "name": "2365", "role": "start" }, "geometry": { "type": "Point", "coordinates": [ 30.194877496884153, 59.940987662998836 ] } },
{ "type": "Feature", "properties": { "name": "2366", "role": "start" }, "geometry": { "type": "Point", "coordinates": [ 30.194057445735183, 59.950399253205688 ] } },
{ "type": "Feature", "properties": { "name": "2367", "role": "start" }, "geometry": { "type": "Point", "coordinates": [ 30.218446748666114, 59.941222692019394 ] } },
{ "type": "Feature", "properties": { "name": "2368", "role": "start" }, "geometry": { "type": "Point", "coordinates": [ 30.221635699911271, 59.941356823771237 ] } },
{ "type": "Feature", "properties": { "name": "2369", "role": "start" }, "geometry": { "type": "Point", "coordinates": [ 30.214014579927461, 59.942202212895403 ] } },
{ "type": "Feature", "properties": { "name": "2370", "role": "start" }, "geometry": { "type": "Point", "coordinates": [ 30.217678653268706, 59.942211974663564 ] } },
{ "type": "Feature", "properties": { "name": "2371", "role": "start" }, "geometry": { "type": "Point", "coordinates": [ 30.227821658465196, 59.942602989424984 ] } },
{ "type": "Feature", "properties": { "name": "2372", "role": "start" }, "geometry": { "type": "Point", "coordinates": [ 30.223412966813811, 59.946716560457006 ] } },
{ "type": "Feature", "properties": { "name": "2373", "role": "start" }, "geometry": { "type": "Point", "coordinates": [ 30.224320362350777, 59.944047102134199 ] } },
{ "type": "Feature", "properties": { "name": "2374", "role": "start" }, "geometry": { "type": "Point", "coordinates": [ 30.209821833544506, 59.945707552711028 ] } },
{ "type": "Feature", "properties": { "name": "2375", "role": "start" }, "geometry": { "type": "Point", "coordinates": [ 30.212256838746669, 59.945126128811857 ] } },
{ "type": "Feature", "properties": { "name": "2376", "role": "start" }, "geometry": { "type": "Point", "coordinates": [ 30.203461358731975, 59.940026410898327 ] } },
{ "type": "Feature", "properties": { "name": "2377", "role": "start" }, "geometry": { "type": "Point", "coordinates": [ 30.204523953982608, 59.939310464778252 ] } },
{ "type": "Feature", "properties": { "name": "2378", "role": "start" }, "geometry": { "type": "Point", "coordinates": [ 30.205385918291629, 59.938550626149798 ] } },
{ "type": "Feature", "properties": { "name": "2379", "role": "start" }, "geometry": { "type": "Point", "coordinates": [ 30.207351968508977, 59.943962562632976 ] } },
{ "type": "Feature", "properties": { "name": "2380", "role": "start" }, "geometry": { "type": "Point", "coordinates": [ 30.212358567830044, 59.940450649555721 ] } },
{ "type": "Feature", "properties": { "name": "2381", "role": "start" }, "geometry": { "type": "Point", "coordinates": [ 30.210202913151875, 59.942477741101008 ] } },
{ "type": "Feature", "properties": { "name": "2382", "role": "start" }, "geometry": { "type": "Point", "coordinates": [ 30.216403372723597, 59.944671303687777 ] } },
{ "type": "Feature", "properties": { "name": "2383", "role": "start" }, "geometry": { "type": "Point", "coordinates": [ 30.216171372104721, 59.945504351744319 ] } },
{ "type": "Feature", "properties": { "name": "2384", "role": "start" }, "geometry": { "type": "Point", "coordinates": [ 30.240361075493261, 59.945378114719801 ] } },
{ "type": "Feature", "properties": { "name": "2385", "role": "start" }, "geometry": { "type": "Point", "coordinates": [ 30.258468889492445, 59.943950698503492 ] } },
{ "type": "Feature", "properties": { "name": "2386", "role": "start" }, "geometry": { "type": "Point", "coordinates": [ 30.259292344106399, 59.944321381119913 ] } },
{ "type": "Feature", "properties": { "name": "2387", "role": "start" }, "geometry": { "type": "Point", "coordinates": [ 30.27663455181191, 59.947182038253025 ] } },
{ "type": "Feature", "properties": { "name": "2388", "role": "start" }, "geometry": { "type": "Point", "coordinates": [ 30.278243107599309, 59.947184959916321 ] } },
{ "type": "Feature", "properties": { "name": "2389", "role": "start" }, "geometry": { "type": "Point", "coordinates": [ 30.278913968395297, 59.947677546782806 ] } },
{ "type": "Feature", "properties": { "name": "2390", "role": "start" }, "geometry": { "type": "Point", "coordinates": [ 30.279211783070465, 59.947944597948933 ] } },
{ "type": "Feature", "properties": { "name": "2391", "role": "start" }, "geometry": { "type": "Point", "coordinates": [ 30.275826730851236, 59.947826876084072 ] } },
{ "type": "Feature", "properties": { "name": "2392", "role": "start" }, "geometry": { "type": "Point", "coordinates": [ 30.276748417303676, 59.948066142396264 ] } },
{ "type": "Feature", "properties": { "name": "2393", "role": "start" }, "geometry": { "type": "Point", "coordinates": [ 30.277316234424223, 59.948237773528518 ] } },
{ "type": "Feature", "properties": { "name": "2394", "role": "start" }, "geometry": { "type": "Point", "coordinates": [ 30.277782915555903, 59.9483730084564 ] } },
{ "type": "Feature", "properties": { "name": "2395", "role": "start" }, "geometry": { "type": "Point", "coordinates": [ 30.275351430970051, 59.948354159737882 ] } },
{ "type": "Feature", "properties": { "name": "2396", "role": "start" }, "geometry": { "type": "Point", "coordinates": [ 30.278442395440198, 59.948526446605321 ] } },
{ "type": "Feature", "properties": { "name": "2397", "role": "start" }, "geometry": { "type": "Point", "coordinates": [ 30.277062366463714, 59.948671078950575 ] } },
{ "type": "Feature", "properties": { "name": "2398", "role": "start" }, "geometry": { "type": "Point", "coordinates": [ 30.275404937198999, 59.94941583389636 ] } },
{ "type": "Feature", "properties": { "name": "2399", "role": "start" }, "geometry": { "type": "Point", "coordinates": [ 30.27595793496095, 59.947151652289676 ] } },
{ "type": "Feature", "properties": { "name": "2400", "role": "start" }, "geometry": { "type": "Point", "coordinates": [ 30.275910454562684, 59.948922826463253 ] } },
{ "type": "Feature", "properties": { "name": "2401", "role": "start" }, "geometry": { "type": "Point", "coordinates": [ 30.275438832549032, 59.943648042661628 ] } },
{ "type": "Feature", "properties": { "name": "2402", "role": "start" }, "geometry": { "type": "Point", "coordinates": [ 30.276557716548918, 59.944071028532186 ] } },
{ "type": "Feature", "properties": { "name": "2403", "role": "start" }, "geometry": { "type": "Point", "coordinates": [ 30.277611952994363, 59.944779455418413 ] } },
{ "type": "Feature", "properties": { "name": "2404", "role": "start" }, "geometry": { "type": "Point", "coordinates": [ 30.27688246401565, 59.945241851214597 ] } },
{ "type": "Feature", "properties": { "name": "2405", "role": "start" }, "geometry": { "type": "Point", "coordinates": [ 30.276686445340196, 59.945556771054619 ] } },
{ "type": "Feature", "properties": { "name": "2406", "role": "start" }, "geometry": { "type": "Point", "coordinates": [ 30.279125084702052, 59.946398045670584 ] } },
{ "type": "Feature", "properties": { "name": "2407", "role": "start" }, "geometry": { "type": "Point", "coordinates": [ 30.277411773194693, 59.946595583195062 ] } },
{ "type": "Feature", "properties": { "name": "2408", "role": "start" }, "geometry": { "type": "Point", "coordinates": [ 30.278588253458157, 59.946760800444295 ] } },
{ "type": "Feature", "properties": { "name": "2409", "role": "start" }, "geometry": { "type": "Point", "coordinates": [ 30.278726100837979, 59.945299247624369 ] } },
{ "type": "Feature", "properties": { "name": "2410", "role": "start" }, "geometry": { "type": "Point", "coordinates": [ 30.278990956625151, 59.945127088986709 ] } },
{ "type": "Feature", "properties": { "name": "2411", "role": "start" }, "geometry": { "type": "Point", "coordinates": [ 30.278416944226009, 59.945392188491958 ] } },
{ "type": "Feature", "properties": { "name": "2412", "role": "start" }, "geometry": { "type": "Point", "coordinates": [ 30.275859078463334, 59.946332921299941 ] } },
{ "type": "Feature", "properties": { "name": "2413", "role": "start" }, "geometry": { "type": "Point", "coordinates": [ 30.280210242005271, 59.948358298777855 ] } },
{ "type": "Feature", "properties": { "name": "2414", "role": "start" }, "geometry": { "type": "Point", "coordinates": [ 30.280739724202704, 59.944775399264877 ] } },
{ "type": "Feature", "properties": { "name": "2415", "role": "start" }, "geometry": { "type": "Point", "coordinates": [ 30.281172539403688, 59.944333818138972 ] } },
{ "type": "Feature", "properties": { "name": "2416", "role": "start" }, "geometry": { "type": "Point", "coordinates": [ 30.281315355359059, 59.945832940270861 ] } },
{ "type": "Feature", "properties": { "name": "2417", "role": "start" }, "geometry": { "type": "Point", "coordinates": [ 30.281586119834273, 59.945709131468369 ] } },
{ "type": "Feature", "properties": { "name": "2418", "role": "start" }, "geometry": { "type": "Point", "coordinates": [ 30.281938248931638, 59.945314526891607 ] } },
{ "type": "Feature", "properties": { "name": "2419", "role": "start" }, "geometry": { "type": "Point", "coordinates": [ 30.282314541688997, 59.945141895332704 ] } },
{ "type": "Feature", "properties": { "name": "2420", "role": "start" }, "geometry": { "type": "Point", "coordinates": [ 30.282299294967416, 59.944651563546628 ] } },
{ "type": "Feature", "properties": { "name": "2421", "role": "start" }, "geometry": { "type": "Point", "coordinates": [ 30.282006915213895, 59.947327262187883 ] } },
{ "type": "Feature", "properties": { "name": "2422", "role": "start" }, "geometry": { "type": "Point", "coordinates": [ 30.2808881640746, 59.947550369452038 ] } },
{ "type": "Feature", "properties": { "name": "2423", "role": "start" }, "geometry": { "type": "Point", "coordinates": [ 30.283246646995376, 59.9468982382921 ] } },
{ "type": "Feature", "properties": { "name": "2424", "role": "start" }, "geometry": { "type": "Point", "coordinates": [ 30.283020709553679, 59.94654496345904 ] } },
{ "type": "Feature", "properties": { "name": "2425", "role": "start" }, "geometry": { "type": "Point", "coordinates": [ 30.283666217465068, 59.945115915343152 ] } },
{ "type": "Feature", "properties": { "name": "2426", "role": "start" }, "geometry": { "type": "Point", "coordinates": [ 30.284225047405524, 59.945269857902176 ] } },
{ "type": "Feature", "properties": { "name": "2427", "role": "start" }, "geometry": { "type": "Point", "coordinates": [ 30.284704893518978, 59.946000335805671 ] } },
{ "type": "Feature", "properties": { "name": "2428", "role": "start" }, "geometry": { "type": "Point", "coordinates": [ 30.284886626371879, 59.945656267879656 ] } },
{ "type": "Feature", "properties": { "name": "2429", "role": "start" }, "geometry": { "type": "Point", "coordinates": [ 30.284884174309134, 59.947186556537723 ] } },
{ "type": "Feature", "properties": { "name": "2430", "role": "start" }, "geometry": { "type": "Point", "coordinates": [ 30.284795900856768, 59.945263038229854 ] } },
{ "type": "Feature", "properties": { "name": "2431", "role": "start" }, "geometry": { "type": "Point", "coordinates": [ 30.285463459226992, 59.945423836005155 ] } },
{ "type": "Feature", "properties": { "name": "2432", "role": "start" }, "geometry": { "type": "Point", "coordinates": [ 30.286506673429582, 59.945914159333185 ] } },
{ "type": "Feature", "properties": { "name": "2433", "role": "start" }, "geometry": { "type": "Point", "coordinates": [ 30.287050522535417, 59.946646181205331 ] } },
{ "type": "Feature", "properties": { "name": "2434", "role": "start" }, "geometry": { "type": "Point", "coordinates": [ 30.288233603251069, 59.946330614998878 ] } },
{ "type": "Feature", "properties": { "name": "2435", "role": "start" }, "geometry": { "type": "Point", "coordinates": [ 30.285385893438072, 59.946776716808124 ] } },
{ "type": "Feature", "properties": { "name": "2436", "role": "start" }, "geometry": { "type": "Point", "coordinates": [ 30.279899986504528, 59.944244347563838 ] } },
{ "type": "Feature", "properties": { "name": "2437", "role": "start" }, "geometry": { "type": "Point", "coordinates": [ 30.26047978837601, 59.946172619653183 ] } },
{ "type": "Feature", "properties": { "name": "2438", "role": "start" }, "geometry": { "type": "Point", "coordinates": [ 30.257014109660513, 59.946404542445308 ] } },
{ "type": "Feature", "properties": { "name": "2439", "role": "start" }, "geometry": { "type": "Point", "coordinates": [ 30.263304252363234, 59.946792490176897 ] } },
{ "type": "Feature", "properties": { "name": "2440", "role": "start" }, "geometry": { "type": "Point", "coordinates": [ 30.262121310346117, 59.946696359635162 ] } },
{ "type": "Feature", "properties": { "name": "2441", "role": "start" }, "geometry": { "type": "Point", "coordinates": [ 30.261877173135733, 59.946894655811199 ] } },
{ "type": "Feature", "properties": { "name": "2442", "role": "start" }, "geometry": { "type": "Point", "coordinates": [ 30.258503130679856, 59.946939686064901 ] } },
{ "type": "Feature", "properties": { "name": "2443", "role": "start" }, "geometry": { "type": "Point", "coordinates": [ 30.265197837914069, 59.939587353186383 ] } },
{ "type": "Feature", "properties": { "name": "2444", "role": "start" }, "geometry": { "type": "Point", "coordinates": [ 30.265818513362756, 59.940091714965263 ] } },
{ "type": "Feature", "properties": { "name": "2445", "role": "start" }, "geometry": { "type": "Point", "coordinates": [ 30.264057269150019, 59.94030927100583 ] } },
{ "type": "Feature", "properties": { "name": "2446", "role": "start" }, "geometry": { "type": "Point", "coordinates": [ 30.263294097550897, 59.942315440014049 ] } },
{ "type": "Feature", "properties": { "name": "2447", "role": "start" }, "geometry": { "type": "Point", "coordinates": [ 30.264207562104676, 59.943110645549709 ] } },
{ "type": "Feature", "properties": { "name": "2448", "role": "start" }, "geometry": { "type": "Point", "coordinates": [ 30.261760809757003, 59.943748176241122 ] } },
{ "type": "Feature", "properties": { "name": "2449", "role": "start" }, "geometry": { "type": "Point", "coordinates": [ 30.261820355596537, 59.945227074799234 ] } },
{ "type": "Feature", "properties": { "name": "2450", "role": "start" }, "geometry": { "type": "Point", "coordinates": [ 30.262259489371086, 59.94476088296225 ] } },
{ "type": "Feature", "properties": { "name": "2451", "role": "start" }, "geometry": { "type": "Point", "coordinates": [ 30.264370781517151, 59.945715663011804 ] } },
{ "type": "Feature", "properties": { "name": "2452", "role": "start" }, "geometry": { "type": "Point", "coordinates": [ 30.265726414745142, 59.944923496855438 ] } },
{ "type": "Feature", "properties": { "name": "2453", "role": "start" }, "geometry": { "type": "Point", "coordinates": [ 30.270510805407607, 59.943691091246919 ] } },
{ "type": "Feature", "properties": { "name": "2454", "role": "start" }, "geometry": { "type": "Point", "coordinates": [ 30.271254888229979, 59.942411046935476 ] } },
{ "type": "Feature", "properties": { "name": "2455", "role": "start" }, "geometry": { "type": "Point", "coordinates": [ 30.271332384247621, 59.942944665282624 ] } },
{ "type": "Feature", "properties": { "name": "2456", "role": "start" }, "geometry": { "type": "Point", "coordinates": [ 30.267114638133737, 59.942512385549087 ] } },
{ "type": "Feature", "properties": { "name": "2457", "role": "start" }, "geometry": { "type": "Point", "coordinates": [ 30.268878050996712, 59.943699635279522 ] } },
{ "type": "Feature", "properties": { "name": "2458", "role": "start" }, "geometry": { "type": "Point", "coordinates": [ 30.267412119986009, 59.944726003477577 ] } },
{ "type": "Feature", "properties": { "name": "2459", "role": "start" }, "geometry": { "type": "Point", "coordinates": [ 30.269223963569296, 59.944585018084851 ] } },
{ "type": "Feature", "properties": { "name": "2460", "role": "start" }, "geometry": { "type": "Point", "coordinates": [ 30.269158970723147, 59.944897711461714 ] } },
{ "type": "Feature", "properties": { "name": "2461", "role": "start" }, "geometry": { "type": "Point", "coordinates": [ 30.269878897610869, 59.944020866133172 ] } },
{ "type": "Feature", "properties": { "name": "2462", "role": "start" }, "geometry": { "type": "Point", "coordinates": [ 30.27082041719169, 59.945010342451546 ] } },
{ "type": "Feature", "properties": { "name": "2463", "role": "start" }, "geometry": { "type": "Point", "coordinates": [ 30.268735534273599, 59.940612522401224 ] } },
{ "type": "Feature", "properties": { "name": "2464", "role": "start" }, "geometry": { "type": "Point", "coordinates": [ 30.268404348310693, 59.941119424282199 ] } },
{ "type": "Feature", "properties": { "name": "2465", "role": "start" }, "geometry": { "type": "Point", "coordinates": [ 30.269467779299632, 59.94148934392252 ] } },
{ "type": "Feature", "properties": { "name": "2466", "role": "start" }, "geometry": { "type": "Point", "coordinates": [ 30.270952625478944, 59.943130550333699 ] } },
{ "type": "Feature", "properties": { "name": "2467", "role": "start" }, "geometry": { "type": "Point", "coordinates": [ 30.270574222775608, 59.943409382037395 ] } },
{ "type": "Feature", "properties": { "name": "2468", "role": "start" }, "geometry": { "type": "Point", "coordinates": [ 30.270872699376824, 59.94639272506172 ] } },
{ "type": "Feature", "properties": { "name": "2469", "role": "start" }, "geometry": { "type": "Point", "coordinates": [ 30.272178587796368, 59.946708542659124 ] } },
{ "type": "Feature", "properties": { "name": "2470", "role": "start" }, "geometry": { "type": "Point", "coordinates": [ 30.272578798215275, 59.946884121274095 ] } },
{ "type": "Feature", "properties": { "name": "2471", "role": "start" }, "geometry": { "type": "Point", "coordinates": [ 30.273370400678033, 59.947063149226629 ] } },
{ "type": "Feature", "properties": { "name": "2472", "role": "start" }, "geometry": { "type": "Point", "coordinates": [ 30.271491474864813, 59.947021614876093 ] } },
{ "type": "Feature", "properties": { "name": "2473", "role": "start" }, "geometry": { "type": "Point", "coordinates": [ 30.269890764209414, 59.947123829737087 ] } },
{ "type": "Feature", "properties": { "name": "2474", "role": "start" }, "geometry": { "type": "Point", "coordinates": [ 30.268298494894786, 59.947311668229474 ] } },
{ "type": "Feature", "properties": { "name": "2475", "role": "start" }, "geometry": { "type": "Point", "coordinates": [ 30.270946170466051, 59.947644746337964 ] } },
{ "type": "Feature", "properties": { "name": "2476", "role": "start" }, "geometry": { "type": "Point", "coordinates": [ 30.272018702559379, 59.945065286708115 ] } },
{ "type": "Feature", "properties": { "name": "2477", "role": "start" }, "geometry": { "type": "Point", "coordinates": [ 30.271785848884214, 59.945330902572181 ] } },
{ "type": "Feature", "properties": { "name": "2478", "role": "start" }, "geometry": { "type": "Point", "coordinates": [ 30.272200412910063, 59.941619437867537 ] } },
{ "type": "Feature", "properties": { "name": "2479", "role": "start" }, "geometry": { "type": "Point", "coordinates": [ 30.272748886245509, 59.941789382643691 ] } },
{ "type": "Feature", "properties": { "name": "2480", "role": "start" }, "geometry": { "type": "Point", "coordinates": [ 30.274414170285223, 59.942352502030936 ] } },
{ "type": "Feature", "properties": { "name": "2481", "role": "start" }, "geometry": { "type": "Point", "coordinates": [ 30.27510292901523, 59.943819599786558 ] } },
{ "type": "Feature", "properties": { "name": "2482", "role": "start" }, "geometry": { "type": "Point", "coordinates": [ 30.195334290630356, 59.931847063378825 ] } },
{ "type": "Feature", "properties": { "name": "2483", "role": "start" }, "geometry": { "type": "Point", "coordinates": [ 30.202400819849547, 59.929742341866501 ] } },
{ "type": "Feature", "properties": { "name": "2484", "role": "start" }, "geometry": { "type": "Point", "coordinates": [ 30.206147247578656, 59.933344901601814 ] } },
{ "type": "Feature", "properties": { "name": "2485", "role": "start" }, "geometry": { "type": "Point", "coordinates": [ 30.203616357664661, 59.933305441168343 ] } },
{ "type": "Feature", "properties": { "name": "2486", "role": "start" }, "geometry": { "type": "Point", "coordinates": [ 30.225990066442485, 59.939596058862527 ] } },
{ "type": "Feature", "properties": { "name": "2487", "role": "start" }, "geometry": { "type": "Point", "coordinates": [ 30.232773053704729, 59.937480656725377 ] } },
{ "type": "Feature", "properties": { "name": "2488", "role": "start" }, "geometry": { "type": "Point", "coordinates": [ 30.231421640623282, 59.939151883863438 ] } },
{ "type": "Feature", "properties": { "name": "2489", "role": "start" }, "geometry": { "type": "Point", "coordinates": [ 30.228850838054452, 59.936055440523795 ] } },
{ "type": "Feature", "properties": { "name": "2490", "role": "start" }, "geometry": { "type": "Point", "coordinates": [ 30.238544002282143, 59.929983903359243 ] } },
{ "type": "Feature", "properties": { "name": "2491", "role": "start" }, "geometry": { "type": "Point", "coordinates": [ 30.239040582778216, 59.932503960700494 ] } },
{ "type": "Feature", "properties": { "name": "2492", "role": "start" }, "geometry": { "type": "Point", "coordinates": [ 30.238764651263157, 59.925520146870618 ] } },
{ "type": "Feature", "properties": { "name": "2493", "role": "start" }, "geometry": { "type": "Point", "coordinates": [ 30.242080616068417, 59.927455528173219 ] } },
{ "type": "Feature", "properties": { "name": "2494", "role": "start" }, "geometry": { "type": "Point", "coordinates": [ 30.241115765691742, 59.927693116968051 ] } },
{ "type": "Feature", "properties": { "name": "2495", "role": "start" }, "geometry": { "type": "Point", "coordinates": [ 30.241028489095353, 59.927947751269812 ] } },
{ "type": "Feature", "properties": { "name": "2496", "role": "start" }, "geometry": { "type": "Point", "coordinates": [ 30.240988975250126, 59.926048884308237 ] } },
{ "type": "Feature", "properties": { "name": "2497", "role": "start" }, "geometry": { "type": "Point", "coordinates": [ 30.240588973389244, 59.933267507658208 ] } },
{ "type": "Feature", "properties": { "name": "2498", "role": "start" }, "geometry": { "type": "Point", "coordinates": [ 30.236802645465442, 59.933271808065989 ] } },
{ "type": "Feature", "properties": { "name": "2499", "role": "start" }, "geometry": { "type": "Point", "coordinates": [ 30.237937483697934, 59.935076573480082 ] } },
{ "type": "Feature", "properties": { "name": "2500", "role": "start" }, "geometry": { "type": "Point", "coordinates": [ 30.236121014508154, 59.935727657268522 ] } },
{ "type": "Feature", "properties": { "name": "2501", "role": "start" }, "geometry": { "type": "Point", "coordinates": [ 30.238828511259801, 59.935995571026091 ] } },
{ "type": "Feature", "properties": { "name": "2502", "role": "start" }, "geometry": { "type": "Point", "coordinates": [ 30.235932862337073, 59.936135849958909 ] } },
{ "type": "Feature", "properties": { "name": "2503", "role": "start" }, "geometry": { "type": "Point", "coordinates": [ 30.237709141903128, 59.935625454764349 ] } },
{ "type": "Feature", "properties": { "name": "2504", "role": "start" }, "geometry": { "type": "Point", "coordinates": [ 30.239095497055384, 59.935264310512338 ] } },
{ "type": "Feature", "properties": { "name": "2505", "role": "start" }, "geometry": { "type": "Point", "coordinates": [ 30.239589100135532, 59.934191725759867 ] } },
{ "type": "Feature", "properties": { "name": "2506", "role": "start" }, "geometry": { "type": "Point", "coordinates": [ 30.251291419534791, 59.939414141067928 ] } },
{ "type": "Feature", "properties": { "name": "2507", "role": "start" }, "geometry": { "type": "Point", "coordinates": [ 30.238573052529567, 59.937617596754734 ] } },
{ "type": "Feature", "properties": { "name": "2508", "role": "start" }, "geometry": { "type": "Point", "coordinates": [ 30.240865524958419, 59.932164836740242 ] } },
{ "type": "Feature", "properties": { "name": "2509", "role": "start" }, "geometry": { "type": "Point", "coordinates": [ 30.241073175920025, 59.931493967431834 ] } },
{ "type": "Feature", "properties": { "name": "2510", "role": "start" }, "geometry": { "type": "Point", "coordinates": [ 30.241923613219306, 59.929939286186411 ] } },
{ "type": "Feature", "properties": { "name": "2511", "role": "start" }, "geometry": { "type": "Point", "coordinates": [ 30.243827900196834, 59.938858693993559 ] } },
{ "type": "Feature", "properties": { "name": "2512", "role": "start" }, "geometry": { "type": "Point", "coordinates": [ 30.245343272788435, 59.937621293162699 ] } },
{ "type": "Feature", "properties": { "name": "2513", "role": "start" }, "geometry": { "type": "Point", "coordinates": [ 30.248795719169163, 59.935688881172965 ] } },
{ "type": "Feature", "properties": { "name": "2514", "role": "start" }, "geometry": { "type": "Point", "coordinates": [ 30.248743488692558, 59.93674901652075 ] } },
{ "type": "Feature", "properties": { "name": "2515", "role": "start" }, "geometry": { "type": "Point", "coordinates": [ 30.2466737177865, 59.931058810720806 ] } },
{ "type": "Feature", "properties": { "name": "2516", "role": "start" }, "geometry": { "type": "Point", "coordinates": [ 30.2559457931428, 59.932811592190717 ] } },
{ "type": "Feature", "properties": { "name": "2517", "role": "start" }, "geometry": { "type": "Point", "coordinates": [ 30.247492227969285, 59.929313126397652 ] } },
{ "type": "Feature", "properties": { "name": "2518", "role": "start" }, "geometry": { "type": "Point", "coordinates": [ 30.250418963801025, 59.930253612711653 ] } },
{ "type": "Feature", "properties": { "name": "2519", "role": "start" }, "geometry": { "type": "Point", "coordinates": [ 30.244923341436433, 59.930241037355664 ] } },
{ "type": "Feature", "properties": { "name": "2520", "role": "start" }, "geometry": { "type": "Point", "coordinates": [ 30.25049247335582, 59.930931454149935 ] } },
{ "type": "Feature", "properties": { "name": "2521", "role": "start" }, "geometry": { "type": "Point", "coordinates": [ 30.249499007260194, 59.923072810414119 ] } },
{ "type": "Feature", "properties": { "name": "2522", "role": "start" }, "geometry": { "type": "Point", "coordinates": [ 30.253917883702524, 59.93379445213575 ] } },
{ "type": "Feature", "properties": { "name": "2523", "role": "start" }, "geometry": { "type": "Point", "coordinates": [ 30.253740688778013, 59.936914674257999 ] } },
{ "type": "Feature", "properties": { "name": "2524", "role": "start" }, "geometry": { "type": "Point", "coordinates": [ 30.229485547260559, 59.935304011375386 ] } },
{ "type": "Feature", "properties": { "name": "2525", "role": "start" }, "geometry": { "type": "Point", "coordinates": [ 30.205005502213382, 59.935938620702565 ] } },
{ "type": "Feature", "properties": { "name": "2526", "role": "start" }, "geometry": { "type": "Point", "coordinates": [ 30.219497249831303, 59.936563817139401 ] } },
{ "type": "Feature", "properties": { "name": "2527", "role": "start" }, "geometry": { "type": "Point", "coordinates": [ 30.254087325834217, 59.929373119748824 ] } },
{ "type": "Feature", "properties": { "name": "2528", "role": "start" }, "geometry": { "type": "Point", "coordinates": [ 30.257693815433193, 59.931131639649919 ] } },
{ "type": "Feature", "properties": { "name": "2529", "role": "start" }, "geometry": { "type": "Point", "coordinates": [ 30.256667298678725, 59.930830575488685 ] } },
{ "type": "Feature", "properties": { "name": "2530", "role": "start" }, "geometry": { "type": "Point", "coordinates": [ 30.256668977708916, 59.930081338560178 ] } },
{ "type": "Feature", "properties": { "name": "2531", "role": "start" }, "geometry": { "type": "Point", "coordinates": [ 30.253453446574625, 59.922237048727844 ] } },
{ "type": "Feature", "properties": { "name": "2532", "role": "start" }, "geometry": { "type": "Point", "coordinates": [ 30.260568764096654, 59.937590040187963 ] } },
{ "type": "Feature", "properties": { "name": "2533", "role": "start" }, "geometry": { "type": "Point", "coordinates": [ 30.275813206414774, 59.938987167950415 ] } },
{ "type": "Feature", "properties": { "name": "2534", "role": "start" }, "geometry": { "type": "Point", "coordinates": [ 30.280487900652826, 59.939126247622646 ] } },
{ "type": "Feature", "properties": { "name": "2535", "role": "start" }, "geometry": { "type": "Point", "coordinates": [ 30.27779583573982, 59.939257946228672 ] } },
{ "type": "Feature", "properties": { "name": "2536", "role": "start" }, "geometry": { "type": "Point", "coordinates": [ 30.27698105142122, 59.939349306851604 ] } },
{ "type": "Feature", "properties": { "name": "2537", "role": "start" }, "geometry": { "type": "Point", "coordinates": [ 30.278924637900456, 59.939351752631218 ] } },
{ "type": "Feature", "properties": { "name": "2538", "role": "start" }, "geometry": { "type": "Point", "coordinates": [ 30.278524745411005, 59.939539508615347 ] } },
{ "type": "Feature", "properties": { "name": "2539", "role": "start" }, "geometry": { "type": "Point", "coordinates": [ 30.276838640467592, 59.93962551291208 ] } },
{ "type": "Feature", "properties": { "name": "2540", "role": "start" }, "geometry": { "type": "Point", "coordinates": [ 30.278143990954394, 59.939809076817156 ] } },
{ "type": "Feature", "properties": { "name": "2541", "role": "start" }, "geometry": { "type": "Point", "coordinates": [ 30.279943647777419, 59.939837293147328 ] } },
{ "type": "Feature", "properties": { "name": "2542", "role": "start" }, "geometry": { "type": "Point", "coordinates": [ 30.27659877358899, 59.939886111911029 ] } },
{ "type": "Feature", "properties": { "name": "2543", "role": "start" }, "geometry": { "type": "Point", "coordinates": [ 30.276280617564584, 59.940348673632819 ] } },
{ "type": "Feature", "properties": { "name": "2544", "role": "start" }, "geometry": { "type": "Point", "coordinates": [ 30.277650614779581, 59.940521286309966 ] } },
{ "type": "Feature", "properties": { "name": "2545", "role": "start" }, "geometry": { "type": "Point", "coordinates": [ 30.275657179881232, 59.939268571811922 ] } },
{ "type": "Feature", "properties": { "name": "2546", "role": "start" }, "geometry": { "type": "Point", "coordinates": [ 30.275012885143276, 59.939875837531915 ] } },
{ "type": "Feature", "properties": { "name": "2547", "role": "start" }, "geometry": { "type": "Point", "coordinates": [ 30.274370168745591, 59.940299718810763 ] } },
{ "type": "Feature", "properties": { "name": "2548", "role": "start" }, "geometry": { "type": "Point", "coordinates": [ 30.277034818124388, 59.94220347329923 ] } },
{ "type": "Feature", "properties": { "name": "2549", "role": "start" }, "geometry": { "type": "Point", "coordinates": [ 30.277529550848243, 59.941800136438737 ] } },
{ "type": "Feature", "properties": { "name": "2550", "role": "start" }, "geometry": { "type": "Point", "coordinates": [ 30.27775317337138, 59.941616337536395 ] } },
{ "type": "Feature", "properties": { "name": "2551", "role": "start" }, "geometry": { "type": "Point", "coordinates": [ 30.276307836179782, 59.933912504914872 ] } },
{ "type": "Feature", "properties": { "name": "2552", "role": "start" }, "geometry": { "type": "Point", "coordinates": [ 30.277568759998879, 59.934634302646863 ] } },
{ "type": "Feature", "properties": { "name": "2553", "role": "start" }, "geometry": { "type": "Point", "coordinates": [ 30.278822993333456, 59.935473128712161 ] } },
{ "type": "Feature", "properties": { "name": "2554", "role": "start" }, "geometry": { "type": "Point", "coordinates": [ 30.278126473323763, 59.937130192037756 ] } },
{ "type": "Feature", "properties": { "name": "2555", "role": "start" }, "geometry": { "type": "Point", "coordinates": [ 30.276947433164647, 59.93810236767262 ] } },
{ "type": "Feature", "properties": { "name": "2556", "role": "start" }, "geometry": { "type": "Point", "coordinates": [ 30.278288894870528, 59.938419133306965 ] } },
{ "type": "Feature", "properties": { "name": "2557", "role": "start" }, "geometry": { "type": "Point", "coordinates": [ 30.277879575084608, 59.938784667614499 ] } },
{ "type": "Feature", "properties": { "name": "2558", "role": "start" }, "geometry": { "type": "Point", "coordinates": [ 30.279078313581749, 59.936373940420829 ] } },
{ "type": "Feature", "properties": { "name": "2559", "role": "start" }, "geometry": { "type": "Point", "coordinates": [ 30.278597186362418, 59.936821497936407 ] } },
{ "type": "Feature", "properties": { "name": "2560", "role": "start" }, "geometry": { "type": "Point", "coordinates": [ 30.27658581803292, 59.934012734667725 ] } },
{ "type": "Feature", "properties": { "name": "2561", "role": "start" }, "geometry": { "type": "Point", "coordinates": [ 30.276815190499164, 59.935062742123677 ] } },
{ "type": "Feature", "properties": { "name": "2562", "role": "start" }, "geometry": { "type": "Point", "coordinates": [ 30.276699791033934, 59.934405328102343 ] } },
{ "type": "Feature", "properties": { "name": "2563", "role": "start" }, "geometry": { "type": "Point", "coordinates": [ 30.275626483076728, 59.938502564414023 ] } },
{ "type": "Feature", "properties": { "name": "2564", "role": "start" }, "geometry": { "type": "Point", "coordinates": [ 30.276236203778883, 59.940651809420345 ] } },
{ "type": "Feature", "properties": { "name": "2565", "role": "start" }, "geometry": { "type": "Point", "coordinates": [ 30.2771667543497, 59.940841041733179 ] } },
{ "type": "Feature", "properties": { "name": "2566", "role": "start" }, "geometry": { "type": "Point", "coordinates": [ 30.279094826353528, 59.940898252522771 ] } },
{ "type": "Feature", "properties": { "name": "2567", "role": "start" }, "geometry": { "type": "Point", "coordinates": [ 30.276577637252604, 59.941235340420022 ] } },
{ "type": "Feature", "properties": { "name": "2568", "role": "start" }, "geometry": { "type": "Point", "coordinates": [ 30.278119736735331, 59.941460031635486 ] } },
{ "type": "Feature", "properties": { "name": "2569", "role": "start" }, "geometry": { "type": "Point", "coordinates": [ 30.279794108607451, 59.941492691759429 ] } },
{ "type": "Feature", "properties": { "name": "2570", "role": "start" }, "geometry": { "type": "Point", "coordinates": [ 30.280495111055973, 59.937661346127605 ] } },
{ "type": "Feature", "properties": { "name": "2571", "role": "start" }, "geometry": { "type": "Point", "coordinates": [ 30.2814630055286, 59.937001677039305 ] } },
{ "type": "Feature", "properties": { "name": "2572", "role": "start" }, "geometry": { "type": "Point", "coordinates": [ 30.281737648935369, 59.936745536410271 ] } },
{ "type": "Feature", "properties": { "name": "2573", "role": "start" }, "geometry": { "type": "Point", "coordinates": [ 30.282558970807791, 59.936078036053473 ] } },
{ "type": "Feature", "properties": { "name": "2574", "role": "start" }, "geometry": { "type": "Point", "coordinates": [ 30.282165582576525, 59.938289417031534 ] } },
{ "type": "Feature", "properties": { "name": "2575", "role": "start" }, "geometry": { "type": "Point", "coordinates": [ 30.282821790502805, 59.937489621612727 ] } },
{ "type": "Feature", "properties": { "name": "2576", "role": "start" }, "geometry": { "type": "Point", "coordinates": [ 30.28263493134747, 59.938423865393446 ] } },
{ "type": "Feature", "properties": { "name": "2577", "role": "start" }, "geometry": { "type": "Point", "coordinates": [ 30.28301622501176, 59.937212062132559 ] } },
{ "type": "Feature", "properties": { "name": "2578", "role": "start" }, "geometry": { "type": "Point", "coordinates": [ 30.28343145766819, 59.93685160751329 ] } },
{ "type": "Feature", "properties": { "name": "2579", "role": "start" }, "geometry": { "type": "Point", "coordinates": [ 30.283447705220215, 59.937119551333446 ] } },
{ "type": "Feature", "properties": { "name": "2580", "role": "start" }, "geometry": { "type": "Point", "coordinates": [ 30.283682963234781, 59.936237975511951 ] } },
{ "type": "Feature", "properties": { "name": "2581", "role": "start" }, "geometry": { "type": "Point", "coordinates": [ 30.283664425123526, 59.937654440140534 ] } },
{ "type": "Feature", "properties": { "name": "2582", "role": "start" }, "geometry": { "type": "Point", "coordinates": [ 30.283977980005993, 59.936465440981124 ] } },
{ "type": "Feature", "properties": { "name": "2583", "role": "start" }, "geometry": { "type": "Point", "coordinates": [ 30.282002146039577, 59.93582789993615 ] } },
{ "type": "Feature", "properties": { "name": "2584", "role": "start" }, "geometry": { "type": "Point", "coordinates": [ 30.280894418525996, 59.940429617709498 ] } },
{ "type": "Feature", "properties": { "name": "2585", "role": "start" }, "geometry": { "type": "Point", "coordinates": [ 30.281292271153998, 59.940248814971667 ] } },
{ "type": "Feature", "properties": { "name": "2586", "role": "start" }, "geometry": { "type": "Point", "coordinates": [ 30.282169204787451, 59.9408059416116 ] } },
{ "type": "Feature", "properties": { "name": "2587", "role": "start" }, "geometry": { "type": "Point", "coordinates": [ 30.282190891961033, 59.939559514678386 ] } },
{ "type": "Feature", "properties": { "name": "2588", "role": "start" }, "geometry": { "type": "Point", "coordinates": [ 30.281136087961823, 59.942878962450088 ] } },
{ "type": "Feature", "properties": { "name": "2589", "role": "start" }, "geometry": { "type": "Point", "coordinates": [ 30.281966050734905, 59.942315450115473 ] } },
{ "type": "Feature", "properties": { "name": "2590", "role": "start" }, "geometry": { "type": "Point", "coordinates": [ 30.283019598831142, 59.942896030794984 ] } },
{ "type": "Feature", "properties": { "name": "2591", "role": "start" }, "geometry": { "type": "Point", "coordinates": [ 30.284236936200298, 59.943334895216083 ] } },
{ "type": "Feature", "properties": { "name": "2592", "role": "start" }, "geometry": { "type": "Point", "coordinates": [ 30.284406977592333, 59.943159509690346 ] } },
{ "type": "Feature", "properties": { "name": "2593", "role": "start" }, "geometry": { "type": "Point", "coordinates": [ 30.285465549402261, 59.944781210766791 ] } },
{ "type": "Feature", "properties": { "name": "2594", "role": "start" }, "geometry": { "type": "Point", "coordinates": [ 30.285970669428373, 59.944928334756185 ] } },
{ "type": "Feature", "properties": { "name": "2595", "role": "start" }, "geometry": { "type": "Point", "coordinates": [ 30.286282202092874, 59.944426733592721 ] } },
{ "type": "Feature", "properties": { "name": "2596", "role": "start" }, "geometry": { "type": "Point", "coordinates": [ 30.286311766693679, 59.944657703422784 ] } },
{ "type": "Feature", "properties": { "name": "2597", "role": "start" }, "geometry": { "type": "Point", "coordinates": [ 30.28776988474284, 59.9448095359772 ] } },
{ "type": "Feature", "properties": { "name": "2598", "role": "start" }, "geometry": { "type": "Point", "coordinates": [ 30.28815495265502, 59.945536280321079 ] } },
{ "type": "Feature", "properties": { "name": "2599", "role": "start" }, "geometry": { "type": "Point", "coordinates": [ 30.283996384456575, 59.940815866613704 ] } },
{ "type": "Feature", "properties": { "name": "2600", "role": "start" }, "geometry": { "type": "Point", "coordinates": [ 30.28511716110857, 59.941125989562629 ] } },
{ "type": "Feature", "properties": { "name": "2601", "role": "start" }, "geometry": { "type": "Point", "coordinates": [ 30.285716154691993, 59.9392770727178 ] } },
{ "type": "Feature", "properties": { "name": "2602", "role": "start" }, "geometry": { "type": "Point", "coordinates": [ 30.286272235175058, 59.941747533030203 ] } },
{ "type": "Feature", "properties": { "name": "2603", "role": "start" }, "geometry": { "type": "Point", "coordinates": [ 30.28644721327996, 59.941477306035424 ] } },
{ "type": "Feature", "properties": { "name": "2604", "role": "start" }, "geometry": { "type": "Point", "coordinates": [ 30.288039858263076, 59.939993385260507 ] } },
{ "type": "Feature", "properties": { "name": "2605", "role": "start" }, "geometry": { "type": "Point", "coordinates": [ 30.288690171639367, 59.941480281713098 ] } },
{ "type": "Feature", "properties": { "name": "2606", "role": "start" }, "geometry": { "type": "Point", "coordinates": [ 30.287702564912937, 59.941681027428025 ] } },
{ "type": "Feature", "properties": { "name": "2607", "role": "start" }, "geometry": { "type": "Point", "coordinates": [ 30.284370595951135, 59.937634820786876 ] } },
{ "type": "Feature", "properties": { "name": "2608", "role": "start" }, "geometry": { "type": "Point", "coordinates": [ 30.2846445715182, 59.937297011171061 ] } },
{ "type": "Feature", "properties": { "name": "2609", "role": "start" }, "geometry": { "type": "Point", "coordinates": [ 30.284693332229171, 59.937036660056741 ] } },
{ "type": "Feature", "properties": { "name": "2610", "role": "start" }, "geometry": { "type": "Point", "coordinates": [ 30.284812150859288, 59.936520846922164 ] } },
{ "type": "Feature", "properties": { "name": "2611", "role": "start" }, "geometry": { "type": "Point", "coordinates": [ 30.285412800529187, 59.936683016483947 ] } },
{ "type": "Feature", "properties": { "name": "2612", "role": "start" }, "geometry": { "type": "Point", "coordinates": [ 30.286541921004662, 59.938395796962567 ] } },
{ "type": "Feature", "properties": { "name": "2613", "role": "start" }, "geometry": { "type": "Point", "coordinates": [ 30.286658045554784, 59.937213041940701 ] } },
{ "type": "Feature", "properties": { "name": "2614", "role": "start" }, "geometry": { "type": "Point", "coordinates": [ 30.28756309165405, 59.936951542440312 ] } },
{ "type": "Feature", "properties": { "name": "2615", "role": "start" }, "geometry": { "type": "Point", "coordinates": [ 30.285686557162986, 59.937606739072145 ] } },
{ "type": "Feature", "properties": { "name": "2616", "role": "start" }, "geometry": { "type": "Point", "coordinates": [ 30.284652876395821, 59.943007985891541 ] } },
{ "type": "Feature", "properties": { "name": "2617", "role": "start" }, "geometry": { "type": "Point", "coordinates": [ 30.284976461859813, 59.942752274616616 ] } },
{ "type": "Feature", "properties": { "name": "2618", "role": "start" }, "geometry": { "type": "Point", "coordinates": [ 30.285290050451962, 59.942511188900461 ] } },
{ "type": "Feature", "properties": { "name": "2619", "role": "start" }, "geometry": { "type": "Point", "coordinates": [ 30.285434417345353, 59.943623500782977 ] } },
{ "type": "Feature", "properties": { "name": "2620", "role": "start" }, "geometry": { "type": "Point", "coordinates": [ 30.286260127125246, 59.943084330115845 ] } },
{ "type": "Feature", "properties": { "name": "2621", "role": "start" }, "geometry": { "type": "Point", "coordinates": [ 30.286754224728732, 59.942698486627833 ] } },
{ "type": "Feature", "properties": { "name": "2622", "role": "start" }, "geometry": { "type": "Point", "coordinates": [ 30.286831837895591, 59.943972957034887 ] } },
{ "type": "Feature", "properties": { "name": "2623", "role": "start" }, "geometry": { "type": "Point", "coordinates": [ 30.286923096755732, 59.943497975347576 ] } },
{ "type": "Feature", "properties": { "name": "2624", "role": "start" }, "geometry": { "type": "Point", "coordinates": [ 30.287397373659239, 59.943731072827404 ] } },
{ "type": "Feature", "properties": { "name": "2625", "role": "start" }, "geometry": { "type": "Point", "coordinates": [ 30.287973941236871, 59.944632378431002 ] } },
{ "type": "Feature", "properties": { "name": "2626", "role": "start" }, "geometry": { "type": "Point", "coordinates": [ 30.288284014286212, 59.944357957318999 ] } },
{ "type": "Feature", "properties": { "name": "2627", "role": "start" }, "geometry": { "type": "Point", "coordinates": [ 30.288651942904551, 59.944058386776241 ] } },
{ "type": "Feature", "properties": { "name": "2628", "role": "start" }, "geometry": { "type": "Point", "coordinates": [ 30.288728203896589, 59.942411574312587 ] } },
{ "type": "Feature", "properties": { "name": "2629", "role": "start" }, "geometry": { "type": "Point", "coordinates": [ 30.28887216564317, 59.942228994590714 ] } },
{ "type": "Feature", "properties": { "name": "2630", "role": "start" }, "geometry": { "type": "Point", "coordinates": [ 30.289106813398782, 59.94504087127131 ] } },
{ "type": "Feature", "properties": { "name": "2631", "role": "start" }, "geometry": { "type": "Point", "coordinates": [ 30.290083181691955, 59.943919246767365 ] } },
{ "type": "Feature", "properties": { "name": "2632", "role": "start" }, "geometry": { "type": "Point", "coordinates": [ 30.290864672663989, 59.945815533174752 ] } },
{ "type": "Feature", "properties": { "name": "2633", "role": "start" }, "geometry": { "type": "Point", "coordinates": [ 30.290476776791021, 59.943757636096329 ] } },
{ "type": "Feature", "properties": { "name": "2634", "role": "start" }, "geometry": { "type": "Point", "coordinates": [ 30.290367024003213, 59.94471883571952 ] } },
{ "type": "Feature", "properties": { "name": "2635", "role": "start" }, "geometry": { "type": "Point", "coordinates": [ 30.290702973408123, 59.943454328173431 ] } },
{ "type": "Feature", "properties": { "name": "2636", "role": "start" }, "geometry": { "type": "Point", "coordinates": [ 30.291893293271787, 59.942991550609236 ] } },
{ "type": "Feature", "properties": { "name": "2637", "role": "start" }, "geometry": { "type": "Point", "coordinates": [ 30.291796615871409, 59.94446988145625 ] } },
{ "type": "Feature", "properties": { "name": "2638", "role": "start" }, "geometry": { "type": "Point", "coordinates": [ 30.289606840757447, 59.945708569380457 ] } },
{ "type": "Feature", "properties": { "name": "2639", "role": "start" }, "geometry": { "type": "Point", "coordinates": [ 30.294434573267786, 59.939776301102356 ] } },
{ "type": "Feature", "properties": { "name": "2640", "role": "start" }, "geometry": { "type": "Point", "coordinates": [ 30.292229872323173, 59.939341615930218 ] } },
{ "type": "Feature", "properties": { "name": "2641", "role": "start" }, "geometry": { "type": "Point", "coordinates": [ 30.290184961334575, 59.939542747117862 ] } },
{ "type": "Feature", "properties": { "name": "2642", "role": "start" }, "geometry": { "type": "Point", "coordinates": [ 30.288530296546643, 59.939742466473298 ] } },
{ "type": "Feature", "properties": { "name": "2643", "role": "start" }, "geometry": { "type": "Point", "coordinates": [ 30.291297988297536, 59.940184201547105 ] } },
{ "type": "Feature", "properties": { "name": "2644", "role": "start" }, "geometry": { "type": "Point", "coordinates": [ 30.296358531219326, 59.94106778349127 ] } },
{ "type": "Feature", "properties": { "name": "2645", "role": "start" }, "geometry": { "type": "Point", "coordinates": [ 30.29154457510343, 59.939614943630346 ] } },
{ "type": "Feature", "properties": { "name": "2646", "role": "start" }, "geometry": { "type": "Point", "coordinates": [ 30.291460321672975, 59.940033865760547 ] } },
{ "type": "Feature", "properties": { "name": "2647", "role": "start" }, "geometry": { "type": "Point", "coordinates": [ 30.29081594032883, 59.94077124267335 ] } },
{ "type": "Feature", "properties": { "name": "2648", "role": "start" }, "geometry": { "type": "Point", "coordinates": [ 30.301300454712223, 59.94250373797302 ] } },
{ "type": "Feature", "properties": { "name": "2649", "role": "start" }, "geometry": { "type": "Point", "coordinates": [ 30.301871317452953, 59.943979077657019 ] } },
{ "type": "Feature", "properties": { "name": "2650", "role": "start" }, "geometry": { "type": "Point", "coordinates": [ 30.304657605434013, 59.942402162420223 ] } },
{ "type": "Feature", "properties": { "name": "2651", "role": "start" }, "geometry": { "type": "Point", "coordinates": [ 30.302316647487203, 59.941264591124963 ] } },
{ "type": "Feature", "properties": { "name": "2652", "role": "start" }, "geometry": { "type": "Point", "coordinates": [ 30.297966821811251, 59.944271929667615 ] } },
{ "type": "Feature", "properties": { "name": "2653", "role": "start" }, "geometry": { "type": "Point", "coordinates": [ 30.29327452945866, 59.945404799180196 ] } },
{ "type": "Feature", "properties": { "name": "2654", "role": "start" }, "geometry": { "type": "Point", "coordinates": [ 30.2952182425547, 59.944012022649822 ] } },
{ "type": "Feature", "properties": { "name": "2655", "role": "start" }, "geometry": { "type": "Point", "coordinates": [ 30.295826149629058, 59.943580449033135 ] } },
{ "type": "Feature", "properties": { "name": "2656", "role": "start" }, "geometry": { "type": "Point", "coordinates": [ 30.295422823342623, 59.942156500970349 ] } },
{ "type": "Feature", "properties": { "name": "2657", "role": "start" }, "geometry": { "type": "Point", "coordinates": [ 30.278973642146717, 59.942197250506169 ] } },
{ "type": "Feature", "properties": { "name": "2658", "role": "start" }, "geometry": { "type": "Point", "coordinates": [ 30.279231661946543, 59.94190609635379 ] } },
{ "type": "Feature", "properties": { "name": "2659", "role": "start" }, "geometry": { "type": "Point", "coordinates": [ 30.279599160692289, 59.94169754993549 ] } },
{ "type": "Feature", "properties": { "name": "2660", "role": "start" }, "geometry": { "type": "Point", "coordinates": [ 30.280181044380903, 59.942501861354501 ] } },
{ "type": "Feature", "properties": { "name": "2661", "role": "start" }, "geometry": { "type": "Point", "coordinates": [ 30.265187189707749, 59.924661970545671 ] } },
{ "type": "Feature", "properties": { "name": "2662", "role": "start" }, "geometry": { "type": "Point", "coordinates": [ 30.265839950995129, 59.925966983861883 ] } },
{ "type": "Feature", "properties": { "name": "2663", "role": "start" }, "geometry": { "type": "Point", "coordinates": [ 30.265629738789254, 59.92332448200257 ] } },
{ "type": "Feature", "properties": { "name": "2664", "role": "start" }, "geometry": { "type": "Point", "coordinates": [ 30.261413524606105, 59.929593304667314 ] } },
{ "type": "Feature", "properties": { "name": "2665", "role": "start" }, "geometry": { "type": "Point", "coordinates": [ 30.261910109553853, 59.931897755794303 ] } },
{ "type": "Feature", "properties": { "name": "2666", "role": "start" }, "geometry": { "type": "Point", "coordinates": [ 30.264140549684932, 59.938572998247139 ] } },
{ "type": "Feature", "properties": { "name": "2667", "role": "start" }, "geometry": { "type": "Point", "coordinates": [ 30.262466807879452, 59.934300666198098 ] } },
{ "type": "Feature", "properties": { "name": "2668", "role": "start" }, "geometry": { "type": "Point", "coordinates": [ 30.26488176422329, 59.933100791091256 ] } },
{ "type": "Feature", "properties": { "name": "2669", "role": "start" }, "geometry": { "type": "Point", "coordinates": [ 30.264967915461934, 59.932242180055738 ] } },
{ "type": "Feature", "properties": { "name": "2670", "role": "start" }, "geometry": { "type": "Point", "coordinates": [ 30.265550085105811, 59.933461862466999 ] } },
{ "type": "Feature", "properties": { "name": "2671", "role": "start" }, "geometry": { "type": "Point", "coordinates": [ 30.267496065261639, 59.933933956845046 ] } },
{ "type": "Feature", "properties": { "name": "2672", "role": "start" }, "geometry": { "type": "Point", "coordinates": [ 30.268546847894182, 59.932149364313979 ] } },
{ "type": "Feature", "properties": { "name": "2673", "role": "start" }, "geometry": { "type": "Point", "coordinates": [ 30.269734485094961, 59.931885385750533 ] } },
{ "type": "Feature", "properties": { "name": "2674", "role": "start" }, "geometry": { "type": "Point", "coordinates": [ 30.263813312424684, 59.937565619558782 ] } },
{ "type": "Feature", "properties": { "name": "2675", "role": "start" }, "geometry": { "type": "Point", "coordinates": [ 30.266726967902965, 59.939388359844898 ] } },
{ "type": "Feature", "properties": { "name": "2676", "role": "start" }, "geometry": { "type": "Point", "coordinates": [ 30.270168377368883, 59.937125022171564 ] } },
{ "type": "Feature", "properties": { "name": "2677", "role": "start" }, "geometry": { "type": "Point", "coordinates": [ 30.267754217917332, 59.935809441874326 ] } },
{ "type": "Feature", "properties": { "name": "2678", "role": "start" }, "geometry": { "type": "Point", "coordinates": [ 30.27001600534215, 59.936480296128892 ] } },
{ "type": "Feature", "properties": { "name": "2679", "role": "start" }, "geometry": { "type": "Point", "coordinates": [ 30.271708478713929, 59.932768378701056 ] } },
{ "type": "Feature", "properties": { "name": "2680", "role": "start" }, "geometry": { "type": "Point", "coordinates": [ 30.270611101847791, 59.933348408125909 ] } },
{ "type": "Feature", "properties": { "name": "2681", "role": "start" }, "geometry": { "type": "Point", "coordinates": [ 30.270266327251626, 59.933886292362203 ] } },
{ "type": "Feature", "properties": { "name": "2682", "role": "start" }, "geometry": { "type": "Point", "coordinates": [ 30.269108536467158, 59.934371993253556 ] } },
{ "type": "Feature", "properties": { "name": "2683", "role": "start" }, "geometry": { "type": "Point", "coordinates": [ 30.270928413792763, 59.938981330483116 ] } },
{ "type": "Feature", "properties": { "name": "2684", "role": "start" }, "geometry": { "type": "Point", "coordinates": [ 30.268553727112842, 59.939548090069636 ] } },
{ "type": "Feature", "properties": { "name": "2685", "role": "start" }, "geometry": { "type": "Point", "coordinates": [ 30.270534497113527, 59.939584189459318 ] } },
{ "type": "Feature", "properties": { "name": "2686", "role": "start" }, "geometry": { "type": "Point", "coordinates": [ 30.26960279723955, 59.939881710894809 ] } },
{ "type": "Feature", "properties": { "name": "2687", "role": "start" }, "geometry": { "type": "Point", "coordinates": [ 30.268339374628404, 59.938195748689566 ] } },
{ "type": "Feature", "properties": { "name": "2688", "role": "start" }, "geometry": { "type": "Point", "coordinates": [ 30.272594016969236, 59.935015577786594 ] } },
{ "type": "Feature", "properties": { "name": "2689", "role": "start" }, "geometry": { "type": "Point", "coordinates": [ 30.273262516622054, 59.935545859121 ] } },
{ "type": "Feature", "properties": { "name": "2690", "role": "start" }, "geometry": { "type": "Point", "coordinates": [ 30.274092838630029, 59.935893866192878 ] } },
{ "type": "Feature", "properties": { "name": "2691", "role": "start" }, "geometry": { "type": "Point", "coordinates": [ 30.270405626164397, 59.936198053495573 ] } },
{ "type": "Feature", "properties": { "name": "2692", "role": "start" }, "geometry": { "type": "Point", "coordinates": [ 30.27120149848005, 59.938714419780233 ] } },
{ "type": "Feature", "properties": { "name": "2693", "role": "start" }, "geometry": { "type": "Point", "coordinates": [ 30.271465101579434, 59.939863504926365 ] } },
{ "type": "Feature", "properties": { "name": "2694", "role": "start" }, "geometry": { "type": "Point", "coordinates": [ 30.271990012335493, 59.93919605504049 ] } },
{ "type": "Feature", "properties": { "name": "2695", "role": "start" }, "geometry": { "type": "Point", "coordinates": [ 30.271700463406084, 59.938659924927862 ] } },
{ "type": "Feature", "properties": { "name": "2696", "role": "start" }, "geometry": { "type": "Point", "coordinates": [ 30.272287082008461, 59.937622723564232 ] } },
{ "type": "Feature", "properties": { "name": "2697", "role": "start" }, "geometry": { "type": "Point", "coordinates": [ 30.272598212581329, 59.938392007694034 ] } },
{ "type": "Feature", "properties": { "name": "2698", "role": "start" }, "geometry": { "type": "Point", "coordinates": [ 30.271519796888668, 59.936525971891712 ] } },
{ "type": "Feature", "properties": { "name": "2699", "role": "start" }, "geometry": { "type": "Point", "coordinates": [ 30.272441331005606, 59.933269491926751 ] } },
{ "type": "Feature", "properties": { "name": "2700", "role": "start" }, "geometry": { "type": "Point", "coordinates": [ 30.272947381373168, 59.932393224125711 ] } },
{ "type": "Feature", "properties": { "name": "2701", "role": "start" }, "geometry": { "type": "Point", "coordinates": [ 30.273416118498666, 59.932586086751066 ] } },
{ "type": "Feature", "properties": { "name": "2702", "role": "start" }, "geometry": { "type": "Point", "coordinates": [ 30.273672967513708, 59.933731859767512 ] } },
{ "type": "Feature", "properties": { "name": "2703", "role": "start" }, "geometry": { "type": "Point", "coordinates": [ 30.274061414131285, 59.93291924675512 ] } },
{ "type": "Feature", "properties": { "name": "2704", "role": "start" }, "geometry": { "type": "Point", "coordinates": [ 30.275160405463819, 59.933475366844391 ] } },
{ "type": "Feature", "properties": { "name": "2705", "role": "start" }, "geometry": { "type": "Point", "coordinates": [ 30.27243288674606, 59.94061852858767 ] } },
{ "type": "Feature", "properties": { "name": "2706", "role": "start" }, "geometry": { "type": "Point", "coordinates": [ 30.27303136492009, 59.94101717748476 ] } },
{ "type": "Feature", "properties": { "name": "2707", "role": "start" }, "geometry": { "type": "Point", "coordinates": [ 30.273889594912298, 59.94074928436693 ] } },
{ "type": "Feature", "properties": { "name": "2708", "role": "start" }, "geometry": { "type": "Point", "coordinates": [ 30.274141004411199, 59.940519174562993 ] } },
{ "type": "Feature", "properties": { "name": "2709", "role": "start" }, "geometry": { "type": "Point", "coordinates": [ 30.27448337690857, 59.941423007690659 ] } },
{ "type": "Feature", "properties": { "name": "2710", "role": "start" }, "geometry": { "type": "Point", "coordinates": [ 30.275107950507866, 59.941102659675764 ] } },
{ "type": "Feature", "properties": { "name": "2711", "role": "start" }, "geometry": { "type": "Point", "coordinates": [ 30.273271086793937, 59.937026857185764 ] } },
{ "type": "Feature", "properties": { "name": "2712", "role": "start" }, "geometry": { "type": "Point", "coordinates": [ 30.27465920587537, 59.938614690959056 ] } },
{ "type": "Feature", "properties": { "name": "2713", "role": "start" }, "geometry": { "type": "Point", "coordinates": [ 30.274820448134264, 59.938270949604984 ] } },
{ "type": "Feature", "properties": { "name": "2714", "role": "start" }, "geometry": { "type": "Point", "coordinates": [ 30.275374695981821, 59.937660375297241 ] } },
{ "type": "Feature", "properties": { "name": "2715", "role": "start" }, "geometry": { "type": "Point", "coordinates": [ 30.21422985262657, 59.953379209827233 ] } },
{ "type": "Feature", "properties": { "name": "2716", "role": "start" }, "geometry": { "type": "Point", "coordinates": [ 30.216591350930276, 59.953283255298381 ] } },
{ "type": "Feature", "properties": { "name": "2717", "role": "start" }, "geometry": { "type": "Point", "coordinates": [ 30.217169661510979, 59.954142889499039 ] } },
{ "type": "Feature", "properties": { "name": "2718", "role": "start" }, "geometry": { "type": "Point", "coordinates": [ 30.220319607822457, 59.954268718057243 ] } },
{ "type": "Feature", "properties": { "name": "2719", "role": "start" }, "geometry": { "type": "Point", "coordinates": [ 30.212167313483839, 59.954365043617052 ] } },
{ "type": "Feature", "properties": { "name": "2720", "role": "start" }, "geometry": { "type": "Point", "coordinates": [ 30.214393039973721, 59.954598234408408 ] } },
{ "type": "Feature", "properties": { "name": "2721", "role": "start" }, "geometry": { "type": "Point", "coordinates": [ 30.223604377257203, 59.955334077858005 ] } },
{ "type": "Feature", "properties": { "name": "2722", "role": "start" }, "geometry": { "type": "Point", "coordinates": [ 30.218313307297858, 59.955524547605322 ] } },
{ "type": "Feature", "properties": { "name": "2723", "role": "start" }, "geometry": { "type": "Point", "coordinates": [ 30.216636519788558, 59.956726045414825 ] } },
{ "type": "Feature", "properties": { "name": "2724", "role": "start" }, "geometry": { "type": "Point", "coordinates": [ 30.220197179765833, 59.95671342438699 ] } },
{ "type": "Feature", "properties": { "name": "2725", "role": "start" }, "geometry": { "type": "Point", "coordinates": [ 30.223415852033234, 59.957138859869296 ] } },
{ "type": "Feature", "properties": { "name": "2726", "role": "start" }, "geometry": { "type": "Point", "coordinates": [ 30.224491019562912, 59.950025930046053 ] } },
{ "type": "Feature", "properties": { "name": "2727", "role": "start" }, "geometry": { "type": "Point", "coordinates": [ 30.2194839520375, 59.952479060831038 ] } },
{ "type": "Feature", "properties": { "name": "2728", "role": "start" }, "geometry": { "type": "Point", "coordinates": [ 30.222691565443014, 59.952013864969615 ] } },
{ "type": "Feature", "properties": { "name": "2729", "role": "start" }, "geometry": { "type": "Point", "coordinates": [ 30.225890555226211, 59.951544981204272 ] } },
{ "type": "Feature", "properties": { "name": "2730", "role": "start" }, "geometry": { "type": "Point", "coordinates": [ 30.229094811096719, 59.951078504882496 ] } },
{ "type": "Feature", "properties": { "name": "2731", "role": "start" }, "geometry": { "type": "Point", "coordinates": [ 30.231874462397723, 59.950102255901392 ] } },
{ "type": "Feature", "properties": { "name": "2732", "role": "start" }, "geometry": { "type": "Point", "coordinates": [ 30.233695791512826, 59.949890282830822 ] } },
{ "type": "Feature", "properties": { "name": "2733", "role": "start" }, "geometry": { "type": "Point", "coordinates": [ 30.226307302149781, 59.954555098610435 ] } },
{ "type": "Feature", "properties": { "name": "2734", "role": "start" }, "geometry": { "type": "Point", "coordinates": [ 30.226622779549224, 59.957555993272749 ] } },
{ "type": "Feature", "properties": { "name": "2735", "role": "start" }, "geometry": { "type": "Point", "coordinates": [ 30.228013217995901, 59.955776981076518 ] } },
{ "type": "Feature", "properties": { "name": "2736", "role": "start" }, "geometry": { "type": "Point", "coordinates": [ 30.230104378572136, 59.957593148562687 ] } },
{ "type": "Feature", "properties": { "name": "2737", "role": "start" }, "geometry": { "type": "Point", "coordinates": [ 30.230138481157944, 59.954353949886688 ] } },
{ "type": "Feature", "properties": { "name": "2738", "role": "start" }, "geometry": { "type": "Point", "coordinates": [ 30.231003811624731, 59.959630883205072 ] } },
{ "type": "Feature", "properties": { "name": "2739", "role": "start" }, "geometry": { "type": "Point", "coordinates": [ 30.234816242966374, 59.958167636247701 ] } },
{ "type": "Feature", "properties": { "name": "2740", "role": "start" }, "geometry": { "type": "Point", "coordinates": [ 30.23580465705167, 59.953388432592014 ] } },
{ "type": "Feature", "properties": { "name": "2741", "role": "start" }, "geometry": { "type": "Point", "coordinates": [ 30.238961225267719, 59.952324267808876 ] } },
{ "type": "Feature", "properties": { "name": "2742", "role": "start" }, "geometry": { "type": "Point", "coordinates": [ 30.237231443216178, 59.951346657979812 ] } },
{ "type": "Feature", "properties": { "name": "2743", "role": "start" }, "geometry": { "type": "Point", "coordinates": [ 30.240961071926481, 59.947492799693727 ] } },
{ "type": "Feature", "properties": { "name": "2744", "role": "start" }, "geometry": { "type": "Point", "coordinates": [ 30.24850530265968, 59.950568191480109 ] } },
{ "type": "Feature", "properties": { "name": "2745", "role": "start" }, "geometry": { "type": "Point", "coordinates": [ 30.250286702192977, 59.951986032540496 ] } },
{ "type": "Feature", "properties": { "name": "2746", "role": "start" }, "geometry": { "type": "Point", "coordinates": [ 30.253033242815544, 59.948176024523093 ] } },
{ "type": "Feature", "properties": { "name": "2747", "role": "start" }, "geometry": { "type": "Point", "coordinates": [ 30.250615819123528, 59.956596503115421 ] } },
{ "type": "Feature", "properties": { "name": "2748", "role": "start" }, "geometry": { "type": "Point", "coordinates": [ 30.254003211332677, 59.956176393043613 ] } },
{ "type": "Feature", "properties": { "name": "2749", "role": "start" }, "geometry": { "type": "Point", "coordinates": [ 30.242309190256986, 59.957318417144791 ] } },
{ "type": "Feature", "properties": { "name": "2750", "role": "start" }, "geometry": { "type": "Point", "coordinates": [ 30.245838165793174, 59.954510507910534 ] } },
{ "type": "Feature", "properties": { "name": "2751", "role": "start" }, "geometry": { "type": "Point", "coordinates": [ 30.246726052805656, 59.956863928978827 ] } },
{ "type": "Feature", "properties": { "name": "2752", "role": "start" }, "geometry": { "type": "Point", "coordinates": [ 30.247185416992394, 59.954430827793011 ] } },
{ "type": "Feature", "properties": { "name": "2753", "role": "start" }, "geometry": { "type": "Point", "coordinates": [ 30.248546006506036, 59.956777579866291 ] } },
{ "type": "Feature", "properties": { "name": "2754", "role": "start" }, "geometry": { "type": "Point", "coordinates": [ 30.220250031205147, 59.958241395590932 ] } },
{ "type": "Feature", "properties": { "name": "2755", "role": "start" }, "geometry": { "type": "Point", "coordinates": [ 30.223081542096594, 59.958157028286074 ] } },
{ "type": "Feature", "properties": { "name": "2756", "role": "start" }, "geometry": { "type": "Point", "coordinates": [ 30.221834729164229, 59.958454825102365 ] } },
{ "type": "Feature", "properties": { "name": "2757", "role": "start" }, "geometry": { "type": "Point", "coordinates": [ 30.218233821705095, 59.958769812793911 ] } },
{ "type": "Feature", "properties": { "name": "2758", "role": "start" }, "geometry": { "type": "Point", "coordinates": [ 30.224843858870216, 59.958992152746973 ] } },
{ "type": "Feature", "properties": { "name": "2759", "role": "start" }, "geometry": { "type": "Point", "coordinates": [ 30.262218074804977, 59.949768948634848 ] } },
{ "type": "Feature", "properties": { "name": "2760", "role": "start" }, "geometry": { "type": "Point", "coordinates": [ 30.264281290388237, 59.9492595712045 ] } },
{ "type": "Feature", "properties": { "name": "2761", "role": "start" }, "geometry": { "type": "Point", "coordinates": [ 30.264150745013826, 59.951153290578084 ] } },
{ "type": "Feature", "properties": { "name": "2762", "role": "start" }, "geometry": { "type": "Point", "coordinates": [ 30.266798216801185, 59.949054910034093 ] } },
{ "type": "Feature", "properties": { "name": "2763", "role": "start" }, "geometry": { "type": "Point", "coordinates": [ 30.270660143152657, 59.950455627129827 ] } }
]
}
