2026-05-13 00:57:37 - INFO - === НАЧАЛО СЕАНСА ===
2026-05-13 00:57:37 - INFO - QGIS версия: 4.0.2-Norrköping
2026-05-13 00:57:37 - INFO - Qt Framework: PyQt6
2026-05-13 00:57:38 - INFO - Загружен GeoPackage: Дороги.gpkg (14812 объектов, CRS: EPSG:20906)
2026-05-13 00:57:38 - INFO - Загружен GeoPackage: Здания.gpkg (2763 объектов, CRS: EPSG:20906)
2026-05-13 00:57:38 - INFO - Загружен GeoPackage: Станции метро.gpkg (12 объектов, CRS: EPSG:20906)
2026-05-13 00:57:38 - INFO - Загружен GeoPackage: Здания.gpkg (2763 объектов, CRS: EPSG:20906)
2026-05-13 00:57:38 - INFO - Загружен GeoPackage: Озеленение и водные объекты.gpkg (2088 объектов, CRS: EPSG:20906)
2026-05-13 00:57:39 - INFO - Граф строится в EPSG:3857 (метры)
2026-05-13 00:57:40 - INFO - Построен граф: 42749 вершин, 63728 рёбер
2026-05-13 00:57:41 - INFO - Применены веса плотности: обновлено 31792 рёбер
2026-05-13 00:57:42 - INFO - Применены веса парков: 15446 рёбер вблизи парков
2026-05-13 00:57:43 - INFO - Вставлено точек: START – 2763, END – 12
2026-05-13 00:57:43 - INFO - Расчет кратчайших путей для 2763 начальных точек
2026-05-13 00:57:43 - INFO - Система координат для расчёта длины: EPSG:3857 (метры)
2026-05-13 01:57:21 - INFO - Рассчитано кратчайших путей: успешно 2723, ошибок 40
2026-05-13 01:57:23 - INFO - 
======================================================================
2026-05-13 01:57:23 - INFO - АНАЛИЗ КРАТЧАЙШИХ ПУТЕЙ
2026-05-13 01:57:23 - INFO - ======================================================================
2026-05-13 01:57:23 - INFO - 
Рассчитано маршрутов: 2723
2026-05-13 01:57:23 - INFO - Средний вес: 1292.452197
2026-05-13 01:57:23 - INFO - Средняя длина: 2336.09 м
2026-05-13 01:57:23 - INFO - 
Маршрут #1
2026-05-13 01:57:23 - INFO -   1 → 3
2026-05-13 01:57:23 - INFO -   Длина: 6708.32 м
2026-05-13 01:57:23 - INFO - 
Маршрут #2
2026-05-13 01:57:23 - INFO -   2 → 3
2026-05-13 01:57:23 - INFO -   Длина: 7241.69 м
2026-05-13 01:57:23 - INFO - 
Маршрут #3
2026-05-13 01:57:23 - INFO -   3 → 3
2026-05-13 01:57:23 - INFO -   Длина: 7268.44 м
2026-05-13 01:57:23 - INFO - 
Маршрут #4
2026-05-13 01:57:23 - INFO -   4 → 3
2026-05-13 01:57:23 - INFO -   Длина: 7215.12 м
2026-05-13 01:57:23 - INFO - 
Маршрут #5
2026-05-13 01:57:23 - INFO -   5 → 3
2026-05-13 01:57:23 - INFO -   Длина: 7162.38 м
2026-05-13 01:57:23 - INFO - 
Маршрут #6
2026-05-13 01:57:23 - INFO -   6 → 3
2026-05-13 01:57:23 - INFO -   Длина: 7365.06 м
2026-05-13 01:57:23 - INFO - 
Маршрут #7
2026-05-13 01:57:23 - INFO -   7 → 3
2026-05-13 01:57:23 - INFO -   Длина: 7805.82 м
2026-05-13 01:57:23 - INFO - 
Маршрут #8
2026-05-13 01:57:23 - INFO -   8 → 3
2026-05-13 01:57:23 - INFO -   Длина: 8461.97 м
2026-05-13 01:57:23 - INFO - 
Маршрут #9
2026-05-13 01:57:23 - INFO -   9 → 3
2026-05-13 01:57:23 - INFO -   Длина: 8407.72 м
2026-05-13 01:57:23 - INFO - 
Маршрут #10
2026-05-13 01:57:23 - INFO -   10 → 3
2026-05-13 01:57:23 - INFO -   Длина: 8389.22 м
2026-05-13 01:57:23 - INFO - 
Маршрут #11
2026-05-13 01:57:23 - INFO -   11 → 3
2026-05-13 01:57:23 - INFO -   Длина: 6507.05 м
2026-05-13 01:57:23 - INFO - 
Маршрут #12
2026-05-13 01:57:23 - INFO -   12 → 3
2026-05-13 01:57:23 - INFO -   Длина: 6349.99 м
2026-05-13 01:57:23 - INFO - 
Маршрут #13
2026-05-13 01:57:23 - INFO -   13 → 3
2026-05-13 01:57:23 - INFO -   Длина: 6125.00 м
2026-05-13 01:57:23 - INFO - 
Маршрут #14
2026-05-13 01:57:23 - INFO -   14 → 3
2026-05-13 01:57:23 - INFO -   Длина: 6020.62 м
2026-05-13 01:57:23 - INFO - 
Маршрут #15
2026-05-13 01:57:23 - INFO -   15 → 3
2026-05-13 01:57:23 - INFO -   Длина: 5950.98 м
2026-05-13 01:57:23 - INFO - 
Маршрут #16
2026-05-13 01:57:23 - INFO -   16 → 3
2026-05-13 01:57:23 - INFO -   Длина: 6288.59 м
2026-05-13 01:57:23 - INFO - 
Маршрут #17
2026-05-13 01:57:23 - INFO -   17 → 3
2026-05-13 01:57:23 - INFO -   Длина: 6354.44 м
2026-05-13 01:57:23 - INFO - 
Маршрут #18
2026-05-13 01:57:23 - INFO -   18 → 3
2026-05-13 01:57:23 - INFO -   Длина: 7433.40 м
2026-05-13 01:57:23 - INFO - 
Маршрут #19
2026-05-13 01:57:23 - INFO -   19 → 3
2026-05-13 01:57:23 - INFO -   Длина: 7121.02 м
2026-05-13 01:57:23 - INFO - 
Маршрут #20
2026-05-13 01:57:23 - INFO -   20 → 3
2026-05-13 01:57:23 - INFO -   Длина: 7122.52 м
2026-05-13 01:57:23 - INFO - 
Маршрут #21
2026-05-13 01:57:23 - INFO -   22 → 3
2026-05-13 01:57:23 - INFO -   Длина: 8205.55 м
2026-05-13 01:57:23 - INFO - 
Маршрут #22
2026-05-13 01:57:23 - INFO -   23 → 3
2026-05-13 01:57:23 - INFO -   Длина: 7581.43 м
2026-05-13 01:57:23 - INFO - 
Маршрут #23
2026-05-13 01:57:23 - INFO -   24 → 3
2026-05-13 01:57:23 - INFO -   Длина: 7529.83 м
2026-05-13 01:57:23 - INFO - 
Маршрут #24
2026-05-13 01:57:23 - INFO -   25 → 3
2026-05-13 01:57:23 - INFO -   Длина: 7663.80 м
2026-05-13 01:57:23 - INFO - 
Маршрут #25
2026-05-13 01:57:23 - INFO -   26 → 3
2026-05-13 01:57:23 - INFO -   Длина: 7473.73 м
2026-05-13 01:57:23 - INFO - 
Маршрут #26
2026-05-13 01:57:23 - INFO -   27 → 3
2026-05-13 01:57:23 - INFO -   Длина: 7455.69 м
2026-05-13 01:57:23 - INFO - 
Маршрут #27
2026-05-13 01:57:23 - INFO -   28 → 3
2026-05-13 01:57:23 - INFO -   Длина: 8237.64 м
2026-05-13 01:57:23 - INFO - 
Маршрут #28
2026-05-13 01:57:23 - INFO -   29 → 3
2026-05-13 01:57:23 - INFO -   Длина: 8245.37 м
2026-05-13 01:57:23 - INFO - 
Маршрут #29
2026-05-13 01:57:23 - INFO -   30 → 3
2026-05-13 01:57:23 - INFO -   Длина: 8284.48 м
2026-05-13 01:57:23 - INFO - 
Маршрут #30
2026-05-13 01:57:23 - INFO -   31 → 3
2026-05-13 01:57:23 - INFO -   Длина: 8246.54 м
2026-05-13 01:57:23 - INFO - 
Маршрут #31
2026-05-13 01:57:23 - INFO -   33 → 3
2026-05-13 01:57:23 - INFO -   Длина: 7574.70 м
2026-05-13 01:57:23 - INFO - 
Маршрут #32
2026-05-13 01:57:23 - INFO -   34 → 3
2026-05-13 01:57:23 - INFO -   Длина: 6917.39 м
2026-05-13 01:57:23 - INFO - 
Маршрут #33
2026-05-13 01:57:23 - INFO -   35 → 3
2026-05-13 01:57:23 - INFO -   Длина: 6236.09 м
2026-05-13 01:57:23 - INFO - 
Маршрут #34
2026-05-13 01:57:23 - INFO -   36 → 3
2026-05-13 01:57:23 - INFO -   Длина: 6162.73 м
2026-05-13 01:57:23 - INFO - 
Маршрут #35
2026-05-13 01:57:23 - INFO -   37 → 3
2026-05-13 01:57:23 - INFO -   Длина: 6360.68 м
2026-05-13 01:57:23 - INFO - 
Маршрут #36
2026-05-13 01:57:23 - INFO -   38 → 3
2026-05-13 01:57:23 - INFO -   Длина: 7093.62 м
2026-05-13 01:57:23 - INFO - 
Маршрут #37
2026-05-13 01:57:23 - INFO -   39 → 3
2026-05-13 01:57:23 - INFO -   Длина: 6824.70 м
2026-05-13 01:57:23 - INFO - 
Маршрут #38
2026-05-13 01:57:23 - INFO -   40 → 3
2026-05-13 01:57:23 - INFO -   Длина: 6205.91 м
2026-05-13 01:57:23 - INFO - 
Маршрут #39
2026-05-13 01:57:23 - INFO -   41 → 3
2026-05-13 01:57:23 - INFO -   Длина: 6855.12 м
2026-05-13 01:57:23 - INFO - 
Маршрут #40
2026-05-13 01:57:23 - INFO -   42 → 3
2026-05-13 01:57:23 - INFO -   Длина: 6142.29 м
2026-05-13 01:57:23 - INFO - 
Маршрут #41
2026-05-13 01:57:23 - INFO -   43 → 3
2026-05-13 01:57:23 - INFO -   Длина: 6692.64 м
2026-05-13 01:57:23 - INFO - 
Маршрут #42
2026-05-13 01:57:23 - INFO -   44 → 3
2026-05-13 01:57:23 - INFO -   Длина: 6330.75 м
2026-05-13 01:57:23 - INFO - 
Маршрут #43
2026-05-13 01:57:23 - INFO -   46 → 3
2026-05-13 01:57:23 - INFO -   Длина: 7265.66 м
2026-05-13 01:57:23 - INFO - 
Маршрут #44
2026-05-13 01:57:23 - INFO -   47 → 3
2026-05-13 01:57:23 - INFO -   Длина: 6931.26 м
2026-05-13 01:57:23 - INFO - 
Маршрут #45
2026-05-13 01:57:23 - INFO -   48 → 3
2026-05-13 01:57:23 - INFO -   Длина: 6456.45 м
2026-05-13 01:57:23 - INFO - 
Маршрут #46
2026-05-13 01:57:23 - INFO -   49 → 3
2026-05-13 01:57:23 - INFO -   Длина: 6703.49 м
2026-05-13 01:57:23 - INFO - 
Маршрут #47
2026-05-13 01:57:23 - INFO -   50 → 3
2026-05-13 01:57:23 - INFO -   Длина: 6489.94 м
2026-05-13 01:57:23 - INFO - 
Маршрут #48
2026-05-13 01:57:23 - INFO -   51 → 3
2026-05-13 01:57:23 - INFO -   Длина: 6718.44 м
2026-05-13 01:57:23 - INFO - 
Маршрут #49
2026-05-13 01:57:23 - INFO -   52 → 3
2026-05-13 01:57:23 - INFO -   Длина: 5566.48 м
2026-05-13 01:57:23 - INFO - 
Маршрут #50
2026-05-13 01:57:23 - INFO -   53 → 3
2026-05-13 01:57:23 - INFO -   Длина: 6521.40 м
2026-05-13 01:57:23 - INFO - 
Маршрут #51
2026-05-13 01:57:23 - INFO -   54 → 3
2026-05-13 01:57:23 - INFO -   Длина: 6470.05 м
2026-05-13 01:57:23 - INFO - 
Маршрут #52
2026-05-13 01:57:23 - INFO -   55 → 3
2026-05-13 01:57:23 - INFO -   Длина: 6441.33 м
2026-05-13 01:57:23 - INFO - 
Маршрут #53
2026-05-13 01:57:23 - INFO -   56 → 3
2026-05-13 01:57:23 - INFO -   Длина: 5363.05 м
2026-05-13 01:57:23 - INFO - 
Маршрут #54
2026-05-13 01:57:23 - INFO -   57 → 3
2026-05-13 01:57:23 - INFO -   Длина: 5353.56 м
2026-05-13 01:57:23 - INFO - 
Маршрут #55
2026-05-13 01:57:23 - INFO -   58 → 3
2026-05-13 01:57:23 - INFO -   Длина: 5311.43 м
2026-05-13 01:57:23 - INFO - 
Маршрут #56
2026-05-13 01:57:23 - INFO -   59 → 3
2026-05-13 01:57:23 - INFO -   Длина: 5315.06 м
2026-05-13 01:57:23 - INFO - 
Маршрут #57
2026-05-13 01:57:23 - INFO -   60 → 3
2026-05-13 01:57:23 - INFO -   Длина: 6066.59 м
2026-05-13 01:57:23 - INFO - 
Маршрут #58
2026-05-13 01:57:23 - INFO -   61 → 3
2026-05-13 01:57:23 - INFO -   Длина: 5276.12 м
2026-05-13 01:57:23 - INFO - 
Маршрут #59
2026-05-13 01:57:23 - INFO -   62 → 3
2026-05-13 01:57:23 - INFO -   Длина: 5612.69 м
2026-05-13 01:57:23 - INFO - 
Маршрут #60
2026-05-13 01:57:23 - INFO -   63 → 3
2026-05-13 01:57:23 - INFO -   Длина: 3864.22 м
2026-05-13 01:57:23 - INFO - 
Маршрут #61
2026-05-13 01:57:23 - INFO -   64 → 3
2026-05-13 01:57:23 - INFO -   Длина: 4288.39 м
2026-05-13 01:57:23 - INFO - 
Маршрут #62
2026-05-13 01:57:23 - INFO -   65 → 3
2026-05-13 01:57:23 - INFO -   Длина: 4126.15 м
2026-05-13 01:57:23 - INFO - 
Маршрут #63
2026-05-13 01:57:23 - INFO -   66 → 3
2026-05-13 01:57:23 - INFO -   Длина: 4177.58 м
2026-05-13 01:57:23 - INFO - 
Маршрут #64
2026-05-13 01:57:23 - INFO -   67 → 3
2026-05-13 01:57:23 - INFO -   Длина: 2669.18 м
2026-05-13 01:57:23 - INFO - 
Маршрут #65
2026-05-13 01:57:23 - INFO -   68 → 3
2026-05-13 01:57:23 - INFO -   Длина: 2825.45 м
2026-05-13 01:57:23 - INFO - 
Маршрут #66
2026-05-13 01:57:23 - INFO -   69 → 3
2026-05-13 01:57:23 - INFO -   Длина: 4111.79 м
2026-05-13 01:57:23 - INFO - 
Маршрут #67
2026-05-13 01:57:23 - INFO -   70 → 3
2026-05-13 01:57:23 - INFO -   Длина: 3224.49 м
2026-05-13 01:57:23 - INFO - 
Маршрут #68
2026-05-13 01:57:23 - INFO -   71 → 3
2026-05-13 01:57:23 - INFO -   Длина: 3061.46 м
2026-05-13 01:57:23 - INFO - 
Маршрут #69
2026-05-13 01:57:23 - INFO -   72 → 3
2026-05-13 01:57:23 - INFO -   Длина: 2667.18 м
2026-05-13 01:57:23 - INFO - 
Маршрут #70
2026-05-13 01:57:23 - INFO -   73 → 3
2026-05-13 01:57:23 - INFO -   Длина: 2993.54 м
2026-05-13 01:57:23 - INFO - 
Маршрут #71
2026-05-13 01:57:23 - INFO -   74 → 3
2026-05-13 01:57:23 - INFO -   Длина: 2768.72 м
2026-05-13 01:57:23 - INFO - 
Маршрут #72
2026-05-13 01:57:23 - INFO -   75 → 3
2026-05-13 01:57:23 - INFO -   Длина: 2816.59 м
2026-05-13 01:57:23 - INFO - 
Маршрут #73
2026-05-13 01:57:23 - INFO -   76 → 3
2026-05-13 01:57:23 - INFO -   Длина: 2587.77 м
2026-05-13 01:57:23 - INFO - 
Маршрут #74
2026-05-13 01:57:23 - INFO -   77 → 3
2026-05-13 01:57:23 - INFO -   Длина: 2606.20 м
2026-05-13 01:57:23 - INFO - 
Маршрут #75
2026-05-13 01:57:23 - INFO -   78 → 3
2026-05-13 01:57:23 - INFO -   Длина: 2634.53 м
2026-05-13 01:57:23 - INFO - 
Маршрут #76
2026-05-13 01:57:23 - INFO -   79 → 3
2026-05-13 01:57:23 - INFO -   Длина: 2677.28 м
2026-05-13 01:57:23 - INFO - 
Маршрут #77
2026-05-13 01:57:23 - INFO -   80 → 3
2026-05-13 01:57:23 - INFO -   Длина: 3966.53 м
2026-05-13 01:57:23 - INFO - 
Маршрут #78
2026-05-13 01:57:23 - INFO -   81 → 3
2026-05-13 01:57:23 - INFO -   Длина: 2926.29 м
2026-05-13 01:57:23 - INFO - 
Маршрут #79
2026-05-13 01:57:23 - INFO -   82 → 3
2026-05-13 01:57:23 - INFO -   Длина: 2736.51 м
2026-05-13 01:57:23 - INFO - 
Маршрут #80
2026-05-13 01:57:23 - INFO -   83 → 3
2026-05-13 01:57:23 - INFO -   Длина: 3900.34 м
2026-05-13 01:57:23 - INFO - 
Маршрут #81
2026-05-13 01:57:23 - INFO -   84 → 3
2026-05-13 01:57:23 - INFO -   Длина: 2272.55 м
2026-05-13 01:57:23 - INFO - 
Маршрут #82
2026-05-13 01:57:23 - INFO -   85 → 3
2026-05-13 01:57:23 - INFO -   Длина: 2565.86 м
2026-05-13 01:57:23 - INFO - 
Маршрут #83
2026-05-13 01:57:23 - INFO -   86 → 3
2026-05-13 01:57:23 - INFO -   Длина: 2652.49 м
2026-05-13 01:57:23 - INFO - 
Маршрут #84
2026-05-13 01:57:23 - INFO -   87 → 3
2026-05-13 01:57:23 - INFO -   Длина: 2488.96 м
2026-05-13 01:57:23 - INFO - 
Маршрут #85
2026-05-13 01:57:23 - INFO -   88 → 3
2026-05-13 01:57:23 - INFO -   Длина: 3087.95 м
2026-05-13 01:57:23 - INFO - 
Маршрут #86
2026-05-13 01:57:23 - INFO -   89 → 3
2026-05-13 01:57:23 - INFO -   Длина: 2293.08 м
2026-05-13 01:57:23 - INFO - 
Маршрут #87
2026-05-13 01:57:23 - INFO -   90 → 3
2026-05-13 01:57:23 - INFO -   Длина: 4590.10 м
2026-05-13 01:57:23 - INFO - 
Маршрут #88
2026-05-13 01:57:23 - INFO -   91 → 3
2026-05-13 01:57:23 - INFO -   Длина: 3661.13 м
2026-05-13 01:57:23 - INFO - 
Маршрут #89
2026-05-13 01:57:23 - INFO -   92 → 3
2026-05-13 01:57:23 - INFO -   Длина: 4060.36 м
2026-05-13 01:57:23 - INFO - 
Маршрут #90
2026-05-13 01:57:23 - INFO -   94 → 3
2026-05-13 01:57:23 - INFO -   Длина: 3292.19 м
2026-05-13 01:57:23 - INFO - 
Маршрут #91
2026-05-13 01:57:23 - INFO -   95 → 3
2026-05-13 01:57:23 - INFO -   Длина: 3288.91 м
2026-05-13 01:57:23 - INFO - 
Маршрут #92
2026-05-13 01:57:23 - INFO -   96 → 3
2026-05-13 01:57:23 - INFO -   Длина: 3220.53 м
2026-05-13 01:57:23 - INFO - 
Маршрут #93
2026-05-13 01:57:23 - INFO -   97 → 3
2026-05-13 01:57:23 - INFO -   Длина: 3111.19 м
2026-05-13 01:57:23 - INFO - 
Маршрут #94
2026-05-13 01:57:23 - INFO -   98 → 3
2026-05-13 01:57:23 - INFO -   Длина: 3122.98 м
2026-05-13 01:57:23 - INFO - 
Маршрут #95
2026-05-13 01:57:23 - INFO -   99 → 3
2026-05-13 01:57:23 - INFO -   Длина: 3062.15 м
2026-05-13 01:57:23 - INFO - 
Маршрут #96
2026-05-13 01:57:23 - INFO -   100 → 3
2026-05-13 01:57:23 - INFO -   Длина: 3068.32 м
2026-05-13 01:57:23 - INFO - 
Маршрут #97
2026-05-13 01:57:23 - INFO -   101 → 3
2026-05-13 01:57:23 - INFO -   Длина: 2597.77 м
2026-05-13 01:57:23 - INFO - 
Маршрут #98
2026-05-13 01:57:23 - INFO -   102 → 3
2026-05-13 01:57:23 - INFO -   Длина: 2416.84 м
2026-05-13 01:57:23 - INFO - 
Маршрут #99
2026-05-13 01:57:23 - INFO -   103 → 3
2026-05-13 01:57:23 - INFO -   Длина: 2528.83 м
2026-05-13 01:57:23 - INFO - 
Маршрут #100
2026-05-13 01:57:23 - INFO -   104 → 3
2026-05-13 01:57:23 - INFO -   Длина: 2596.52 м
2026-05-13 01:57:23 - INFO - 
Маршрут #101
2026-05-13 01:57:23 - INFO -   105 → 3
2026-05-13 01:57:23 - INFO -   Длина: 2560.61 м
2026-05-13 01:57:23 - INFO - 
Маршрут #102
2026-05-13 01:57:23 - INFO -   106 → 3
2026-05-13 01:57:23 - INFO -   Длина: 2264.57 м
2026-05-13 01:57:23 - INFO - 
Маршрут #103
2026-05-13 01:57:23 - INFO -   107 → 3
2026-05-13 01:57:23 - INFO -   Длина: 2414.72 м
2026-05-13 01:57:23 - INFO - 
Маршрут #104
2026-05-13 01:57:23 - INFO -   108 → 3
2026-05-13 01:57:23 - INFO -   Длина: 2101.21 м
2026-05-13 01:57:23 - INFO - 
Маршрут #105
2026-05-13 01:57:23 - INFO -   109 → 3
2026-05-13 01:57:23 - INFO -   Длина: 2092.94 м
2026-05-13 01:57:23 - INFO - 
Маршрут #106
2026-05-13 01:57:23 - INFO -   110 → 3
2026-05-13 01:57:23 - INFO -   Длина: 1924.26 м
2026-05-13 01:57:23 - INFO - 
Маршрут #107
2026-05-13 01:57:23 - INFO -   111 → 3
2026-05-13 01:57:23 - INFO -   Длина: 2642.33 м
2026-05-13 01:57:23 - INFO - 
Маршрут #108
2026-05-13 01:57:23 - INFO -   112 → 3
2026-05-13 01:57:23 - INFO -   Длина: 1481.86 м
2026-05-13 01:57:23 - INFO - 
Маршрут #109
2026-05-13 01:57:23 - INFO -   113 → 3
2026-05-13 01:57:23 - INFO -   Длина: 1766.08 м
2026-05-13 01:57:23 - INFO - 
Маршрут #110
2026-05-13 01:57:23 - INFO -   114 → 3
2026-05-13 01:57:23 - INFO -   Длина: 2178.69 м
2026-05-13 01:57:23 - INFO - 
Маршрут #111
2026-05-13 01:57:23 - INFO -   115 → 3
2026-05-13 01:57:23 - INFO -   Длина: 1407.11 м
2026-05-13 01:57:23 - INFO - 
Маршрут #112
2026-05-13 01:57:23 - INFO -   116 → 3
2026-05-13 01:57:23 - INFO -   Длина: 2105.97 м
2026-05-13 01:57:23 - INFO - 
Маршрут #113
2026-05-13 01:57:23 - INFO -   117 → 3
2026-05-13 01:57:23 - INFO -   Длина: 1777.17 м
2026-05-13 01:57:23 - INFO - 
Маршрут #114
2026-05-13 01:57:23 - INFO -   118 → 3
2026-05-13 01:57:23 - INFO -   Длина: 1472.38 м
2026-05-13 01:57:23 - INFO - 
Маршрут #115
2026-05-13 01:57:23 - INFO -   119 → 3
2026-05-13 01:57:23 - INFO -   Длина: 1466.93 м
2026-05-13 01:57:23 - INFO - 
Маршрут #116
2026-05-13 01:57:23 - INFO -   120 → 3
2026-05-13 01:57:23 - INFO -   Длина: 1438.70 м
2026-05-13 01:57:23 - INFO - 
Маршрут #117
2026-05-13 01:57:23 - INFO -   121 → 3
2026-05-13 01:57:23 - INFO -   Длина: 1399.53 м
2026-05-13 01:57:23 - INFO - 
Маршрут #118
2026-05-13 01:57:23 - INFO -   122 → 3
2026-05-13 01:57:23 - INFO -   Длина: 1550.89 м
2026-05-13 01:57:23 - INFO - 
Маршрут #119
2026-05-13 01:57:23 - INFO -   123 → 3
2026-05-13 01:57:23 - INFO -   Длина: 1404.33 м
2026-05-13 01:57:23 - INFO - 
Маршрут #120
2026-05-13 01:57:23 - INFO -   124 → 3
2026-05-13 01:57:23 - INFO -   Длина: 1013.64 м
2026-05-13 01:57:23 - INFO - 
Маршрут #121
2026-05-13 01:57:23 - INFO -   125 → 3
2026-05-13 01:57:23 - INFO -   Длина: 1203.29 м
2026-05-13 01:57:23 - INFO - 
Маршрут #122
2026-05-13 01:57:23 - INFO -   126 → 3
2026-05-13 01:57:23 - INFO -   Длина: 1192.49 м
2026-05-13 01:57:23 - INFO - 
Маршрут #123
2026-05-13 01:57:23 - INFO -   127 → 3
2026-05-13 01:57:23 - INFO -   Длина: 1390.71 м
2026-05-13 01:57:23 - INFO - 
Маршрут #124
2026-05-13 01:57:23 - INFO -   128 → 3
2026-05-13 01:57:23 - INFO -   Длина: 1226.84 м
2026-05-13 01:57:23 - INFO - 
Маршрут #125
2026-05-13 01:57:23 - INFO -   129 → 3
2026-05-13 01:57:23 - INFO -   Длина: 1205.20 м
2026-05-13 01:57:23 - INFO - 
Маршрут #126
2026-05-13 01:57:23 - INFO -   130 → 3
2026-05-13 01:57:23 - INFO -   Длина: 1321.08 м
2026-05-13 01:57:23 - INFO - 
Маршрут #127
2026-05-13 01:57:23 - INFO -   131 → 3
2026-05-13 01:57:23 - INFO -   Длина: 961.46 м
2026-05-13 01:57:23 - INFO - 
Маршрут #128
2026-05-13 01:57:23 - INFO -   132 → 3
2026-05-13 01:57:23 - INFO -   Длина: 1842.40 м
2026-05-13 01:57:23 - INFO - 
Маршрут #129
2026-05-13 01:57:23 - INFO -   133 → 3
2026-05-13 01:57:23 - INFO -   Длина: 1832.15 м
2026-05-13 01:57:23 - INFO - 
Маршрут #130
2026-05-13 01:57:23 - INFO -   134 → 3
2026-05-13 01:57:23 - INFO -   Длина: 1760.37 м
2026-05-13 01:57:23 - INFO - 
Маршрут #131
2026-05-13 01:57:23 - INFO -   135 → 3
2026-05-13 01:57:23 - INFO -   Длина: 1559.63 м
2026-05-13 01:57:23 - INFO - 
Маршрут #132
2026-05-13 01:57:23 - INFO -   136 → 3
2026-05-13 01:57:23 - INFO -   Длина: 1726.63 м
2026-05-13 01:57:23 - INFO - 
Маршрут #133
2026-05-13 01:57:23 - INFO -   137 → 3
2026-05-13 01:57:23 - INFO -   Длина: 1586.92 м
2026-05-13 01:57:23 - INFO - 
Маршрут #134
2026-05-13 01:57:23 - INFO -   138 → 3
2026-05-13 01:57:23 - INFO -   Длина: 1350.93 м
2026-05-13 01:57:23 - INFO - 
Маршрут #135
2026-05-13 01:57:23 - INFO -   139 → 3
2026-05-13 01:57:23 - INFO -   Длина: 1568.36 м
2026-05-13 01:57:23 - INFO - 
Маршрут #136
2026-05-13 01:57:23 - INFO -   140 → 3
2026-05-13 01:57:23 - INFO -   Длина: 1589.65 м
2026-05-13 01:57:23 - INFO - 
Маршрут #137
2026-05-13 01:57:23 - INFO -   141 → 3
2026-05-13 01:57:23 - INFO -   Длина: 1886.37 м
2026-05-13 01:57:23 - INFO - 
Маршрут #138
2026-05-13 01:57:23 - INFO -   142 → 3
2026-05-13 01:57:23 - INFO -   Длина: 1366.42 м
2026-05-13 01:57:23 - INFO - 
Маршрут #139
2026-05-13 01:57:23 - INFO -   143 → 3
2026-05-13 01:57:23 - INFO -   Длина: 1336.39 м
2026-05-13 01:57:23 - INFO - 
Маршрут #140
2026-05-13 01:57:23 - INFO -   144 → 7
2026-05-13 01:57:23 - INFO -   Длина: 3028.69 м
2026-05-13 01:57:23 - INFO - 
Маршрут #141
2026-05-13 01:57:23 - INFO -   145 → 7
2026-05-13 01:57:23 - INFO -   Длина: 2889.49 м
2026-05-13 01:57:23 - INFO - 
Маршрут #142
2026-05-13 01:57:23 - INFO -   146 → 7
2026-05-13 01:57:23 - INFO -   Длина: 2885.16 м
2026-05-13 01:57:23 - INFO - 
Маршрут #143
2026-05-13 01:57:23 - INFO -   147 → 7
2026-05-13 01:57:23 - INFO -   Длина: 2127.19 м
2026-05-13 01:57:23 - INFO - 
Маршрут #144
2026-05-13 01:57:23 - INFO -   148 → 7
2026-05-13 01:57:23 - INFO -   Длина: 3688.73 м
2026-05-13 01:57:23 - INFO - 
Маршрут #145
2026-05-13 01:57:23 - INFO -   149 → 2
2026-05-13 01:57:23 - INFO -   Длина: 3147.16 м
2026-05-13 01:57:23 - INFO - 
Маршрут #146
2026-05-13 01:57:23 - INFO -   150 → 5
2026-05-13 01:57:23 - INFO -   Длина: 3792.97 м
2026-05-13 01:57:23 - INFO - 
Маршрут #147
2026-05-13 01:57:23 - INFO -   151 → 7
2026-05-13 01:57:23 - INFO -   Длина: 3663.78 м
2026-05-13 01:57:23 - INFO - 
Маршрут #148
2026-05-13 01:57:23 - INFO -   152 → 2
2026-05-13 01:57:23 - INFO -   Длина: 3214.38 м
2026-05-13 01:57:23 - INFO - 
Маршрут #149
2026-05-13 01:57:23 - INFO -   153 → 5
2026-05-13 01:57:23 - INFO -   Длина: 3791.67 м
2026-05-13 01:57:23 - INFO - 
Маршрут #150
2026-05-13 01:57:23 - INFO -   154 → 5
2026-05-13 01:57:23 - INFO -   Длина: 3719.53 м
2026-05-13 01:57:23 - INFO - 
Маршрут #151
2026-05-13 01:57:23 - INFO -   155 → 5
2026-05-13 01:57:23 - INFO -   Длина: 3786.46 м
2026-05-13 01:57:23 - INFO - 
Маршрут #152
2026-05-13 01:57:23 - INFO -   156 → 7
2026-05-13 01:57:23 - INFO -   Длина: 3706.80 м
2026-05-13 01:57:23 - INFO - 
Маршрут #153
2026-05-13 01:57:23 - INFO -   157 → 5
2026-05-13 01:57:23 - INFO -   Длина: 3675.05 м
2026-05-13 01:57:23 - INFO - 
Маршрут #154
2026-05-13 01:57:23 - INFO -   158 → 5
2026-05-13 01:57:23 - INFO -   Длина: 3752.27 м
2026-05-13 01:57:23 - INFO - 
Маршрут #155
2026-05-13 01:57:23 - INFO -   159 → 7
2026-05-13 01:57:23 - INFO -   Длина: 3684.02 м
2026-05-13 01:57:23 - INFO - 
Маршрут #156
2026-05-13 01:57:23 - INFO -   160 → 5
2026-05-13 01:57:23 - INFO -   Длина: 3787.74 м
2026-05-13 01:57:23 - INFO - 
Маршрут #157
2026-05-13 01:57:23 - INFO -   161 → 5
2026-05-13 01:57:23 - INFO -   Длина: 3674.57 м
2026-05-13 01:57:23 - INFO - 
Маршрут #158
2026-05-13 01:57:23 - INFO -   162 → 5
2026-05-13 01:57:23 - INFO -   Длина: 3550.72 м
2026-05-13 01:57:23 - INFO - 
Маршрут #159
2026-05-13 01:57:23 - INFO -   163 → 5
2026-05-13 01:57:23 - INFO -   Длина: 3621.43 м
2026-05-13 01:57:23 - INFO - 
Маршрут #160
2026-05-13 01:57:23 - INFO -   164 → 5
2026-05-13 01:57:23 - INFO -   Длина: 3751.16 м
2026-05-13 01:57:23 - INFO - 
Маршрут #161
2026-05-13 01:57:23 - INFO -   165 → 5
2026-05-13 01:57:23 - INFO -   Длина: 3494.45 м
2026-05-13 01:57:23 - INFO - 
Маршрут #162
2026-05-13 01:57:23 - INFO -   166 → 5
2026-05-13 01:57:23 - INFO -   Длина: 3532.20 м
2026-05-13 01:57:23 - INFO - 
Маршрут #163
2026-05-13 01:57:23 - INFO -   167 → 5
2026-05-13 01:57:23 - INFO -   Длина: 3483.38 м
2026-05-13 01:57:23 - INFO - 
Маршрут #164
2026-05-13 01:57:23 - INFO -   168 → 5
2026-05-13 01:57:23 - INFO -   Длина: 3705.97 м
2026-05-13 01:57:23 - INFO - 
Маршрут #165
2026-05-13 01:57:23 - INFO -   169 → 5
2026-05-13 01:57:23 - INFO -   Длина: 3757.67 м
2026-05-13 01:57:23 - INFO - 
Маршрут #166
2026-05-13 01:57:23 - INFO -   170 → 5
2026-05-13 01:57:23 - INFO -   Длина: 3477.55 м
2026-05-13 01:57:23 - INFO - 
Маршрут #167
2026-05-13 01:57:23 - INFO -   171 → 5
2026-05-13 01:57:23 - INFO -   Длина: 3534.51 м
2026-05-13 01:57:23 - INFO - 
Маршрут #168
2026-05-13 01:57:23 - INFO -   172 → 5
2026-05-13 01:57:23 - INFO -   Длина: 3431.51 м
2026-05-13 01:57:23 - INFO - 
Маршрут #169
2026-05-13 01:57:23 - INFO -   173 → 5
2026-05-13 01:57:23 - INFO -   Длина: 3669.81 м
2026-05-13 01:57:23 - INFO - 
Маршрут #170
2026-05-13 01:57:23 - INFO -   174 → 5
2026-05-13 01:57:23 - INFO -   Длина: 3542.45 м
2026-05-13 01:57:23 - INFO - 
Маршрут #171
2026-05-13 01:57:23 - INFO -   175 → 5
2026-05-13 01:57:23 - INFO -   Длина: 3660.17 м
2026-05-13 01:57:23 - INFO - 
Маршрут #172
2026-05-13 01:57:23 - INFO -   176 → 5
2026-05-13 01:57:23 - INFO -   Длина: 3671.88 м
2026-05-13 01:57:23 - INFO - 
Маршрут #173
2026-05-13 01:57:23 - INFO -   177 → 5
2026-05-13 01:57:23 - INFO -   Длина: 3543.91 м
2026-05-13 01:57:23 - INFO - 
Маршрут #174
2026-05-13 01:57:23 - INFO -   178 → 5
2026-05-13 01:57:23 - INFO -   Длина: 3451.72 м
2026-05-13 01:57:23 - INFO - 
Маршрут #175
2026-05-13 01:57:23 - INFO -   179 → 5
2026-05-13 01:57:23 - INFO -   Длина: 3368.08 м
2026-05-13 01:57:23 - INFO - 
Маршрут #176
2026-05-13 01:57:23 - INFO -   180 → 5
2026-05-13 01:57:23 - INFO -   Длина: 3325.03 м
2026-05-13 01:57:23 - INFO - 
Маршрут #177
2026-05-13 01:57:23 - INFO -   181 → 5
2026-05-13 01:57:23 - INFO -   Длина: 3631.71 м
2026-05-13 01:57:23 - INFO - 
Маршрут #178
2026-05-13 01:57:23 - INFO -   182 → 7
2026-05-13 01:57:23 - INFO -   Длина: 1839.51 м
2026-05-13 01:57:23 - INFO - 
Маршрут #179
2026-05-13 01:57:23 - INFO -   183 → 7
2026-05-13 01:57:23 - INFO -   Длина: 2247.94 м
2026-05-13 01:57:23 - INFO - 
Маршрут #180
2026-05-13 01:57:23 - INFO -   184 → 7
2026-05-13 01:57:23 - INFO -   Длина: 1706.79 м
2026-05-13 01:57:23 - INFO - 
Маршрут #181
2026-05-13 01:57:23 - INFO -   185 → 7
2026-05-13 01:57:23 - INFO -   Длина: 1822.76 м
2026-05-13 01:57:23 - INFO - 
Маршрут #182
2026-05-13 01:57:23 - INFO -   186 → 7
2026-05-13 01:57:23 - INFO -   Длина: 3549.32 м
2026-05-13 01:57:23 - INFO - 
Маршрут #183
2026-05-13 01:57:23 - INFO -   187 → 7
2026-05-13 01:57:23 - INFO -   Длина: 1752.38 м
2026-05-13 01:57:23 - INFO - 
Маршрут #184
2026-05-13 01:57:23 - INFO -   188 → 7
2026-05-13 01:57:23 - INFO -   Длина: 3354.39 м
2026-05-13 01:57:23 - INFO - 
Маршрут #185
2026-05-13 01:57:23 - INFO -   189 → 7
2026-05-13 01:57:23 - INFO -   Длина: 1908.06 м
2026-05-13 01:57:23 - INFO - 
Маршрут #186
2026-05-13 01:57:23 - INFO -   190 → 7
2026-05-13 01:57:23 - INFO -   Длина: 3421.11 м
2026-05-13 01:57:23 - INFO - 
Маршрут #187
2026-05-13 01:57:23 - INFO -   191 → 7
2026-05-13 01:57:23 - INFO -   Длина: 1773.33 м
2026-05-13 01:57:23 - INFO - 
Маршрут #188
2026-05-13 01:57:23 - INFO -   192 → 7
2026-05-13 01:57:23 - INFO -   Длина: 3270.04 м
2026-05-13 01:57:23 - INFO - 
Маршрут #189
2026-05-13 01:57:23 - INFO -   193 → 7
2026-05-13 01:57:23 - INFO -   Длина: 1987.94 м
2026-05-13 01:57:23 - INFO - 
Маршрут #190
2026-05-13 01:57:23 - INFO -   194 → 7
2026-05-13 01:57:23 - INFO -   Длина: 1662.10 м
2026-05-13 01:57:23 - INFO - 
Маршрут #191
2026-05-13 01:57:23 - INFO -   195 → 7
2026-05-13 01:57:23 - INFO -   Длина: 1683.53 м
2026-05-13 01:57:23 - INFO - 
Маршрут #192
2026-05-13 01:57:23 - INFO -   196 → 7
2026-05-13 01:57:23 - INFO -   Длина: 1986.10 м
2026-05-13 01:57:23 - INFO - 
Маршрут #193
2026-05-13 01:57:23 - INFO -   197 → 7
2026-05-13 01:57:23 - INFO -   Длина: 1613.74 м
2026-05-13 01:57:23 - INFO - 
Маршрут #194
2026-05-13 01:57:23 - INFO -   198 → 7
2026-05-13 01:57:23 - INFO -   Длина: 3053.32 м
2026-05-13 01:57:23 - INFO - 
Маршрут #195
2026-05-13 01:57:23 - INFO -   199 → 7
2026-05-13 01:57:23 - INFO -   Длина: 2973.54 м
2026-05-13 01:57:23 - INFO - 
Маршрут #196
2026-05-13 01:57:23 - INFO -   200 → 7
2026-05-13 01:57:23 - INFO -   Длина: 1947.52 м
2026-05-13 01:57:23 - INFO - 
Маршрут #197
2026-05-13 01:57:23 - INFO -   201 → 7
2026-05-13 01:57:23 - INFO -   Длина: 1713.14 м
2026-05-13 01:57:23 - INFO - 
Маршрут #198
2026-05-13 01:57:23 - INFO -   202 → 7
2026-05-13 01:57:23 - INFO -   Длина: 3152.12 м
2026-05-13 01:57:23 - INFO - 
Маршрут #199
2026-05-13 01:57:23 - INFO -   203 → 7
2026-05-13 01:57:23 - INFO -   Длина: 2970.89 м
2026-05-13 01:57:23 - INFO - 
Маршрут #200
2026-05-13 01:57:23 - INFO -   204 → 7
2026-05-13 01:57:23 - INFO -   Длина: 2833.41 м
2026-05-13 01:57:23 - INFO - 
Маршрут #201
2026-05-13 01:57:23 - INFO -   205 → 7
2026-05-13 01:57:23 - INFO -   Длина: 2889.63 м
2026-05-13 01:57:23 - INFO - 
Маршрут #202
2026-05-13 01:57:23 - INFO -   206 → 7
2026-05-13 01:57:23 - INFO -   Длина: 2853.79 м
2026-05-13 01:57:23 - INFO - 
Маршрут #203
2026-05-13 01:57:23 - INFO -   207 → 7
2026-05-13 01:57:23 - INFO -   Длина: 2806.74 м
2026-05-13 01:57:23 - INFO - 
Маршрут #204
2026-05-13 01:57:23 - INFO -   208 → 7
2026-05-13 01:57:23 - INFO -   Длина: 1786.39 м
2026-05-13 01:57:23 - INFO - 
Маршрут #205
2026-05-13 01:57:23 - INFO -   209 → 7
2026-05-13 01:57:23 - INFO -   Длина: 1731.95 м
2026-05-13 01:57:23 - INFO - 
Маршрут #206
2026-05-13 01:57:23 - INFO -   210 → 7
2026-05-13 01:57:23 - INFO -   Длина: 2689.32 м
2026-05-13 01:57:23 - INFO - 
Маршрут #207
2026-05-13 01:57:23 - INFO -   211 → 7
2026-05-13 01:57:23 - INFO -   Длина: 1894.99 м
2026-05-13 01:57:23 - INFO - 
Маршрут #208
2026-05-13 01:57:23 - INFO -   212 → 7
2026-05-13 01:57:23 - INFO -   Длина: 2575.18 м
2026-05-13 01:57:23 - INFO - 
Маршрут #209
2026-05-13 01:57:23 - INFO -   213 → 7
2026-05-13 01:57:23 - INFO -   Длина: 1856.42 м
2026-05-13 01:57:23 - INFO - 
Маршрут #210
2026-05-13 01:57:23 - INFO -   214 → 7
2026-05-13 01:57:23 - INFO -   Длина: 1987.00 м
2026-05-13 01:57:23 - INFO - 
Маршрут #211
2026-05-13 01:57:23 - INFO -   215 → 7
2026-05-13 01:57:23 - INFO -   Длина: 3431.09 м
2026-05-13 01:57:23 - INFO - 
Маршрут #212
2026-05-13 01:57:23 - INFO -   216 → 7
2026-05-13 01:57:23 - INFO -   Длина: 2752.48 м
2026-05-13 01:57:23 - INFO - 
Маршрут #213
2026-05-13 01:57:23 - INFO -   217 → 7
2026-05-13 01:57:23 - INFO -   Длина: 2617.89 м
2026-05-13 01:57:23 - INFO - 
Маршрут #214
2026-05-13 01:57:23 - INFO -   218 → 7
2026-05-13 01:57:23 - INFO -   Длина: 3191.91 м
2026-05-13 01:57:23 - INFO - 
Маршрут #215
2026-05-13 01:57:23 - INFO -   219 → 7
2026-05-13 01:57:23 - INFO -   Длина: 3000.10 м
2026-05-13 01:57:23 - INFO - 
Маршрут #216
2026-05-13 01:57:23 - INFO -   220 → 7
2026-05-13 01:57:23 - INFO -   Длина: 3300.11 м
2026-05-13 01:57:23 - INFO - 
Маршрут #217
2026-05-13 01:57:23 - INFO -   221 → 7
2026-05-13 01:57:23 - INFO -   Длина: 2980.94 м
2026-05-13 01:57:23 - INFO - 
Маршрут #218
2026-05-13 01:57:23 - INFO -   222 → 7
2026-05-13 01:57:23 - INFO -   Длина: 3519.77 м
2026-05-13 01:57:23 - INFO - 
Маршрут #219
2026-05-13 01:57:23 - INFO -   223 → 7
2026-05-13 01:57:23 - INFO -   Длина: 2880.04 м
2026-05-13 01:57:23 - INFO - 
Маршрут #220
2026-05-13 01:57:23 - INFO -   224 → 7
2026-05-13 01:57:23 - INFO -   Длина: 2858.75 м
2026-05-13 01:57:23 - INFO - 
Маршрут #221
2026-05-13 01:57:23 - INFO -   225 → 7
2026-05-13 01:57:23 - INFO -   Длина: 3192.43 м
2026-05-13 01:57:23 - INFO - 
Маршрут #222
2026-05-13 01:57:23 - INFO -   226 → 7
2026-05-13 01:57:23 - INFO -   Длина: 3325.37 м
2026-05-13 01:57:23 - INFO - 
Маршрут #223
2026-05-13 01:57:23 - INFO -   227 → 7
2026-05-13 01:57:23 - INFO -   Длина: 3520.55 м
2026-05-13 01:57:23 - INFO - 
Маршрут #224
2026-05-13 01:57:23 - INFO -   228 → 7
2026-05-13 01:57:23 - INFO -   Длина: 3310.86 м
2026-05-13 01:57:23 - INFO - 
Маршрут #225
2026-05-13 01:57:23 - INFO -   229 → 7
2026-05-13 01:57:23 - INFO -   Длина: 3184.86 м
2026-05-13 01:57:23 - INFO - 
Маршрут #226
2026-05-13 01:57:23 - INFO -   230 → 7
2026-05-13 01:57:23 - INFO -   Длина: 3319.35 м
2026-05-13 01:57:23 - INFO - 
Маршрут #227
2026-05-13 01:57:23 - INFO -   231 → 7
2026-05-13 01:57:23 - INFO -   Длина: 2976.89 м
2026-05-13 01:57:23 - INFO - 
Маршрут #228
2026-05-13 01:57:23 - INFO -   232 → 7
2026-05-13 01:57:23 - INFO -   Длина: 3256.31 м
2026-05-13 01:57:23 - INFO - 
Маршрут #229
2026-05-13 01:57:23 - INFO -   233 → 7
2026-05-13 01:57:23 - INFO -   Длина: 3290.76 м
2026-05-13 01:57:23 - INFO - 
Маршрут #230
2026-05-13 01:57:23 - INFO -   234 → 7
2026-05-13 01:57:23 - INFO -   Длина: 3146.45 м
2026-05-13 01:57:23 - INFO - 
Маршрут #231
2026-05-13 01:57:23 - INFO -   235 → 2
2026-05-13 01:57:23 - INFO -   Длина: 3097.30 м
2026-05-13 01:57:23 - INFO - 
Маршрут #232
2026-05-13 01:57:23 - INFO -   236 → 7
2026-05-13 01:57:23 - INFO -   Длина: 2727.84 м
2026-05-13 01:57:23 - INFO - 
Маршрут #233
2026-05-13 01:57:23 - INFO -   237 → 7
2026-05-13 01:57:23 - INFO -   Длина: 3383.14 м
2026-05-13 01:57:23 - INFO - 
Маршрут #234
2026-05-13 01:57:23 - INFO -   238 → 7
2026-05-13 01:57:23 - INFO -   Длина: 2797.38 м
2026-05-13 01:57:23 - INFO - 
Маршрут #235
2026-05-13 01:57:23 - INFO -   239 → 7
2026-05-13 01:57:23 - INFO -   Длина: 3259.19 м
2026-05-13 01:57:23 - INFO - 
Маршрут #236
2026-05-13 01:57:23 - INFO -   240 → 7
2026-05-13 01:57:23 - INFO -   Длина: 2882.85 м
2026-05-13 01:57:23 - INFO - 
Маршрут #237
2026-05-13 01:57:23 - INFO -   241 → 2
2026-05-13 01:57:23 - INFO -   Длина: 2797.55 м
2026-05-13 01:57:23 - INFO - 
Маршрут #238
2026-05-13 01:57:23 - INFO -   242 → 2
2026-05-13 01:57:23 - INFO -   Длина: 3001.26 м
2026-05-13 01:57:23 - INFO - 
Маршрут #239
2026-05-13 01:57:23 - INFO -   243 → 7
2026-05-13 01:57:23 - INFO -   Длина: 3141.65 м
2026-05-13 01:57:23 - INFO - 
Маршрут #240
2026-05-13 01:57:23 - INFO -   244 → 2
2026-05-13 01:57:23 - INFO -   Длина: 2740.09 м
2026-05-13 01:57:23 - INFO - 
Маршрут #241
2026-05-13 01:57:23 - INFO -   245 → 2
2026-05-13 01:57:23 - INFO -   Длина: 2968.96 м
2026-05-13 01:57:23 - INFO - 
Маршрут #242
2026-05-13 01:57:23 - INFO -   246 → 2
2026-05-13 01:57:23 - INFO -   Длина: 2823.44 м
2026-05-13 01:57:23 - INFO - 
Маршрут #243
2026-05-13 01:57:23 - INFO -   247 → 2
2026-05-13 01:57:23 - INFO -   Длина: 2554.43 м
2026-05-13 01:57:23 - INFO - 
Маршрут #244
2026-05-13 01:57:23 - INFO -   248 → 5
2026-05-13 01:57:23 - INFO -   Длина: 3486.76 м
2026-05-13 01:57:23 - INFO - 
Маршрут #245
2026-05-13 01:57:23 - INFO -   249 → 2
2026-05-13 01:57:23 - INFO -   Длина: 3266.72 м
2026-05-13 01:57:23 - INFO - 
Маршрут #246
2026-05-13 01:57:23 - INFO -   250 → 2
2026-05-13 01:57:23 - INFO -   Длина: 3325.38 м
2026-05-13 01:57:23 - INFO - 
Маршрут #247
2026-05-13 01:57:23 - INFO -   251 → 5
2026-05-13 01:57:23 - INFO -   Длина: 3552.65 м
2026-05-13 01:57:23 - INFO - 
Маршрут #248
2026-05-13 01:57:23 - INFO -   252 → 2
2026-05-13 01:57:23 - INFO -   Длина: 3161.99 м
2026-05-13 01:57:23 - INFO - 
Маршрут #249
2026-05-13 01:57:23 - INFO -   253 → 5
2026-05-13 01:57:23 - INFO -   Длина: 3546.59 м
2026-05-13 01:57:23 - INFO - 
Маршрут #250
2026-05-13 01:57:23 - INFO -   254 → 2
2026-05-13 01:57:23 - INFO -   Длина: 3096.56 м
2026-05-13 01:57:23 - INFO - 
Маршрут #251
2026-05-13 01:57:23 - INFO -   255 → 5
2026-05-13 01:57:23 - INFO -   Длина: 3574.49 м
2026-05-13 01:57:23 - INFO - 
Маршрут #252
2026-05-13 01:57:23 - INFO -   256 → 2
2026-05-13 01:57:23 - INFO -   Длина: 3290.61 м
2026-05-13 01:57:23 - INFO - 
Маршрут #253
2026-05-13 01:57:23 - INFO -   257 → 2
2026-05-13 01:57:23 - INFO -   Длина: 3075.40 м
2026-05-13 01:57:23 - INFO - 
Маршрут #254
2026-05-13 01:57:23 - INFO -   258 → 2
2026-05-13 01:57:23 - INFO -   Длина: 3299.50 м
2026-05-13 01:57:23 - INFO - 
Маршрут #255
2026-05-13 01:57:23 - INFO -   259 → 2
2026-05-13 01:57:23 - INFO -   Длина: 3321.07 м
2026-05-13 01:57:23 - INFO - 
Маршрут #256
2026-05-13 01:57:23 - INFO -   260 → 2
2026-05-13 01:57:23 - INFO -   Длина: 3186.33 м
2026-05-13 01:57:23 - INFO - 
Маршрут #257
2026-05-13 01:57:23 - INFO -   261 → 2
2026-05-13 01:57:23 - INFO -   Длина: 3349.70 м
2026-05-13 01:57:23 - INFO - 
Маршрут #258
2026-05-13 01:57:23 - INFO -   262 → 2
2026-05-13 01:57:23 - INFO -   Длина: 3173.61 м
2026-05-13 01:57:23 - INFO - 
Маршрут #259
2026-05-13 01:57:23 - INFO -   263 → 5
2026-05-13 01:57:23 - INFO -   Длина: 3679.42 м
2026-05-13 01:57:23 - INFO - 
Маршрут #260
2026-05-13 01:57:23 - INFO -   264 → 2
2026-05-13 01:57:23 - INFO -   Длина: 3060.52 м
2026-05-13 01:57:23 - INFO - 
Маршрут #261
2026-05-13 01:57:23 - INFO -   265 → 5
2026-05-13 01:57:23 - INFO -   Длина: 3687.98 м
2026-05-13 01:57:23 - INFO - 
Маршрут #262
2026-05-13 01:57:23 - INFO -   266 → 2
2026-05-13 01:57:23 - INFO -   Длина: 3075.92 м
2026-05-13 01:57:23 - INFO - 
Маршрут #263
2026-05-13 01:57:23 - INFO -   267 → 2
2026-05-13 01:57:23 - INFO -   Длина: 3151.34 м
2026-05-13 01:57:23 - INFO - 
Маршрут #264
2026-05-13 01:57:23 - INFO -   268 → 2
2026-05-13 01:57:23 - INFO -   Длина: 2973.48 м
2026-05-13 01:57:23 - INFO - 
Маршрут #265
2026-05-13 01:57:23 - INFO -   269 → 2
2026-05-13 01:57:23 - INFO -   Длина: 2992.94 м
2026-05-13 01:57:23 - INFO - 
Маршрут #266
2026-05-13 01:57:23 - INFO -   270 → 2
2026-05-13 01:57:23 - INFO -   Длина: 3139.24 м
2026-05-13 01:57:23 - INFO - 
Маршрут #267
2026-05-13 01:57:23 - INFO -   271 → 2
2026-05-13 01:57:23 - INFO -   Длина: 3044.01 м
2026-05-13 01:57:23 - INFO - 
Маршрут #268
2026-05-13 01:57:23 - INFO -   272 → 2
2026-05-13 01:57:23 - INFO -   Длина: 2868.00 м
2026-05-13 01:57:23 - INFO - 
Маршрут #269
2026-05-13 01:57:23 - INFO -   273 → 2
2026-05-13 01:57:23 - INFO -   Длина: 2935.80 м
2026-05-13 01:57:23 - INFO - 
Маршрут #270
2026-05-13 01:57:23 - INFO -   274 → 2
2026-05-13 01:57:23 - INFO -   Длина: 2790.06 м
2026-05-13 01:57:23 - INFO - 
Маршрут #271
2026-05-13 01:57:23 - INFO -   275 → 2
2026-05-13 01:57:23 - INFO -   Длина: 3054.85 м
2026-05-13 01:57:23 - INFO - 
Маршрут #272
2026-05-13 01:57:23 - INFO -   276 → 2
2026-05-13 01:57:23 - INFO -   Длина: 2886.57 м
2026-05-13 01:57:23 - INFO - 
Маршрут #273
2026-05-13 01:57:23 - INFO -   277 → 2
2026-05-13 01:57:23 - INFO -   Длина: 2854.18 м
2026-05-13 01:57:23 - INFO - 
Маршрут #274
2026-05-13 01:57:23 - INFO -   278 → 2
2026-05-13 01:57:23 - INFO -   Длина: 2785.41 м
2026-05-13 01:57:23 - INFO - 
Маршрут #275
2026-05-13 01:57:23 - INFO -   279 → 2
2026-05-13 01:57:23 - INFO -   Длина: 2839.14 м
2026-05-13 01:57:23 - INFO - 
Маршрут #276
2026-05-13 01:57:23 - INFO -   280 → 2
2026-05-13 01:57:23 - INFO -   Длина: 2688.75 м
2026-05-13 01:57:23 - INFO - 
Маршрут #277
2026-05-13 01:57:23 - INFO -   281 → 2
2026-05-13 01:57:23 - INFO -   Длина: 3069.85 м
2026-05-13 01:57:23 - INFO - 
Маршрут #278
2026-05-13 01:57:23 - INFO -   282 → 2
2026-05-13 01:57:23 - INFO -   Длина: 2838.63 м
2026-05-13 01:57:23 - INFO - 
Маршрут #279
2026-05-13 01:57:23 - INFO -   283 → 2
2026-05-13 01:57:23 - INFO -   Длина: 2684.49 м
2026-05-13 01:57:23 - INFO - 
Маршрут #280
2026-05-13 01:57:23 - INFO -   284 → 2
2026-05-13 01:57:23 - INFO -   Длина: 2709.71 м
2026-05-13 01:57:23 - INFO - 
Маршрут #281
2026-05-13 01:57:23 - INFO -   285 → 2
2026-05-13 01:57:23 - INFO -   Длина: 2854.07 м
2026-05-13 01:57:23 - INFO - 
Маршрут #282
2026-05-13 01:57:23 - INFO -   286 → 2
2026-05-13 01:57:23 - INFO -   Длина: 2689.41 м
2026-05-13 01:57:23 - INFO - 
Маршрут #283
2026-05-13 01:57:23 - INFO -   287 → 2
2026-05-13 01:57:23 - INFO -   Длина: 2622.47 м
2026-05-13 01:57:23 - INFO - 
Маршрут #284
2026-05-13 01:57:23 - INFO -   288 → 2
2026-05-13 01:57:23 - INFO -   Длина: 2607.18 м
2026-05-13 01:57:23 - INFO - 
Маршрут #285
2026-05-13 01:57:23 - INFO -   289 → 2
2026-05-13 01:57:23 - INFO -   Длина: 2534.14 м
2026-05-13 01:57:23 - INFO - 
Маршрут #286
2026-05-13 01:57:23 - INFO -   290 → 2
2026-05-13 01:57:23 - INFO -   Длина: 2468.78 м
2026-05-13 01:57:23 - INFO - 
Маршрут #287
2026-05-13 01:57:23 - INFO -   291 → 2
2026-05-13 01:57:23 - INFO -   Длина: 2468.78 м
2026-05-13 01:57:23 - INFO - 
Маршрут #288
2026-05-13 01:57:23 - INFO -   292 → 2
2026-05-13 01:57:23 - INFO -   Длина: 2798.02 м
2026-05-13 01:57:23 - INFO - 
Маршрут #289
2026-05-13 01:57:23 - INFO -   293 → 2
2026-05-13 01:57:23 - INFO -   Длина: 2769.84 м
2026-05-13 01:57:23 - INFO - 
Маршрут #290
2026-05-13 01:57:23 - INFO -   294 → 2
2026-05-13 01:57:23 - INFO -   Длина: 2701.00 м
2026-05-13 01:57:23 - INFO - 
Маршрут #291
2026-05-13 01:57:23 - INFO -   295 → 2
2026-05-13 01:57:23 - INFO -   Длина: 3217.10 м
2026-05-13 01:57:23 - INFO - 
Маршрут #292
2026-05-13 01:57:23 - INFO -   296 → 2
2026-05-13 01:57:23 - INFO -   Длина: 2999.40 м
2026-05-13 01:57:23 - INFO - 
Маршрут #293
2026-05-13 01:57:23 - INFO -   297 → 2
2026-05-13 01:57:23 - INFO -   Длина: 3027.05 м
2026-05-13 01:57:23 - INFO - 
Маршрут #294
2026-05-13 01:57:23 - INFO -   298 → 2
2026-05-13 01:57:23 - INFO -   Длина: 2942.09 м
2026-05-13 01:57:23 - INFO - 
Маршрут #295
2026-05-13 01:57:23 - INFO -   299 → 2
2026-05-13 01:57:23 - INFO -   Длина: 2777.73 м
2026-05-13 01:57:23 - INFO - 
Маршрут #296
2026-05-13 01:57:23 - INFO -   300 → 2
2026-05-13 01:57:23 - INFO -   Длина: 2797.38 м
2026-05-13 01:57:23 - INFO - 
Маршрут #297
2026-05-13 01:57:23 - INFO -   301 → 2
2026-05-13 01:57:23 - INFO -   Длина: 2866.41 м
2026-05-13 01:57:23 - INFO - 
Маршрут #298
2026-05-13 01:57:23 - INFO -   302 → 2
2026-05-13 01:57:23 - INFO -   Длина: 2721.86 м
2026-05-13 01:57:23 - INFO - 
Маршрут #299
2026-05-13 01:57:23 - INFO -   303 → 2
2026-05-13 01:57:23 - INFO -   Длина: 2797.51 м
2026-05-13 01:57:23 - INFO - 
Маршрут #300
2026-05-13 01:57:23 - INFO -   304 → 2
2026-05-13 01:57:23 - INFO -   Длина: 2786.87 м
2026-05-13 01:57:23 - INFO - 
Маршрут #301
2026-05-13 01:57:23 - INFO -   305 → 2
2026-05-13 01:57:23 - INFO -   Длина: 2783.99 м
2026-05-13 01:57:23 - INFO - 
Маршрут #302
2026-05-13 01:57:23 - INFO -   309 → 2
2026-05-13 01:57:23 - INFO -   Длина: 2686.62 м
2026-05-13 01:57:23 - INFO - 
Маршрут #303
2026-05-13 01:57:23 - INFO -   310 → 2
2026-05-13 01:57:23 - INFO -   Длина: 2386.82 м
2026-05-13 01:57:23 - INFO - 
Маршрут #304
2026-05-13 01:57:23 - INFO -   311 → 2
2026-05-13 01:57:23 - INFO -   Длина: 2413.43 м
2026-05-13 01:57:23 - INFO - 
Маршрут #305
2026-05-13 01:57:23 - INFO -   312 → 2
2026-05-13 01:57:23 - INFO -   Длина: 2327.00 м
2026-05-13 01:57:23 - INFO - 
Маршрут #306
2026-05-13 01:57:23 - INFO -   313 → 2
2026-05-13 01:57:23 - INFO -   Длина: 2368.73 м
2026-05-13 01:57:23 - INFO - 
Маршрут #307
2026-05-13 01:57:23 - INFO -   314 → 7
2026-05-13 01:57:23 - INFO -   Длина: 2596.03 м
2026-05-13 01:57:23 - INFO - 
Маршрут #308
2026-05-13 01:57:23 - INFO -   315 → 7
2026-05-13 01:57:23 - INFO -   Длина: 2463.34 м
2026-05-13 01:57:23 - INFO - 
Маршрут #309
2026-05-13 01:57:23 - INFO -   316 → 7
2026-05-13 01:57:23 - INFO -   Длина: 2197.09 м
2026-05-13 01:57:23 - INFO - 
Маршрут #310
2026-05-13 01:57:23 - INFO -   317 → 7
2026-05-13 01:57:23 - INFO -   Длина: 2355.11 м
2026-05-13 01:57:23 - INFO - 
Маршрут #311
2026-05-13 01:57:23 - INFO -   318 → 7
2026-05-13 01:57:23 - INFO -   Длина: 2600.37 м
2026-05-13 01:57:23 - INFO - 
Маршрут #312
2026-05-13 01:57:23 - INFO -   319 → 2
2026-05-13 01:57:23 - INFO -   Длина: 2060.62 м
2026-05-13 01:57:23 - INFO - 
Маршрут #313
2026-05-13 01:57:23 - INFO -   320 → 7
2026-05-13 01:57:23 - INFO -   Длина: 2170.45 м
2026-05-13 01:57:23 - INFO - 
Маршрут #314
2026-05-13 01:57:23 - INFO -   321 → 7
2026-05-13 01:57:23 - INFO -   Длина: 2302.81 м
2026-05-13 01:57:23 - INFO - 
Маршрут #315
2026-05-13 01:57:23 - INFO -   322 → 7
2026-05-13 01:57:23 - INFO -   Длина: 2246.17 м
2026-05-13 01:57:23 - INFO - 
Маршрут #316
2026-05-13 01:57:23 - INFO -   323 → 7
2026-05-13 01:57:23 - INFO -   Длина: 2366.83 м
2026-05-13 01:57:23 - INFO - 
Маршрут #317
2026-05-13 01:57:23 - INFO -   324 → 2
2026-05-13 01:57:23 - INFO -   Длина: 1990.08 м
2026-05-13 01:57:23 - INFO - 
Маршрут #318
2026-05-13 01:57:23 - INFO -   325 → 7
2026-05-13 01:57:23 - INFO -   Длина: 2495.43 м
2026-05-13 01:57:23 - INFO - 
Маршрут #319
2026-05-13 01:57:23 - INFO -   326 → 7
2026-05-13 01:57:23 - INFO -   Длина: 2407.59 м
2026-05-13 01:57:23 - INFO - 
Маршрут #320
2026-05-13 01:57:23 - INFO -   327 → 7
2026-05-13 01:57:23 - INFO -   Длина: 2363.64 м
2026-05-13 01:57:23 - INFO - 
Маршрут #321
2026-05-13 01:57:23 - INFO -   328 → 7
2026-05-13 01:57:23 - INFO -   Длина: 2318.52 м
2026-05-13 01:57:23 - INFO - 
Маршрут #322
2026-05-13 01:57:23 - INFO -   329 → 2
2026-05-13 01:57:23 - INFO -   Длина: 1791.72 м
2026-05-13 01:57:23 - INFO - 
Маршрут #323
2026-05-13 01:57:23 - INFO -   330 → 2
2026-05-13 01:57:23 - INFO -   Длина: 1720.11 м
2026-05-13 01:57:23 - INFO - 
Маршрут #324
2026-05-13 01:57:23 - INFO -   331 → 2
2026-05-13 01:57:23 - INFO -   Длина: 1629.69 м
2026-05-13 01:57:23 - INFO - 
Маршрут #325
2026-05-13 01:57:23 - INFO -   332 → 2
2026-05-13 01:57:23 - INFO -   Длина: 2429.83 м
2026-05-13 01:57:23 - INFO - 
Маршрут #326
2026-05-13 01:57:23 - INFO -   333 → 2
2026-05-13 01:57:23 - INFO -   Длина: 2404.51 м
2026-05-13 01:57:23 - INFO - 
Маршрут #327
2026-05-13 01:57:23 - INFO -   334 → 2
2026-05-13 01:57:23 - INFO -   Длина: 2356.73 м
2026-05-13 01:57:23 - INFO - 
Маршрут #328
2026-05-13 01:57:23 - INFO -   335 → 2
2026-05-13 01:57:23 - INFO -   Длина: 2411.52 м
2026-05-13 01:57:23 - INFO - 
Маршрут #329
2026-05-13 01:57:23 - INFO -   336 → 2
2026-05-13 01:57:23 - INFO -   Длина: 2372.11 м
2026-05-13 01:57:23 - INFO - 
Маршрут #330
2026-05-13 01:57:23 - INFO -   337 → 2
2026-05-13 01:57:23 - INFO -   Длина: 2400.57 м
2026-05-13 01:57:23 - INFO - 
Маршрут #331
2026-05-13 01:57:23 - INFO -   338 → 2
2026-05-13 01:57:23 - INFO -   Длина: 2271.69 м
2026-05-13 01:57:23 - INFO - 
Маршрут #332
2026-05-13 01:57:23 - INFO -   339 → 2
2026-05-13 01:57:23 - INFO -   Длина: 2321.26 м
2026-05-13 01:57:23 - INFO - 
Маршрут #333
2026-05-13 01:57:23 - INFO -   340 → 2
2026-05-13 01:57:23 - INFO -   Длина: 2042.60 м
2026-05-13 01:57:23 - INFO - 
Маршрут #334
2026-05-13 01:57:23 - INFO -   341 → 2
2026-05-13 01:57:23 - INFO -   Длина: 2297.27 м
2026-05-13 01:57:23 - INFO - 
Маршрут #335
2026-05-13 01:57:23 - INFO -   342 → 2
2026-05-13 01:57:23 - INFO -   Длина: 2028.88 м
2026-05-13 01:57:23 - INFO - 
Маршрут #336
2026-05-13 01:57:23 - INFO -   343 → 2
2026-05-13 01:57:23 - INFO -   Длина: 2060.86 м
2026-05-13 01:57:23 - INFO - 
Маршрут #337
2026-05-13 01:57:23 - INFO -   344 → 2
2026-05-13 01:57:23 - INFO -   Длина: 1982.78 м
2026-05-13 01:57:23 - INFO - 
Маршрут #338
2026-05-13 01:57:23 - INFO -   345 → 2
2026-05-13 01:57:23 - INFO -   Длина: 2074.64 м
2026-05-13 01:57:23 - INFO - 
Маршрут #339
2026-05-13 01:57:23 - INFO -   346 → 2
2026-05-13 01:57:23 - INFO -   Длина: 1958.98 м
2026-05-13 01:57:23 - INFO - 
Маршрут #340
2026-05-13 01:57:23 - INFO -   347 → 2
2026-05-13 01:57:23 - INFO -   Длина: 1996.69 м
2026-05-13 01:57:23 - INFO - 
Маршрут #341
2026-05-13 01:57:23 - INFO -   348 → 2
2026-05-13 01:57:23 - INFO -   Длина: 2006.58 м
2026-05-13 01:57:23 - INFO - 
Маршрут #342
2026-05-13 01:57:23 - INFO -   349 → 2
2026-05-13 01:57:23 - INFO -   Длина: 1888.86 м
2026-05-13 01:57:23 - INFO - 
Маршрут #343
2026-05-13 01:57:23 - INFO -   350 → 2
2026-05-13 01:57:23 - INFO -   Длина: 1934.05 м
2026-05-13 01:57:23 - INFO - 
Маршрут #344
2026-05-13 01:57:23 - INFO -   351 → 2
2026-05-13 01:57:23 - INFO -   Длина: 1849.26 м
2026-05-13 01:57:23 - INFO - 
Маршрут #345
2026-05-13 01:57:23 - INFO -   352 → 2
2026-05-13 01:57:23 - INFO -   Длина: 1941.40 м
2026-05-13 01:57:23 - INFO - 
Маршрут #346
2026-05-13 01:57:23 - INFO -   353 → 2
2026-05-13 01:57:23 - INFO -   Длина: 2229.45 м
2026-05-13 01:57:23 - INFO - 
Маршрут #347
2026-05-13 01:57:23 - INFO -   354 → 2
2026-05-13 01:57:23 - INFO -   Длина: 2063.13 м
2026-05-13 01:57:23 - INFO - 
Маршрут #348
2026-05-13 01:57:23 - INFO -   355 → 2
2026-05-13 01:57:23 - INFO -   Длина: 1886.59 м
2026-05-13 01:57:23 - INFO - 
Маршрут #349
2026-05-13 01:57:23 - INFO -   356 → 2
2026-05-13 01:57:23 - INFO -   Длина: 1777.57 м
2026-05-13 01:57:23 - INFO - 
Маршрут #350
2026-05-13 01:57:23 - INFO -   357 → 2
2026-05-13 01:57:23 - INFO -   Длина: 2300.83 м
2026-05-13 01:57:23 - INFO - 
Маршрут #351
2026-05-13 01:57:23 - INFO -   358 → 2
2026-05-13 01:57:23 - INFO -   Длина: 2452.97 м
2026-05-13 01:57:23 - INFO - 
Маршрут #352
2026-05-13 01:57:23 - INFO -   359 → 2
2026-05-13 01:57:23 - INFO -   Длина: 1782.17 м
2026-05-13 01:57:23 - INFO - 
Маршрут #353
2026-05-13 01:57:23 - INFO -   360 → 2
2026-05-13 01:57:23 - INFO -   Длина: 2648.20 м
2026-05-13 01:57:23 - INFO - 
Маршрут #354
2026-05-13 01:57:23 - INFO -   361 → 2
2026-05-13 01:57:23 - INFO -   Длина: 2575.52 м
2026-05-13 01:57:23 - INFO - 
Маршрут #355
2026-05-13 01:57:23 - INFO -   362 → 2
2026-05-13 01:57:23 - INFO -   Длина: 2720.00 м
2026-05-13 01:57:23 - INFO - 
Маршрут #356
2026-05-13 01:57:23 - INFO -   363 → 2
2026-05-13 01:57:23 - INFO -   Длина: 2439.78 м
2026-05-13 01:57:23 - INFO - 
Маршрут #357
2026-05-13 01:57:23 - INFO -   364 → 2
2026-05-13 01:57:23 - INFO -   Длина: 2477.26 м
2026-05-13 01:57:23 - INFO - 
Маршрут #358
2026-05-13 01:57:23 - INFO -   365 → 2
2026-05-13 01:57:23 - INFO -   Длина: 2406.57 м
2026-05-13 01:57:23 - INFO - 
Маршрут #359
2026-05-13 01:57:23 - INFO -   366 → 2
2026-05-13 01:57:23 - INFO -   Длина: 2420.16 м
2026-05-13 01:57:23 - INFO - 
Маршрут #360
2026-05-13 01:57:23 - INFO -   367 → 2
2026-05-13 01:57:23 - INFO -   Длина: 2400.19 м
2026-05-13 01:57:23 - INFO - 
Маршрут #361
2026-05-13 01:57:23 - INFO -   368 → 2
2026-05-13 01:57:23 - INFO -   Длина: 2438.24 м
2026-05-13 01:57:23 - INFO - 
Маршрут #362
2026-05-13 01:57:23 - INFO -   369 → 2
2026-05-13 01:57:23 - INFO -   Длина: 2140.26 м
2026-05-13 01:57:23 - INFO - 
Маршрут #363
2026-05-13 01:57:23 - INFO -   370 → 2
2026-05-13 01:57:23 - INFO -   Длина: 1961.73 м
2026-05-13 01:57:23 - INFO - 
Маршрут #364
2026-05-13 01:57:23 - INFO -   371 → 2
2026-05-13 01:57:23 - INFO -   Длина: 1952.99 м
2026-05-13 01:57:23 - INFO - 
Маршрут #365
2026-05-13 01:57:23 - INFO -   372 → 2
2026-05-13 01:57:23 - INFO -   Длина: 1901.67 м
2026-05-13 01:57:23 - INFO - 
Маршрут #366
2026-05-13 01:57:23 - INFO -   373 → 2
2026-05-13 01:57:23 - INFO -   Длина: 1902.37 м
2026-05-13 01:57:23 - INFO - 
Маршрут #367
2026-05-13 01:57:23 - INFO -   374 → 2
2026-05-13 01:57:23 - INFO -   Длина: 1727.93 м
2026-05-13 01:57:23 - INFO - 
Маршрут #368
2026-05-13 01:57:23 - INFO -   375 → 2
2026-05-13 01:57:23 - INFO -   Длина: 1723.64 м
2026-05-13 01:57:23 - INFO - 
Маршрут #369
2026-05-13 01:57:23 - INFO -   376 → 2
2026-05-13 01:57:23 - INFO -   Длина: 1735.53 м
2026-05-13 01:57:23 - INFO - 
Маршрут #370
2026-05-13 01:57:23 - INFO -   377 → 2
2026-05-13 01:57:23 - INFO -   Длина: 1937.17 м
2026-05-13 01:57:23 - INFO - 
Маршрут #371
2026-05-13 01:57:23 - INFO -   378 → 2
2026-05-13 01:57:23 - INFO -   Длина: 1762.47 м
2026-05-13 01:57:23 - INFO - 
Маршрут #372
2026-05-13 01:57:23 - INFO -   379 → 2
2026-05-13 01:57:23 - INFO -   Длина: 2015.79 м
2026-05-13 01:57:23 - INFO - 
Маршрут #373
2026-05-13 01:57:23 - INFO -   380 → 2
2026-05-13 01:57:23 - INFO -   Длина: 2068.38 м
2026-05-13 01:57:23 - INFO - 
Маршрут #374
2026-05-13 01:57:23 - INFO -   381 → 2
2026-05-13 01:57:23 - INFO -   Длина: 1990.82 м
2026-05-13 01:57:23 - INFO - 
Маршрут #375
2026-05-13 01:57:23 - INFO -   382 → 2
2026-05-13 01:57:23 - INFO -   Длина: 1822.26 м
2026-05-13 01:57:23 - INFO - 
Маршрут #376
2026-05-13 01:57:23 - INFO -   383 → 2
2026-05-13 01:57:23 - INFO -   Длина: 1689.66 м
2026-05-13 01:57:23 - INFO - 
Маршрут #377
2026-05-13 01:57:23 - INFO -   384 → 2
2026-05-13 01:57:23 - INFO -   Длина: 1618.44 м
2026-05-13 01:57:23 - INFO - 
Маршрут #378
2026-05-13 01:57:23 - INFO -   385 → 2
2026-05-13 01:57:23 - INFO -   Длина: 1839.23 м
2026-05-13 01:57:23 - INFO - 
Маршрут #379
2026-05-13 01:57:23 - INFO -   386 → 2
2026-05-13 01:57:23 - INFO -   Длина: 2188.57 м
2026-05-13 01:57:23 - INFO - 
Маршрут #380
2026-05-13 01:57:23 - INFO -   387 → 2
2026-05-13 01:57:23 - INFO -   Длина: 2071.59 м
2026-05-13 01:57:23 - INFO - 
Маршрут #381
2026-05-13 01:57:23 - INFO -   388 → 2
2026-05-13 01:57:23 - INFO -   Длина: 1877.41 м
2026-05-13 01:57:23 - INFO - 
Маршрут #382
2026-05-13 01:57:23 - INFO -   389 → 2
2026-05-13 01:57:23 - INFO -   Длина: 1848.38 м
2026-05-13 01:57:23 - INFO - 
Маршрут #383
2026-05-13 01:57:23 - INFO -   390 → 2
2026-05-13 01:57:23 - INFO -   Длина: 1855.20 м
2026-05-13 01:57:23 - INFO - 
Маршрут #384
2026-05-13 01:57:23 - INFO -   391 → 2
2026-05-13 01:57:23 - INFO -   Длина: 1977.89 м
2026-05-13 01:57:23 - INFO - 
Маршрут #385
2026-05-13 01:57:23 - INFO -   392 → 2
2026-05-13 01:57:23 - INFO -   Длина: 1806.23 м
2026-05-13 01:57:23 - INFO - 
Маршрут #386
2026-05-13 01:57:23 - INFO -   393 → 2
2026-05-13 01:57:23 - INFO -   Длина: 1921.66 м
2026-05-13 01:57:23 - INFO - 
Маршрут #387
2026-05-13 01:57:23 - INFO -   394 → 2
2026-05-13 01:57:23 - INFO -   Длина: 1737.42 м
2026-05-13 01:57:23 - INFO - 
Маршрут #388
2026-05-13 01:57:23 - INFO -   395 → 2
2026-05-13 01:57:23 - INFO -   Длина: 1890.66 м
2026-05-13 01:57:23 - INFO - 
Маршрут #389
2026-05-13 01:57:23 - INFO -   396 → 2
2026-05-13 01:57:23 - INFO -   Длина: 1816.94 м
2026-05-13 01:57:23 - INFO - 
Маршрут #390
2026-05-13 01:57:23 - INFO -   397 → 2
2026-05-13 01:57:23 - INFO -   Длина: 1691.14 м
2026-05-13 01:57:23 - INFO - 
Маршрут #391
2026-05-13 01:57:23 - INFO -   398 → 2
2026-05-13 01:57:23 - INFO -   Длина: 1807.99 м
2026-05-13 01:57:23 - INFO - 
Маршрут #392
2026-05-13 01:57:23 - INFO -   399 → 2
2026-05-13 01:57:23 - INFO -   Длина: 1735.13 м
2026-05-13 01:57:23 - INFO - 
Маршрут #393
2026-05-13 01:57:23 - INFO -   400 → 2
2026-05-13 01:57:23 - INFO -   Длина: 1561.74 м
2026-05-13 01:57:23 - INFO - 
Маршрут #394
2026-05-13 01:57:23 - INFO -   402 → 2
2026-05-13 01:57:23 - INFO -   Длина: 1466.43 м
2026-05-13 01:57:23 - INFO - 
Маршрут #395
2026-05-13 01:57:23 - INFO -   404 → 2
2026-05-13 01:57:23 - INFO -   Длина: 1535.41 м
2026-05-13 01:57:23 - INFO - 
Маршрут #396
2026-05-13 01:57:23 - INFO -   406 → 2
2026-05-13 01:57:23 - INFO -   Длина: 1575.51 м
2026-05-13 01:57:23 - INFO - 
Маршрут #397
2026-05-13 01:57:23 - INFO -   408 → 2
2026-05-13 01:57:23 - INFO -   Длина: 1528.26 м
2026-05-13 01:57:23 - INFO - 
Маршрут #398
2026-05-13 01:57:23 - INFO -   411 → 2
2026-05-13 01:57:23 - INFO -   Длина: 1358.92 м
2026-05-13 01:57:23 - INFO - 
Маршрут #399
2026-05-13 01:57:23 - INFO -   412 → 2
2026-05-13 01:57:23 - INFO -   Длина: 1374.48 м
2026-05-13 01:57:23 - INFO - 
Маршрут #400
2026-05-13 01:57:23 - INFO -   413 → 2
2026-05-13 01:57:23 - INFO -   Длина: 1281.39 м
2026-05-13 01:57:23 - INFO - 
Маршрут #401
2026-05-13 01:57:23 - INFO -   414 → 2
2026-05-13 01:57:23 - INFO -   Длина: 1260.47 м
2026-05-13 01:57:23 - INFO - 
Маршрут #402
2026-05-13 01:57:23 - INFO -   415 → 2
2026-05-13 01:57:23 - INFO -   Длина: 1515.52 м
2026-05-13 01:57:23 - INFO - 
Маршрут #403
2026-05-13 01:57:23 - INFO -   416 → 2
2026-05-13 01:57:23 - INFO -   Длина: 1388.81 м
2026-05-13 01:57:23 - INFO - 
Маршрут #404
2026-05-13 01:57:23 - INFO -   417 → 2
2026-05-13 01:57:23 - INFO -   Длина: 1562.18 м
2026-05-13 01:57:23 - INFO - 
Маршрут #405
2026-05-13 01:57:23 - INFO -   418 → 2
2026-05-13 01:57:23 - INFO -   Длина: 1330.40 м
2026-05-13 01:57:23 - INFO - 
Маршрут #406
2026-05-13 01:57:23 - INFO -   419 → 2
2026-05-13 01:57:23 - INFO -   Длина: 1540.17 м
2026-05-13 01:57:23 - INFO - 
Маршрут #407
2026-05-13 01:57:23 - INFO -   420 → 2
2026-05-13 01:57:23 - INFO -   Длина: 1888.41 м
2026-05-13 01:57:23 - INFO - 
Маршрут #408
2026-05-13 01:57:23 - INFO -   421 → 2
2026-05-13 01:57:23 - INFO -   Длина: 1930.92 м
2026-05-13 01:57:23 - INFO - 
Маршрут #409
2026-05-13 01:57:23 - INFO -   422 → 2
2026-05-13 01:57:23 - INFO -   Длина: 1836.90 м
2026-05-13 01:57:23 - INFO - 
Маршрут #410
2026-05-13 01:57:23 - INFO -   423 → 2
2026-05-13 01:57:23 - INFO -   Длина: 1596.61 м
2026-05-13 01:57:23 - INFO - 
Маршрут #411
2026-05-13 01:57:23 - INFO -   424 → 2
2026-05-13 01:57:23 - INFO -   Длина: 1904.05 м
2026-05-13 01:57:23 - INFO - 
Маршрут #412
2026-05-13 01:57:23 - INFO -   425 → 2
2026-05-13 01:57:23 - INFO -   Длина: 1611.08 м
2026-05-13 01:57:23 - INFO - 
Маршрут #413
2026-05-13 01:57:23 - INFO -   426 → 2
2026-05-13 01:57:23 - INFO -   Длина: 1359.64 м
2026-05-13 01:57:23 - INFO - 
Маршрут #414
2026-05-13 01:57:23 - INFO -   427 → 2
2026-05-13 01:57:23 - INFO -   Длина: 1364.33 м
2026-05-13 01:57:23 - INFO - 
Маршрут #415
2026-05-13 01:57:23 - INFO -   428 → 2
2026-05-13 01:57:23 - INFO -   Длина: 1464.10 м
2026-05-13 01:57:23 - INFO - 
Маршрут #416
2026-05-13 01:57:23 - INFO -   429 → 2
2026-05-13 01:57:23 - INFO -   Длина: 1409.78 м
2026-05-13 01:57:23 - INFO - 
Маршрут #417
2026-05-13 01:57:23 - INFO -   430 → 2
2026-05-13 01:57:23 - INFO -   Длина: 1348.49 м
2026-05-13 01:57:23 - INFO - 
Маршрут #418
2026-05-13 01:57:23 - INFO -   431 → 2
2026-05-13 01:57:23 - INFO -   Длина: 1359.21 м
2026-05-13 01:57:23 - INFO - 
Маршрут #419
2026-05-13 01:57:23 - INFO -   432 → 2
2026-05-13 01:57:23 - INFO -   Длина: 1250.46 м
2026-05-13 01:57:23 - INFO - 
Маршрут #420
2026-05-13 01:57:23 - INFO -   433 → 2
2026-05-13 01:57:23 - INFO -   Длина: 1334.24 м
2026-05-13 01:57:23 - INFO - 
Маршрут #421
2026-05-13 01:57:23 - INFO -   434 → 2
2026-05-13 01:57:23 - INFO -   Длина: 1345.56 м
2026-05-13 01:57:23 - INFO - 
Маршрут #422
2026-05-13 01:57:23 - INFO -   435 → 2
2026-05-13 01:57:23 - INFO -   Длина: 1333.73 м
2026-05-13 01:57:23 - INFO - 
Маршрут #423
2026-05-13 01:57:23 - INFO -   436 → 2
2026-05-13 01:57:23 - INFO -   Длина: 1151.64 м
2026-05-13 01:57:23 - INFO - 
Маршрут #424
2026-05-13 01:57:23 - INFO -   437 → 2
2026-05-13 01:57:23 - INFO -   Длина: 1094.15 м
2026-05-13 01:57:23 - INFO - 
Маршрут #425
2026-05-13 01:57:23 - INFO -   438 → 2
2026-05-13 01:57:23 - INFO -   Длина: 995.62 м
2026-05-13 01:57:23 - INFO - 
Маршрут #426
2026-05-13 01:57:23 - INFO -   439 → 2
2026-05-13 01:57:23 - INFO -   Длина: 1412.84 м
2026-05-13 01:57:23 - INFO - 
Маршрут #427
2026-05-13 01:57:23 - INFO -   441 → 2
2026-05-13 01:57:23 - INFO -   Длина: 1049.03 м
2026-05-13 01:57:23 - INFO - 
Маршрут #428
2026-05-13 01:57:23 - INFO -   442 → 2
2026-05-13 01:57:23 - INFO -   Длина: 1201.08 м
2026-05-13 01:57:23 - INFO - 
Маршрут #429
2026-05-13 01:57:23 - INFO -   443 → 2
2026-05-13 01:57:23 - INFO -   Длина: 841.25 м
2026-05-13 01:57:23 - INFO - 
Маршрут #430
2026-05-13 01:57:23 - INFO -   444 → 2
2026-05-13 01:57:23 - INFO -   Длина: 1245.19 м
2026-05-13 01:57:23 - INFO - 
Маршрут #431
2026-05-13 01:57:23 - INFO -   445 → 2
2026-05-13 01:57:23 - INFO -   Длина: 949.87 м
2026-05-13 01:57:23 - INFO - 
Маршрут #432
2026-05-13 01:57:23 - INFO -   446 → 2
2026-05-13 01:57:23 - INFO -   Длина: 734.85 м
2026-05-13 01:57:23 - INFO - 
Маршрут #433
2026-05-13 01:57:23 - INFO -   447 → 2
2026-05-13 01:57:23 - INFO -   Длина: 861.16 м
2026-05-13 01:57:23 - INFO - 
Маршрут #434
2026-05-13 01:57:23 - INFO -   448 → 2
2026-05-13 01:57:23 - INFO -   Длина: 965.79 м
2026-05-13 01:57:23 - INFO - 
Маршрут #435
2026-05-13 01:57:23 - INFO -   449 → 2
2026-05-13 01:57:23 - INFO -   Длина: 1313.91 м
2026-05-13 01:57:23 - INFO - 
Маршрут #436
2026-05-13 01:57:23 - INFO -   450 → 2
2026-05-13 01:57:23 - INFO -   Длина: 534.68 м
2026-05-13 01:57:23 - INFO - 
Маршрут #437
2026-05-13 01:57:23 - INFO -   451 → 2
2026-05-13 01:57:23 - INFO -   Длина: 962.42 м
2026-05-13 01:57:23 - INFO - 
Маршрут #438
2026-05-13 01:57:23 - INFO -   452 → 2
2026-05-13 01:57:23 - INFO -   Длина: 900.78 м
2026-05-13 01:57:23 - INFO - 
Маршрут #439
2026-05-13 01:57:23 - INFO -   453 → 2
2026-05-13 01:57:23 - INFO -   Длина: 1447.51 м
2026-05-13 01:57:23 - INFO - 
Маршрут #440
2026-05-13 01:57:23 - INFO -   454 → 2
2026-05-13 01:57:23 - INFO -   Длина: 940.12 м
2026-05-13 01:57:23 - INFO - 
Маршрут #441
2026-05-13 01:57:23 - INFO -   455 → 2
2026-05-13 01:57:23 - INFO -   Длина: 1017.33 м
2026-05-13 01:57:23 - INFO - 
Маршрут #442
2026-05-13 01:57:23 - INFO -   456 → 2
2026-05-13 01:57:23 - INFO -   Длина: 529.90 м
2026-05-13 01:57:23 - INFO - 
Маршрут #443
2026-05-13 01:57:23 - INFO -   457 → 2
2026-05-13 01:57:23 - INFO -   Длина: 983.68 м
2026-05-13 01:57:23 - INFO - 
Маршрут #444
2026-05-13 01:57:23 - INFO -   458 → 2
2026-05-13 01:57:23 - INFO -   Длина: 1085.66 м
2026-05-13 01:57:23 - INFO - 
Маршрут #445
2026-05-13 01:57:23 - INFO -   459 → 2
2026-05-13 01:57:23 - INFO -   Длина: 1522.17 м
2026-05-13 01:57:23 - INFO - 
Маршрут #446
2026-05-13 01:57:23 - INFO -   460 → 2
2026-05-13 01:57:23 - INFO -   Длина: 1055.15 м
2026-05-13 01:57:23 - INFO - 
Маршрут #447
2026-05-13 01:57:23 - INFO -   461 → 2
2026-05-13 01:57:23 - INFO -   Длина: 1450.87 м
2026-05-13 01:57:23 - INFO - 
Маршрут #448
2026-05-13 01:57:23 - INFO -   462 → 2
2026-05-13 01:57:23 - INFO -   Длина: 1489.88 м
2026-05-13 01:57:23 - INFO - 
Маршрут #449
2026-05-13 01:57:23 - INFO -   463 → 2
2026-05-13 01:57:23 - INFO -   Длина: 1157.31 м
2026-05-13 01:57:23 - INFO - 
Маршрут #450
2026-05-13 01:57:23 - INFO -   464 → 2
2026-05-13 01:57:23 - INFO -   Длина: 1251.98 м
2026-05-13 01:57:23 - INFO - 
Маршрут #451
2026-05-13 01:57:23 - INFO -   465 → 2
2026-05-13 01:57:23 - INFO -   Длина: 1583.82 м
2026-05-13 01:57:23 - INFO - 
Маршрут #452
2026-05-13 01:57:23 - INFO -   466 → 2
2026-05-13 01:57:23 - INFO -   Длина: 1331.08 м
2026-05-13 01:57:23 - INFO - 
Маршрут #453
2026-05-13 01:57:23 - INFO -   467 → 2
2026-05-13 01:57:23 - INFO -   Длина: 963.01 м
2026-05-13 01:57:23 - INFO - 
Маршрут #454
2026-05-13 01:57:23 - INFO -   468 → 2
2026-05-13 01:57:23 - INFO -   Длина: 1363.86 м
2026-05-13 01:57:23 - INFO - 
Маршрут #455
2026-05-13 01:57:23 - INFO -   469 → 2
2026-05-13 01:57:23 - INFO -   Длина: 953.67 м
2026-05-13 01:57:23 - INFO - 
Маршрут #456
2026-05-13 01:57:23 - INFO -   470 → 2
2026-05-13 01:57:23 - INFO -   Длина: 1311.16 м
2026-05-13 01:57:23 - INFO - 
Маршрут #457
2026-05-13 01:57:23 - INFO -   471 → 2
2026-05-13 01:57:23 - INFO -   Длина: 1905.15 м
2026-05-13 01:57:23 - INFO - 
Маршрут #458
2026-05-13 01:57:23 - INFO -   472 → 2
2026-05-13 01:57:23 - INFO -   Длина: 1919.23 м
2026-05-13 01:57:23 - INFO - 
Маршрут #459
2026-05-13 01:57:23 - INFO -   473 → 2
2026-05-13 01:57:23 - INFO -   Длина: 1951.96 м
2026-05-13 01:57:23 - INFO - 
Маршрут #460
2026-05-13 01:57:23 - INFO -   474 → 2
2026-05-13 01:57:23 - INFO -   Длина: 1742.36 м
2026-05-13 01:57:23 - INFO - 
Маршрут #461
2026-05-13 01:57:23 - INFO -   475 → 2
2026-05-13 01:57:23 - INFO -   Длина: 1571.38 м
2026-05-13 01:57:23 - INFO - 
Маршрут #462
2026-05-13 01:57:23 - INFO -   476 → 2
2026-05-13 01:57:23 - INFO -   Длина: 1568.72 м
2026-05-13 01:57:23 - INFO - 
Маршрут #463
2026-05-13 01:57:23 - INFO -   477 → 2
2026-05-13 01:57:23 - INFO -   Длина: 1476.04 м
2026-05-13 01:57:23 - INFO - 
Маршрут #464
2026-05-13 01:57:23 - INFO -   478 → 2
2026-05-13 01:57:23 - INFO -   Длина: 1461.61 м
2026-05-13 01:57:23 - INFO - 
Маршрут #465
2026-05-13 01:57:23 - INFO -   479 → 2
2026-05-13 01:57:23 - INFO -   Длина: 1283.74 м
2026-05-13 01:57:23 - INFO - 
Маршрут #466
2026-05-13 01:57:23 - INFO -   480 → 2
2026-05-13 01:57:23 - INFO -   Длина: 1173.96 м
2026-05-13 01:57:23 - INFO - 
Маршрут #467
2026-05-13 01:57:23 - INFO -   481 → 2
2026-05-13 01:57:23 - INFO -   Длина: 1473.50 м
2026-05-13 01:57:23 - INFO - 
Маршрут #468
2026-05-13 01:57:23 - INFO -   482 → 2
2026-05-13 01:57:23 - INFO -   Длина: 1132.90 м
2026-05-13 01:57:23 - INFO - 
Маршрут #469
2026-05-13 01:57:23 - INFO -   483 → 2
2026-05-13 01:57:23 - INFO -   Длина: 1071.59 м
2026-05-13 01:57:23 - INFO - 
Маршрут #470
2026-05-13 01:57:23 - INFO -   484 → 2
2026-05-13 01:57:23 - INFO -   Длина: 1256.29 м
2026-05-13 01:57:23 - INFO - 
Маршрут #471
2026-05-13 01:57:23 - INFO -   485 → 2
2026-05-13 01:57:23 - INFO -   Длина: 1137.49 м
2026-05-13 01:57:23 - INFO - 
Маршрут #472
2026-05-13 01:57:23 - INFO -   486 → 2
2026-05-13 01:57:23 - INFO -   Длина: 1163.07 м
2026-05-13 01:57:23 - INFO - 
Маршрут #473
2026-05-13 01:57:23 - INFO -   487 → 2
2026-05-13 01:57:23 - INFO -   Длина: 1290.47 м
2026-05-13 01:57:23 - INFO - 
Маршрут #474
2026-05-13 01:57:23 - INFO -   488 → 2
2026-05-13 01:57:23 - INFO -   Длина: 899.03 м
2026-05-13 01:57:23 - INFO - 
Маршрут #475
2026-05-13 01:57:23 - INFO -   489 → 2
2026-05-13 01:57:23 - INFO -   Длина: 965.00 м
2026-05-13 01:57:23 - INFO - 
Маршрут #476
2026-05-13 01:57:23 - INFO -   490 → 2
2026-05-13 01:57:23 - INFO -   Длина: 1417.42 м
2026-05-13 01:57:23 - INFO - 
Маршрут #477
2026-05-13 01:57:23 - INFO -   491 → 2
2026-05-13 01:57:23 - INFO -   Длина: 903.35 м
2026-05-13 01:57:23 - INFO - 
Маршрут #478
2026-05-13 01:57:23 - INFO -   492 → 2
2026-05-13 01:57:23 - INFO -   Длина: 1407.53 м
2026-05-13 01:57:23 - INFO - 
Маршрут #479
2026-05-13 01:57:23 - INFO -   493 → 1
2026-05-13 01:57:23 - INFO -   Длина: 1258.38 м
2026-05-13 01:57:23 - INFO - 
Маршрут #480
2026-05-13 01:57:23 - INFO -   494 → 2
2026-05-13 01:57:23 - INFO -   Длина: 895.69 м
2026-05-13 01:57:23 - INFO - 
Маршрут #481
2026-05-13 01:57:23 - INFO -   495 → 1
2026-05-13 01:57:23 - INFO -   Длина: 1201.03 м
2026-05-13 01:57:23 - INFO - 
Маршрут #482
2026-05-13 01:57:23 - INFO -   496 → 2
2026-05-13 01:57:23 - INFO -   Длина: 1679.30 м
2026-05-13 01:57:23 - INFO - 
Маршрут #483
2026-05-13 01:57:23 - INFO -   497 → 2
2026-05-13 01:57:23 - INFO -   Длина: 1328.95 м
2026-05-13 01:57:23 - INFO - 
Маршрут #484
2026-05-13 01:57:23 - INFO -   498 → 2
2026-05-13 01:57:23 - INFO -   Длина: 1240.04 м
2026-05-13 01:57:23 - INFO - 
Маршрут #485
2026-05-13 01:57:23 - INFO -   499 → 2
2026-05-13 01:57:23 - INFO -   Длина: 1263.83 м
2026-05-13 01:57:23 - INFO - 
Маршрут #486
2026-05-13 01:57:23 - INFO -   500 → 2
2026-05-13 01:57:23 - INFO -   Длина: 1321.41 м
2026-05-13 01:57:23 - INFO - 
Маршрут #487
2026-05-13 01:57:23 - INFO -   501 → 2
2026-05-13 01:57:23 - INFO -   Длина: 451.54 м
2026-05-13 01:57:23 - INFO - 
Маршрут #488
2026-05-13 01:57:23 - INFO -   502 → 2
2026-05-13 01:57:23 - INFO -   Длина: 469.34 м
2026-05-13 01:57:23 - INFO - 
Маршрут #489
2026-05-13 01:57:23 - INFO -   503 → 2
2026-05-13 01:57:23 - INFO -   Длина: 344.13 м
2026-05-13 01:57:23 - INFO - 
Маршрут #490
2026-05-13 01:57:23 - INFO -   504 → 2
2026-05-13 01:57:23 - INFO -   Длина: 497.78 м
2026-05-13 01:57:23 - INFO - 
Маршрут #491
2026-05-13 01:57:23 - INFO -   505 → 2
2026-05-13 01:57:23 - INFO -   Длина: 470.91 м
2026-05-13 01:57:23 - INFO - 
Маршрут #492
2026-05-13 01:57:23 - INFO -   506 → 2
2026-05-13 01:57:23 - INFO -   Длина: 592.44 м
2026-05-13 01:57:23 - INFO - 
Маршрут #493
2026-05-13 01:57:23 - INFO -   507 → 2
2026-05-13 01:57:23 - INFO -   Длина: 259.50 м
2026-05-13 01:57:23 - INFO - 
Маршрут #494
2026-05-13 01:57:23 - INFO -   508 → 2
2026-05-13 01:57:23 - INFO -   Длина: 312.84 м
2026-05-13 01:57:23 - INFO - 
Маршрут #495
2026-05-13 01:57:23 - INFO -   509 → 2
2026-05-13 01:57:23 - INFO -   Длина: 584.69 м
2026-05-13 01:57:23 - INFO - 
Маршрут #496
2026-05-13 01:57:23 - INFO -   510 → 2
2026-05-13 01:57:23 - INFO -   Длина: 263.59 м
2026-05-13 01:57:23 - INFO - 
Маршрут #497
2026-05-13 01:57:23 - INFO -   511 → 2
2026-05-13 01:57:23 - INFO -   Длина: 565.77 м
2026-05-13 01:57:23 - INFO - 
Маршрут #498
2026-05-13 01:57:23 - INFO -   512 → 2
2026-05-13 01:57:23 - INFO -   Длина: 614.98 м
2026-05-13 01:57:23 - INFO - 
Маршрут #499
2026-05-13 01:57:23 - INFO -   513 → 2
2026-05-13 01:57:23 - INFO -   Длина: 323.61 м
2026-05-13 01:57:23 - INFO - 
Маршрут #500
2026-05-13 01:57:23 - INFO -   514 → 2
2026-05-13 01:57:23 - INFO -   Длина: 334.44 м
2026-05-13 01:57:23 - INFO - 
Маршрут #501
2026-05-13 01:57:23 - INFO -   515 → 2
2026-05-13 01:57:23 - INFO -   Длина: 283.79 м
2026-05-13 01:57:23 - INFO - 
Маршрут #502
2026-05-13 01:57:23 - INFO -   516 → 2
2026-05-13 01:57:23 - INFO -   Длина: 706.59 м
2026-05-13 01:57:23 - INFO - 
Маршрут #503
2026-05-13 01:57:23 - INFO -   517 → 2
2026-05-13 01:57:23 - INFO -   Длина: 430.80 м
2026-05-13 01:57:23 - INFO - 
Маршрут #504
2026-05-13 01:57:23 - INFO -   518 → 2
2026-05-13 01:57:23 - INFO -   Длина: 437.58 м
2026-05-13 01:57:23 - INFO - 
Маршрут #505
2026-05-13 01:57:23 - INFO -   519 → 2
2026-05-13 01:57:23 - INFO -   Длина: 359.53 м
2026-05-13 01:57:23 - INFO - 
Маршрут #506
2026-05-13 01:57:23 - INFO -   520 → 2
2026-05-13 01:57:23 - INFO -   Длина: 793.57 м
2026-05-13 01:57:23 - INFO - 
Маршрут #507
2026-05-13 01:57:23 - INFO -   521 → 2
2026-05-13 01:57:23 - INFO -   Длина: 410.17 м
2026-05-13 01:57:23 - INFO - 
Маршрут #508
2026-05-13 01:57:23 - INFO -   522 → 2
2026-05-13 01:57:23 - INFO -   Длина: 397.84 м
2026-05-13 01:57:23 - INFO - 
Маршрут #509
2026-05-13 01:57:23 - INFO -   523 → 2
2026-05-13 01:57:23 - INFO -   Длина: 582.42 м
2026-05-13 01:57:23 - INFO - 
Маршрут #510
2026-05-13 01:57:23 - INFO -   524 → 1
2026-05-13 01:57:23 - INFO -   Длина: 1600.31 м
2026-05-13 01:57:23 - INFO - 
Маршрут #511
2026-05-13 01:57:23 - INFO -   525 → 1
2026-05-13 01:57:23 - INFO -   Длина: 1577.37 м
2026-05-13 01:57:23 - INFO - 
Маршрут #512
2026-05-13 01:57:23 - INFO -   526 → 1
2026-05-13 01:57:23 - INFO -   Длина: 1569.49 м
2026-05-13 01:57:23 - INFO - 
Маршрут #513
2026-05-13 01:57:23 - INFO -   527 → 1
2026-05-13 01:57:23 - INFO -   Длина: 1510.00 м
2026-05-13 01:57:23 - INFO - 
Маршрут #514
2026-05-13 01:57:23 - INFO -   528 → 2
2026-05-13 01:57:23 - INFO -   Длина: 1317.49 м
2026-05-13 01:57:23 - INFO - 
Маршрут #515
2026-05-13 01:57:23 - INFO -   529 → 1
2026-05-13 01:57:23 - INFO -   Длина: 1545.46 м
2026-05-13 01:57:23 - INFO - 
Маршрут #516
2026-05-13 01:57:23 - INFO -   530 → 1
2026-05-13 01:57:23 - INFO -   Длина: 1496.16 м
2026-05-13 01:57:23 - INFO - 
Маршрут #517
2026-05-13 01:57:23 - INFO -   531 → 1
2026-05-13 01:57:23 - INFO -   Длина: 1554.51 м
2026-05-13 01:57:23 - INFO - 
Маршрут #518
2026-05-13 01:57:23 - INFO -   532 → 1
2026-05-13 01:57:23 - INFO -   Длина: 1653.33 м
2026-05-13 01:57:23 - INFO - 
Маршрут #519
2026-05-13 01:57:23 - INFO -   533 → 1
2026-05-13 01:57:23 - INFO -   Длина: 1668.16 м
2026-05-13 01:57:23 - INFO - 
Маршрут #520
2026-05-13 01:57:23 - INFO -   534 → 1
2026-05-13 01:57:23 - INFO -   Длина: 1655.33 м
2026-05-13 01:57:23 - INFO - 
Маршрут #521
2026-05-13 01:57:23 - INFO -   535 → 1
2026-05-13 01:57:23 - INFO -   Длина: 1712.20 м
2026-05-13 01:57:23 - INFO - 
Маршрут #522
2026-05-13 01:57:23 - INFO -   536 → 2
2026-05-13 01:57:23 - INFO -   Длина: 1759.31 м
2026-05-13 01:57:23 - INFO - 
Маршрут #523
2026-05-13 01:57:23 - INFO -   537 → 1
2026-05-13 01:57:23 - INFO -   Длина: 1849.76 м
2026-05-13 01:57:23 - INFO - 
Маршрут #524
2026-05-13 01:57:23 - INFO -   538 → 2
2026-05-13 01:57:23 - INFO -   Длина: 1732.81 м
2026-05-13 01:57:23 - INFO - 
Маршрут #525
2026-05-13 01:57:23 - INFO -   539 → 1
2026-05-13 01:57:23 - INFO -   Длина: 2079.87 м
2026-05-13 01:57:23 - INFO - 
Маршрут #526
2026-05-13 01:57:23 - INFO -   540 → 1
2026-05-13 01:57:23 - INFO -   Длина: 1912.99 м
2026-05-13 01:57:23 - INFO - 
Маршрут #527
2026-05-13 01:57:23 - INFO -   541 → 1
2026-05-13 01:57:23 - INFO -   Длина: 2145.76 м
2026-05-13 01:57:23 - INFO - 
Маршрут #528
2026-05-13 01:57:23 - INFO -   542 → 1
2026-05-13 01:57:23 - INFO -   Длина: 2262.10 м
2026-05-13 01:57:23 - INFO - 
Маршрут #529
2026-05-13 01:57:23 - INFO -   543 → 1
2026-05-13 01:57:23 - INFO -   Длина: 2422.80 м
2026-05-13 01:57:23 - INFO - 
Маршрут #530
2026-05-13 01:57:23 - INFO -   544 → 1
2026-05-13 01:57:23 - INFO -   Длина: 1644.34 м
2026-05-13 01:57:23 - INFO - 
Маршрут #531
2026-05-13 01:57:23 - INFO -   545 → 1
2026-05-13 01:57:23 - INFO -   Длина: 1987.03 м
2026-05-13 01:57:23 - INFO - 
Маршрут #532
2026-05-13 01:57:23 - INFO -   546 → 1
2026-05-13 01:57:23 - INFO -   Длина: 1815.27 м
2026-05-13 01:57:23 - INFO - 
Маршрут #533
2026-05-13 01:57:23 - INFO -   547 → 1
2026-05-13 01:57:23 - INFO -   Длина: 1530.07 м
2026-05-13 01:57:23 - INFO - 
Маршрут #534
2026-05-13 01:57:23 - INFO -   548 → 1
2026-05-13 01:57:23 - INFO -   Длина: 1695.78 м
2026-05-13 01:57:23 - INFO - 
Маршрут #535
2026-05-13 01:57:23 - INFO -   549 → 1
2026-05-13 01:57:23 - INFO -   Длина: 2082.46 м
2026-05-13 01:57:23 - INFO - 
Маршрут #536
2026-05-13 01:57:23 - INFO -   550 → 1
2026-05-13 01:57:23 - INFO -   Длина: 1730.71 м
2026-05-13 01:57:23 - INFO - 
Маршрут #537
2026-05-13 01:57:23 - INFO -   551 → 1
2026-05-13 01:57:23 - INFO -   Длина: 1552.36 м
2026-05-13 01:57:23 - INFO - 
Маршрут #538
2026-05-13 01:57:23 - INFO -   552 → 1
2026-05-13 01:57:23 - INFO -   Длина: 1871.22 м
2026-05-13 01:57:23 - INFO - 
Маршрут #539
2026-05-13 01:57:23 - INFO -   553 → 1
2026-05-13 01:57:23 - INFO -   Длина: 1704.99 м
2026-05-13 01:57:23 - INFO - 
Маршрут #540
2026-05-13 01:57:23 - INFO -   554 → 2
2026-05-13 01:57:23 - INFO -   Длина: 1438.72 м
2026-05-13 01:57:23 - INFO - 
Маршрут #541
2026-05-13 01:57:23 - INFO -   555 → 2
2026-05-13 01:57:23 - INFO -   Длина: 1549.85 м
2026-05-13 01:57:23 - INFO - 
Маршрут #542
2026-05-13 01:57:23 - INFO -   556 → 2
2026-05-13 01:57:23 - INFO -   Длина: 1533.70 м
2026-05-13 01:57:23 - INFO - 
Маршрут #543
2026-05-13 01:57:23 - INFO -   557 → 2
2026-05-13 01:57:23 - INFO -   Длина: 1612.12 м
2026-05-13 01:57:23 - INFO - 
Маршрут #544
2026-05-13 01:57:23 - INFO -   558 → 2
2026-05-13 01:57:23 - INFO -   Длина: 536.77 м
2026-05-13 01:57:23 - INFO - 
Маршрут #545
2026-05-13 01:57:23 - INFO -   559 → 2
2026-05-13 01:57:23 - INFO -   Длина: 517.49 м
2026-05-13 01:57:23 - INFO - 
Маршрут #546
2026-05-13 01:57:23 - INFO -   560 → 2
2026-05-13 01:57:23 - INFO -   Длина: 806.59 м
2026-05-13 01:57:23 - INFO - 
Маршрут #547
2026-05-13 01:57:23 - INFO -   561 → 2
2026-05-13 01:57:23 - INFO -   Длина: 900.59 м
2026-05-13 01:57:23 - INFO - 
Маршрут #548
2026-05-13 01:57:23 - INFO -   562 → 2
2026-05-13 01:57:23 - INFO -   Длина: 562.39 м
2026-05-13 01:57:23 - INFO - 
Маршрут #549
2026-05-13 01:57:23 - INFO -   563 → 1
2026-05-13 01:57:23 - INFO -   Длина: 877.76 м
2026-05-13 01:57:23 - INFO - 
Маршрут #550
2026-05-13 01:57:23 - INFO -   564 → 1
2026-05-13 01:57:23 - INFO -   Длина: 733.44 м
2026-05-13 01:57:23 - INFO - 
Маршрут #551
2026-05-13 01:57:23 - INFO -   565 → 1
2026-05-13 01:57:23 - INFO -   Длина: 925.18 м
2026-05-13 01:57:23 - INFO - 
Маршрут #552
2026-05-13 01:57:23 - INFO -   566 → 1
2026-05-13 01:57:23 - INFO -   Длина: 838.87 м
2026-05-13 01:57:23 - INFO - 
Маршрут #553
2026-05-13 01:57:23 - INFO -   567 → 1
2026-05-13 01:57:23 - INFO -   Длина: 528.16 м
2026-05-13 01:57:23 - INFO - 
Маршрут #554
2026-05-13 01:57:23 - INFO -   568 → 1
2026-05-13 01:57:23 - INFO -   Длина: 968.39 м
2026-05-13 01:57:23 - INFO - 
Маршрут #555
2026-05-13 01:57:23 - INFO -   569 → 1
2026-05-13 01:57:23 - INFO -   Длина: 877.00 м
2026-05-13 01:57:23 - INFO - 
Маршрут #556
2026-05-13 01:57:23 - INFO -   570 → 1
2026-05-13 01:57:23 - INFO -   Длина: 944.45 м
2026-05-13 01:57:23 - INFO - 
Маршрут #557
2026-05-13 01:57:23 - INFO -   571 → 1
2026-05-13 01:57:23 - INFO -   Длина: 928.45 м
2026-05-13 01:57:23 - INFO - 
Маршрут #558
2026-05-13 01:57:23 - INFO -   572 → 1
2026-05-13 01:57:23 - INFO -   Длина: 939.73 м
2026-05-13 01:57:23 - INFO - 
Маршрут #559
2026-05-13 01:57:23 - INFO -   573 → 1
2026-05-13 01:57:23 - INFO -   Длина: 1066.07 м
2026-05-13 01:57:23 - INFO - 
Маршрут #560
2026-05-13 01:57:23 - INFO -   574 → 1
2026-05-13 01:57:23 - INFO -   Длина: 794.09 м
2026-05-13 01:57:23 - INFO - 
Маршрут #561
2026-05-13 01:57:23 - INFO -   575 → 1
2026-05-13 01:57:23 - INFO -   Длина: 739.17 м
2026-05-13 01:57:23 - INFO - 
Маршрут #562
2026-05-13 01:57:23 - INFO -   576 → 1
2026-05-13 01:57:23 - INFO -   Длина: 778.71 м
2026-05-13 01:57:23 - INFO - 
Маршрут #563
2026-05-13 01:57:23 - INFO -   577 → 1
2026-05-13 01:57:23 - INFO -   Длина: 985.34 м
2026-05-13 01:57:23 - INFO - 
Маршрут #564
2026-05-13 01:57:23 - INFO -   578 → 1
2026-05-13 01:57:23 - INFO -   Длина: 673.05 м
2026-05-13 01:57:23 - INFO - 
Маршрут #565
2026-05-13 01:57:23 - INFO -   579 → 1
2026-05-13 01:57:23 - INFO -   Длина: 758.66 м
2026-05-13 01:57:23 - INFO - 
Маршрут #566
2026-05-13 01:57:23 - INFO -   580 → 2
2026-05-13 01:57:23 - INFO -   Длина: 880.83 м
2026-05-13 01:57:23 - INFO - 
Маршрут #567
2026-05-13 01:57:23 - INFO -   581 → 1
2026-05-13 01:57:23 - INFO -   Длина: 1100.88 м
2026-05-13 01:57:23 - INFO - 
Маршрут #568
2026-05-13 01:57:23 - INFO -   582 → 1
2026-05-13 01:57:23 - INFO -   Длина: 1025.75 м
2026-05-13 01:57:23 - INFO - 
Маршрут #569
2026-05-13 01:57:23 - INFO -   583 → 1
2026-05-13 01:57:23 - INFO -   Длина: 994.40 м
2026-05-13 01:57:23 - INFO - 
Маршрут #570
2026-05-13 01:57:23 - INFO -   584 → 1
2026-05-13 01:57:23 - INFO -   Длина: 972.96 м
2026-05-13 01:57:23 - INFO - 
Маршрут #571
2026-05-13 01:57:23 - INFO -   585 → 1
2026-05-13 01:57:23 - INFO -   Длина: 1316.65 м
2026-05-13 01:57:23 - INFO - 
Маршрут #572
2026-05-13 01:57:23 - INFO -   586 → 1
2026-05-13 01:57:23 - INFO -   Длина: 1032.19 м
2026-05-13 01:57:23 - INFO - 
Маршрут #573
2026-05-13 01:57:23 - INFO -   587 → 1
2026-05-13 01:57:23 - INFO -   Длина: 1173.81 м
2026-05-13 01:57:23 - INFO - 
Маршрут #574
2026-05-13 01:57:23 - INFO -   588 → 1
2026-05-13 01:57:23 - INFO -   Длина: 960.36 м
2026-05-13 01:57:23 - INFO - 
Маршрут #575
2026-05-13 01:57:23 - INFO -   589 → 1
2026-05-13 01:57:23 - INFO -   Длина: 1052.02 м
2026-05-13 01:57:23 - INFO - 
Маршрут #576
2026-05-13 01:57:23 - INFO -   590 → 1
2026-05-13 01:57:23 - INFO -   Длина: 1248.47 м
2026-05-13 01:57:23 - INFO - 
Маршрут #577
2026-05-13 01:57:23 - INFO -   591 → 1
2026-05-13 01:57:23 - INFO -   Длина: 1539.86 м
2026-05-13 01:57:23 - INFO - 
Маршрут #578
2026-05-13 01:57:23 - INFO -   592 → 1
2026-05-13 01:57:23 - INFO -   Длина: 1421.10 м
2026-05-13 01:57:23 - INFO - 
Маршрут #579
2026-05-13 01:57:23 - INFO -   593 → 1
2026-05-13 01:57:23 - INFO -   Длина: 1579.11 м
2026-05-13 01:57:23 - INFO - 
Маршрут #580
2026-05-13 01:57:23 - INFO -   594 → 1
2026-05-13 01:57:23 - INFO -   Длина: 994.36 м
2026-05-13 01:57:23 - INFO - 
Маршрут #581
2026-05-13 01:57:23 - INFO -   595 → 1
2026-05-13 01:57:23 - INFO -   Длина: 1453.21 м
2026-05-13 01:57:23 - INFO - 
Маршрут #582
2026-05-13 01:57:23 - INFO -   596 → 1
2026-05-13 01:57:23 - INFO -   Длина: 1031.12 м
2026-05-13 01:57:23 - INFO - 
Маршрут #583
2026-05-13 01:57:23 - INFO -   597 → 1
2026-05-13 01:57:23 - INFO -   Длина: 1294.74 м
2026-05-13 01:57:23 - INFO - 
Маршрут #584
2026-05-13 01:57:23 - INFO -   598 → 1
2026-05-13 01:57:23 - INFO -   Длина: 1326.13 м
2026-05-13 01:57:23 - INFO - 
Маршрут #585
2026-05-13 01:57:23 - INFO -   599 → 1
2026-05-13 01:57:23 - INFO -   Длина: 1486.55 м
2026-05-13 01:57:23 - INFO - 
Маршрут #586
2026-05-13 01:57:23 - INFO -   600 → 1
2026-05-13 01:57:23 - INFO -   Длина: 1606.76 м
2026-05-13 01:57:23 - INFO - 
Маршрут #587
2026-05-13 01:57:23 - INFO -   601 → 1
2026-05-13 01:57:23 - INFO -   Длина: 1043.88 м
2026-05-13 01:57:23 - INFO - 
Маршрут #588
2026-05-13 01:57:23 - INFO -   602 → 1
2026-05-13 01:57:23 - INFO -   Длина: 1286.24 м
2026-05-13 01:57:23 - INFO - 
Маршрут #589
2026-05-13 01:57:23 - INFO -   603 → 1
2026-05-13 01:57:23 - INFO -   Длина: 1294.82 м
2026-05-13 01:57:23 - INFO - 
Маршрут #590
2026-05-13 01:57:23 - INFO -   604 → 1
2026-05-13 01:57:23 - INFO -   Длина: 1327.49 м
2026-05-13 01:57:23 - INFO - 
Маршрут #591
2026-05-13 01:57:23 - INFO -   605 → 1
2026-05-13 01:57:23 - INFO -   Длина: 1191.69 м
2026-05-13 01:57:23 - INFO - 
Маршрут #592
2026-05-13 01:57:23 - INFO -   606 → 1
2026-05-13 01:57:23 - INFO -   Длина: 1642.77 м
2026-05-13 01:57:23 - INFO - 
Маршрут #593
2026-05-13 01:57:23 - INFO -   607 → 1
2026-05-13 01:57:23 - INFO -   Длина: 1234.46 м
2026-05-13 01:57:23 - INFO - 
Маршрут #594
2026-05-13 01:57:23 - INFO -   608 → 1
2026-05-13 01:57:23 - INFO -   Длина: 1582.43 м
2026-05-13 01:57:23 - INFO - 
Маршрут #595
2026-05-13 01:57:23 - INFO -   609 → 1
2026-05-13 01:57:23 - INFO -   Длина: 1115.24 м
2026-05-13 01:57:23 - INFO - 
Маршрут #596
2026-05-13 01:57:23 - INFO -   610 → 1
2026-05-13 01:57:23 - INFO -   Длина: 1431.82 м
2026-05-13 01:57:23 - INFO - 
Маршрут #597
2026-05-13 01:57:23 - INFO -   611 → 1
2026-05-13 01:57:23 - INFO -   Длина: 1356.51 м
2026-05-13 01:57:23 - INFO - 
Маршрут #598
2026-05-13 01:57:23 - INFO -   612 → 1
2026-05-13 01:57:23 - INFO -   Длина: 1735.32 м
2026-05-13 01:57:23 - INFO - 
Маршрут #599
2026-05-13 01:57:23 - INFO -   613 → 1
2026-05-13 01:57:23 - INFO -   Длина: 1508.99 м
2026-05-13 01:57:23 - INFO - 
Маршрут #600
2026-05-13 01:57:23 - INFO -   614 → 1
2026-05-13 01:57:23 - INFO -   Длина: 1528.69 м
2026-05-13 01:57:23 - INFO - 
Маршрут #601
2026-05-13 01:57:23 - INFO -   615 → 1
2026-05-13 01:57:23 - INFO -   Длина: 1404.03 м
2026-05-13 01:57:23 - INFO - 
Маршрут #602
2026-05-13 01:57:23 - INFO -   616 → 1
2026-05-13 01:57:23 - INFO -   Длина: 1404.03 м
2026-05-13 01:57:23 - INFO - 
Маршрут #603
2026-05-13 01:57:23 - INFO -   617 → 1
2026-05-13 01:57:23 - INFO -   Длина: 1459.00 м
2026-05-13 01:57:23 - INFO - 
Маршрут #604
2026-05-13 01:57:23 - INFO -   618 → 1
2026-05-13 01:57:23 - INFO -   Длина: 1533.10 м
2026-05-13 01:57:23 - INFO - 
Маршрут #605
2026-05-13 01:57:23 - INFO -   619 → 2
2026-05-13 01:57:23 - INFO -   Длина: 880.40 м
2026-05-13 01:57:23 - INFO - 
Маршрут #606
2026-05-13 01:57:23 - INFO -   620 → 2
2026-05-13 01:57:23 - INFO -   Длина: 773.27 м
2026-05-13 01:57:23 - INFO - 
Маршрут #607
2026-05-13 01:57:23 - INFO -   621 → 2
2026-05-13 01:57:23 - INFO -   Длина: 850.14 м
2026-05-13 01:57:23 - INFO - 
Маршрут #608
2026-05-13 01:57:23 - INFO -   622 → 2
2026-05-13 01:57:23 - INFO -   Длина: 503.26 м
2026-05-13 01:57:23 - INFO - 
Маршрут #609
2026-05-13 01:57:23 - INFO -   623 → 2
2026-05-13 01:57:23 - INFO -   Длина: 852.33 м
2026-05-13 01:57:23 - INFO - 
Маршрут #610
2026-05-13 01:57:23 - INFO -   624 → 2
2026-05-13 01:57:23 - INFO -   Длина: 976.52 м
2026-05-13 01:57:23 - INFO - 
Маршрут #611
2026-05-13 01:57:23 - INFO -   625 → 2
2026-05-13 01:57:23 - INFO -   Длина: 711.42 м
2026-05-13 01:57:23 - INFO - 
Маршрут #612
2026-05-13 01:57:23 - INFO -   626 → 2
2026-05-13 01:57:23 - INFO -   Длина: 861.87 м
2026-05-13 01:57:23 - INFO - 
Маршрут #613
2026-05-13 01:57:23 - INFO -   627 → 2
2026-05-13 01:57:23 - INFO -   Длина: 634.22 м
2026-05-13 01:57:23 - INFO - 
Маршрут #614
2026-05-13 01:57:23 - INFO -   628 → 2
2026-05-13 01:57:23 - INFO -   Длина: 1188.54 м
2026-05-13 01:57:23 - INFO - 
Маршрут #615
2026-05-13 01:57:23 - INFO -   629 → 2
2026-05-13 01:57:23 - INFO -   Длина: 1239.23 м
2026-05-13 01:57:23 - INFO - 
Маршрут #616
2026-05-13 01:57:23 - INFO -   630 → 2
2026-05-13 01:57:23 - INFO -   Длина: 1243.22 м
2026-05-13 01:57:23 - INFO - 
Маршрут #617
2026-05-13 01:57:23 - INFO -   631 → 2
2026-05-13 01:57:23 - INFO -   Длина: 838.76 м
2026-05-13 01:57:23 - INFO - 
Маршрут #618
2026-05-13 01:57:23 - INFO -   632 → 7
2026-05-13 01:57:23 - INFO -   Длина: 2764.04 м
2026-05-13 01:57:23 - INFO - 
Маршрут #619
2026-05-13 01:57:23 - INFO -   633 → 2
2026-05-13 01:57:23 - INFO -   Длина: 2078.25 м
2026-05-13 01:57:23 - INFO - 
Маршрут #620
2026-05-13 01:57:23 - INFO -   634 → 7
2026-05-13 01:57:23 - INFO -   Длина: 2770.43 м
2026-05-13 01:57:23 - INFO - 
Маршрут #621
2026-05-13 01:57:23 - INFO -   635 → 7
2026-05-13 01:57:23 - INFO -   Длина: 2826.18 м
2026-05-13 01:57:23 - INFO - 
Маршрут #622
2026-05-13 01:57:23 - INFO -   636 → 2
2026-05-13 01:57:23 - INFO -   Длина: 2151.43 м
2026-05-13 01:57:23 - INFO - 
Маршрут #623
2026-05-13 01:57:23 - INFO -   637 → 7
2026-05-13 01:57:23 - INFO -   Длина: 3151.05 м
2026-05-13 01:57:23 - INFO - 
Маршрут #624
2026-05-13 01:57:23 - INFO -   638 → 2
2026-05-13 01:57:23 - INFO -   Длина: 2061.75 м
2026-05-13 01:57:23 - INFO - 
Маршрут #625
2026-05-13 01:57:23 - INFO -   639 → 2
2026-05-13 01:57:23 - INFO -   Длина: 2107.42 м
2026-05-13 01:57:23 - INFO - 
Маршрут #626
2026-05-13 01:57:23 - INFO -   640 → 2
2026-05-13 01:57:23 - INFO -   Длина: 2435.02 м
2026-05-13 01:57:23 - INFO - 
Маршрут #627
2026-05-13 01:57:23 - INFO -   641 → 2
2026-05-13 01:57:23 - INFO -   Длина: 2214.39 м
2026-05-13 01:57:23 - INFO - 
Маршрут #628
2026-05-13 01:57:23 - INFO -   642 → 2
2026-05-13 01:57:23 - INFO -   Длина: 2111.28 м
2026-05-13 01:57:23 - INFO - 
Маршрут #629
2026-05-13 01:57:23 - INFO -   643 → 2
2026-05-13 01:57:23 - INFO -   Длина: 2046.92 м
2026-05-13 01:57:23 - INFO - 
Маршрут #630
2026-05-13 01:57:23 - INFO -   644 → 2
2026-05-13 01:57:23 - INFO -   Длина: 2156.22 м
2026-05-13 01:57:23 - INFO - 
Маршрут #631
2026-05-13 01:57:23 - INFO -   645 → 2
2026-05-13 01:57:23 - INFO -   Длина: 2126.44 м
2026-05-13 01:57:23 - INFO - 
Маршрут #632
2026-05-13 01:57:23 - INFO -   646 → 2
2026-05-13 01:57:23 - INFO -   Длина: 2426.54 м
2026-05-13 01:57:23 - INFO - 
Маршрут #633
2026-05-13 01:57:23 - INFO -   647 → 2
2026-05-13 01:57:23 - INFO -   Длина: 2312.91 м
2026-05-13 01:57:23 - INFO - 
Маршрут #634
2026-05-13 01:57:23 - INFO -   648 → 2
2026-05-13 01:57:23 - INFO -   Длина: 2161.34 м
2026-05-13 01:57:23 - INFO - 
Маршрут #635
2026-05-13 01:57:23 - INFO -   649 → 2
2026-05-13 01:57:23 - INFO -   Длина: 2095.03 м
2026-05-13 01:57:23 - INFO - 
Маршрут #636
2026-05-13 01:57:23 - INFO -   650 → 2
2026-05-13 01:57:23 - INFO -   Длина: 2275.30 м
2026-05-13 01:57:23 - INFO - 
Маршрут #637
2026-05-13 01:57:23 - INFO -   651 → 2
2026-05-13 01:57:23 - INFO -   Длина: 2503.07 м
2026-05-13 01:57:23 - INFO - 
Маршрут #638
2026-05-13 01:57:23 - INFO -   652 → 2
2026-05-13 01:57:23 - INFO -   Длина: 2577.41 м
2026-05-13 01:57:23 - INFO - 
Маршрут #639
2026-05-13 01:57:23 - INFO -   653 → 2
2026-05-13 01:57:23 - INFO -   Длина: 2243.94 м
2026-05-13 01:57:23 - INFO - 
Маршрут #640
2026-05-13 01:57:23 - INFO -   654 → 2
2026-05-13 01:57:23 - INFO -   Длина: 2344.90 м
2026-05-13 01:57:23 - INFO - 
Маршрут #641
2026-05-13 01:57:23 - INFO -   655 → 2
2026-05-13 01:57:23 - INFO -   Длина: 2392.52 м
2026-05-13 01:57:23 - INFO - 
Маршрут #642
2026-05-13 01:57:23 - INFO -   656 → 2
2026-05-13 01:57:23 - INFO -   Длина: 2275.01 м
2026-05-13 01:57:23 - INFO - 
Маршрут #643
2026-05-13 01:57:23 - INFO -   657 → 2
2026-05-13 01:57:23 - INFO -   Длина: 2345.75 м
2026-05-13 01:57:23 - INFO - 
Маршрут #644
2026-05-13 01:57:23 - INFO -   658 → 2
2026-05-13 01:57:23 - INFO -   Длина: 1624.87 м
2026-05-13 01:57:23 - INFO - 
Маршрут #645
2026-05-13 01:57:23 - INFO -   659 → 2
2026-05-13 01:57:23 - INFO -   Длина: 1515.59 м
2026-05-13 01:57:23 - INFO - 
Маршрут #646
2026-05-13 01:57:23 - INFO -   660 → 2
2026-05-13 01:57:23 - INFO -   Длина: 1503.10 м
2026-05-13 01:57:23 - INFO - 
Маршрут #647
2026-05-13 01:57:23 - INFO -   661 → 2
2026-05-13 01:57:23 - INFO -   Длина: 1525.17 м
2026-05-13 01:57:23 - INFO - 
Маршрут #648
2026-05-13 01:57:23 - INFO -   662 → 2
2026-05-13 01:57:23 - INFO -   Длина: 1393.59 м
2026-05-13 01:57:23 - INFO - 
Маршрут #649
2026-05-13 01:57:23 - INFO -   663 → 2
2026-05-13 01:57:23 - INFO -   Длина: 1113.37 м
2026-05-13 01:57:23 - INFO - 
Маршрут #650
2026-05-13 01:57:23 - INFO -   664 → 2
2026-05-13 01:57:23 - INFO -   Длина: 868.06 м
2026-05-13 01:57:23 - INFO - 
Маршрут #651
2026-05-13 01:57:23 - INFO -   665 → 2
2026-05-13 01:57:23 - INFO -   Длина: 975.08 м
2026-05-13 01:57:23 - INFO - 
Маршрут #652
2026-05-13 01:57:23 - INFO -   666 → 2
2026-05-13 01:57:23 - INFO -   Длина: 982.53 м
2026-05-13 01:57:23 - INFO - 
Маршрут #653
2026-05-13 01:57:23 - INFO -   667 → 2
2026-05-13 01:57:23 - INFO -   Длина: 987.78 м
2026-05-13 01:57:23 - INFO - 
Маршрут #654
2026-05-13 01:57:23 - INFO -   668 → 2
2026-05-13 01:57:23 - INFO -   Длина: 1063.85 м
2026-05-13 01:57:23 - INFO - 
Маршрут #655
2026-05-13 01:57:23 - INFO -   669 → 2
2026-05-13 01:57:23 - INFO -   Длина: 953.59 м
2026-05-13 01:57:23 - INFO - 
Маршрут #656
2026-05-13 01:57:23 - INFO -   670 → 2
2026-05-13 01:57:23 - INFO -   Длина: 603.45 м
2026-05-13 01:57:23 - INFO - 
Маршрут #657
2026-05-13 01:57:23 - INFO -   671 → 3
2026-05-13 01:57:23 - INFO -   Длина: 7188.55 м
2026-05-13 01:57:23 - INFO - 
Маршрут #658
2026-05-13 01:57:23 - INFO -   672 → 3
2026-05-13 01:57:23 - INFO -   Длина: 7462.07 м
2026-05-13 01:57:23 - INFO - 
Маршрут #659
2026-05-13 01:57:23 - INFO -   673 → 3
2026-05-13 01:57:23 - INFO -   Длина: 6476.82 м
2026-05-13 01:57:23 - INFO - 
Маршрут #660
2026-05-13 01:57:23 - INFO -   674 → 3
2026-05-13 01:57:23 - INFO -   Длина: 5981.03 м
2026-05-13 01:57:23 - INFO - 
Маршрут #661
2026-05-13 01:57:23 - INFO -   675 → 3
2026-05-13 01:57:23 - INFO -   Длина: 5429.23 м
2026-05-13 01:57:23 - INFO - 
Маршрут #662
2026-05-13 01:57:23 - INFO -   676 → 3
2026-05-13 01:57:23 - INFO -   Длина: 5412.89 м
2026-05-13 01:57:23 - INFO - 
Маршрут #663
2026-05-13 01:57:23 - INFO -   677 → 3
2026-05-13 01:57:23 - INFO -   Длина: 5692.16 м
2026-05-13 01:57:23 - INFO - 
Маршрут #664
2026-05-13 01:57:23 - INFO -   678 → 3
2026-05-13 01:57:23 - INFO -   Длина: 6908.50 м
2026-05-13 01:57:23 - INFO - 
Маршрут #665
2026-05-13 01:57:23 - INFO -   679 → 3
2026-05-13 01:57:23 - INFO -   Длина: 6134.61 м
2026-05-13 01:57:23 - INFO - 
Маршрут #666
2026-05-13 01:57:23 - INFO -   680 → 3
2026-05-13 01:57:23 - INFO -   Длина: 8226.14 м
2026-05-13 01:57:23 - INFO - 
Маршрут #667
2026-05-13 01:57:23 - INFO -   681 → 3
2026-05-13 01:57:23 - INFO -   Длина: 5674.55 м
2026-05-13 01:57:23 - INFO - 
Маршрут #668
2026-05-13 01:57:23 - INFO -   682 → 3
2026-05-13 01:57:23 - INFO -   Длина: 6420.10 м
2026-05-13 01:57:23 - INFO - 
Маршрут #669
2026-05-13 01:57:23 - INFO -   683 → 3
2026-05-13 01:57:23 - INFO -   Длина: 5159.38 м
2026-05-13 01:57:23 - INFO - 
Маршрут #670
2026-05-13 01:57:23 - INFO -   684 → 3
2026-05-13 01:57:23 - INFO -   Длина: 5432.28 м
2026-05-13 01:57:23 - INFO - 
Маршрут #671
2026-05-13 01:57:23 - INFO -   685 → 3
2026-05-13 01:57:23 - INFO -   Длина: 5376.82 м
2026-05-13 01:57:23 - INFO - 
Маршрут #672
2026-05-13 01:57:23 - INFO -   686 → 3
2026-05-13 01:57:23 - INFO -   Длина: 4113.18 м
2026-05-13 01:57:23 - INFO - 
Маршрут #673
2026-05-13 01:57:23 - INFO -   687 → 3
2026-05-13 01:57:23 - INFO -   Длина: 4015.53 м
2026-05-13 01:57:23 - INFO - 
Маршрут #674
2026-05-13 01:57:23 - INFO -   688 → 3
2026-05-13 01:57:23 - INFO -   Длина: 4008.03 м
2026-05-13 01:57:23 - INFO - 
Маршрут #675
2026-05-13 01:57:23 - INFO -   689 → 3
2026-05-13 01:57:23 - INFO -   Длина: 3769.13 м
2026-05-13 01:57:23 - INFO - 
Маршрут #676
2026-05-13 01:57:23 - INFO -   690 → 3
2026-05-13 01:57:23 - INFO -   Длина: 5332.61 м
2026-05-13 01:57:23 - INFO - 
Маршрут #677
2026-05-13 01:57:23 - INFO -   691 → 3
2026-05-13 01:57:23 - INFO -   Длина: 5283.80 м
2026-05-13 01:57:23 - INFO - 
Маршрут #678
2026-05-13 01:57:23 - INFO -   692 → 3
2026-05-13 01:57:23 - INFO -   Длина: 5319.73 м
2026-05-13 01:57:23 - INFO - 
Маршрут #679
2026-05-13 01:57:23 - INFO -   693 → 3
2026-05-13 01:57:23 - INFO -   Длина: 5147.18 м
2026-05-13 01:57:23 - INFO - 
Маршрут #680
2026-05-13 01:57:23 - INFO -   694 → 3
2026-05-13 01:57:23 - INFO -   Длина: 4284.11 м
2026-05-13 01:57:23 - INFO - 
Маршрут #681
2026-05-13 01:57:23 - INFO -   695 → 3
2026-05-13 01:57:23 - INFO -   Длина: 5053.66 м
2026-05-13 01:57:23 - INFO - 
Маршрут #682
2026-05-13 01:57:23 - INFO -   696 → 3
2026-05-13 01:57:23 - INFO -   Длина: 5432.42 м
2026-05-13 01:57:23 - INFO - 
Маршрут #683
2026-05-13 01:57:23 - INFO -   697 → 3
2026-05-13 01:57:23 - INFO -   Длина: 4351.61 м
2026-05-13 01:57:23 - INFO - 
Маршрут #684
2026-05-13 01:57:23 - INFO -   698 → 3
2026-05-13 01:57:23 - INFO -   Длина: 4405.73 м
2026-05-13 01:57:23 - INFO - 
Маршрут #685
2026-05-13 01:57:23 - INFO -   699 → 3
2026-05-13 01:57:23 - INFO -   Длина: 4661.00 м
2026-05-13 01:57:23 - INFO - 
Маршрут #686
2026-05-13 01:57:23 - INFO -   700 → 3
2026-05-13 01:57:23 - INFO -   Длина: 4452.90 м
2026-05-13 01:57:23 - INFO - 
Маршрут #687
2026-05-13 01:57:23 - INFO -   701 → 3
2026-05-13 01:57:23 - INFO -   Длина: 4612.50 м
2026-05-13 01:57:23 - INFO - 
Маршрут #688
2026-05-13 01:57:23 - INFO -   702 → 3
2026-05-13 01:57:23 - INFO -   Длина: 4474.75 м
2026-05-13 01:57:23 - INFO - 
Маршрут #689
2026-05-13 01:57:23 - INFO -   703 → 3
2026-05-13 01:57:23 - INFO -   Длина: 5426.71 м
2026-05-13 01:57:23 - INFO - 
Маршрут #690
2026-05-13 01:57:23 - INFO -   704 → 3
2026-05-13 01:57:23 - INFO -   Длина: 4608.30 м
2026-05-13 01:57:23 - INFO - 
Маршрут #691
2026-05-13 01:57:23 - INFO -   706 → 3
2026-05-13 01:57:23 - INFO -   Длина: 4728.41 м
2026-05-13 01:57:23 - INFO - 
Маршрут #692
2026-05-13 01:57:23 - INFO -   707 → 3
2026-05-13 01:57:23 - INFO -   Длина: 5195.98 м
2026-05-13 01:57:23 - INFO - 
Маршрут #693
2026-05-13 01:57:23 - INFO -   708 → 3
2026-05-13 01:57:23 - INFO -   Длина: 5321.41 м
2026-05-13 01:57:23 - INFO - 
Маршрут #694
2026-05-13 01:57:23 - INFO -   709 → 3
2026-05-13 01:57:23 - INFO -   Длина: 4718.50 м
2026-05-13 01:57:23 - INFO - 
Маршрут #695
2026-05-13 01:57:23 - INFO -   711 → 3
2026-05-13 01:57:23 - INFO -   Длина: 5295.21 м
2026-05-13 01:57:23 - INFO - 
Маршрут #696
2026-05-13 01:57:23 - INFO -   714 → 3
2026-05-13 01:57:23 - INFO -   Длина: 5138.21 м
2026-05-13 01:57:23 - INFO - 
Маршрут #697
2026-05-13 01:57:23 - INFO -   715 → 3
2026-05-13 01:57:23 - INFO -   Длина: 5229.05 м
2026-05-13 01:57:23 - INFO - 
Маршрут #698
2026-05-13 01:57:23 - INFO -   717 → 7
2026-05-13 01:57:23 - INFO -   Длина: 4831.65 м
2026-05-13 01:57:23 - INFO - 
Маршрут #699
2026-05-13 01:57:23 - INFO -   718 → 7
2026-05-13 01:57:23 - INFO -   Длина: 4701.30 м
2026-05-13 01:57:23 - INFO - 
Маршрут #700
2026-05-13 01:57:23 - INFO -   719 → 7
2026-05-13 01:57:23 - INFO -   Длина: 4666.05 м
2026-05-13 01:57:23 - INFO - 
Маршрут #701
2026-05-13 01:57:23 - INFO -   720 → 7
2026-05-13 01:57:23 - INFO -   Длина: 4531.06 м
2026-05-13 01:57:23 - INFO - 
Маршрут #702
2026-05-13 01:57:23 - INFO -   721 → 3
2026-05-13 01:57:23 - INFO -   Длина: 4525.36 м
2026-05-13 01:57:23 - INFO - 
Маршрут #703
2026-05-13 01:57:23 - INFO -   722 → 7
2026-05-13 01:57:23 - INFO -   Длина: 4930.27 м
2026-05-13 01:57:23 - INFO - 
Маршрут #704
2026-05-13 01:57:23 - INFO -   723 → 7
2026-05-13 01:57:23 - INFO -   Длина: 5016.38 м
2026-05-13 01:57:23 - INFO - 
Маршрут #705
2026-05-13 01:57:23 - INFO -   724 → 3
2026-05-13 01:57:23 - INFO -   Длина: 4412.03 м
2026-05-13 01:57:23 - INFO - 
Маршрут #706
2026-05-13 01:57:23 - INFO -   725 → 3
2026-05-13 01:57:23 - INFO -   Длина: 4102.88 м
2026-05-13 01:57:23 - INFO - 
Маршрут #707
2026-05-13 01:57:23 - INFO -   726 → 3
2026-05-13 01:57:23 - INFO -   Длина: 4615.31 м
2026-05-13 01:57:23 - INFO - 
Маршрут #708
2026-05-13 01:57:23 - INFO -   727 → 3
2026-05-13 01:57:23 - INFO -   Длина: 4355.56 м
2026-05-13 01:57:23 - INFO - 
Маршрут #709
2026-05-13 01:57:23 - INFO -   728 → 3
2026-05-13 01:57:23 - INFO -   Длина: 4028.55 м
2026-05-13 01:57:23 - INFO - 
Маршрут #710
2026-05-13 01:57:23 - INFO -   729 → 3
2026-05-13 01:57:23 - INFO -   Длина: 3507.93 м
2026-05-13 01:57:23 - INFO - 
Маршрут #711
2026-05-13 01:57:23 - INFO -   730 → 3
2026-05-13 01:57:23 - INFO -   Длина: 3436.11 м
2026-05-13 01:57:23 - INFO - 
Маршрут #712
2026-05-13 01:57:23 - INFO -   731 → 3
2026-05-13 01:57:23 - INFO -   Длина: 2908.15 м
2026-05-13 01:57:23 - INFO - 
Маршрут #713
2026-05-13 01:57:23 - INFO -   732 → 3
2026-05-13 01:57:23 - INFO -   Длина: 2780.95 м
2026-05-13 01:57:23 - INFO - 
Маршрут #714
2026-05-13 01:57:23 - INFO -   733 → 3
2026-05-13 01:57:23 - INFO -   Длина: 2681.58 м
2026-05-13 01:57:23 - INFO - 
Маршрут #715
2026-05-13 01:57:23 - INFO -   734 → 3
2026-05-13 01:57:23 - INFO -   Длина: 5570.22 м
2026-05-13 01:57:23 - INFO - 
Маршрут #716
2026-05-13 01:57:23 - INFO -   735 → 3
2026-05-13 01:57:23 - INFO -   Длина: 5544.19 м
2026-05-13 01:57:23 - INFO - 
Маршрут #717
2026-05-13 01:57:23 - INFO -   736 → 3
2026-05-13 01:57:23 - INFO -   Длина: 5569.68 м
2026-05-13 01:57:23 - INFO - 
Маршрут #718
2026-05-13 01:57:23 - INFO -   737 → 3
2026-05-13 01:57:23 - INFO -   Длина: 5652.02 м
2026-05-13 01:57:23 - INFO - 
Маршрут #719
2026-05-13 01:57:23 - INFO -   738 → 3
2026-05-13 01:57:23 - INFO -   Длина: 5767.38 м
2026-05-13 01:57:23 - INFO - 
Маршрут #720
2026-05-13 01:57:23 - INFO -   739 → 3
2026-05-13 01:57:23 - INFO -   Длина: 5630.67 м
2026-05-13 01:57:23 - INFO - 
Маршрут #721
2026-05-13 01:57:23 - INFO -   740 → 3
2026-05-13 01:57:23 - INFO -   Длина: 5332.68 м
2026-05-13 01:57:23 - INFO - 
Маршрут #722
2026-05-13 01:57:23 - INFO -   741 → 3
2026-05-13 01:57:23 - INFO -   Длина: 5413.32 м
2026-05-13 01:57:23 - INFO - 
Маршрут #723
2026-05-13 01:57:23 - INFO -   742 → 3
2026-05-13 01:57:23 - INFO -   Длина: 5307.99 м
2026-05-13 01:57:23 - INFO - 
Маршрут #724
2026-05-13 01:57:23 - INFO -   743 → 3
2026-05-13 01:57:23 - INFO -   Длина: 5677.93 м
2026-05-13 01:57:23 - INFO - 
Маршрут #725
2026-05-13 01:57:23 - INFO -   744 → 3
2026-05-13 01:57:23 - INFO -   Длина: 5490.16 м
2026-05-13 01:57:23 - INFO - 
Маршрут #726
2026-05-13 01:57:23 - INFO -   745 → 3
2026-05-13 01:57:23 - INFO -   Длина: 5379.29 м
2026-05-13 01:57:23 - INFO - 
Маршрут #727
2026-05-13 01:57:23 - INFO -   746 → 3
2026-05-13 01:57:23 - INFO -   Длина: 5522.68 м
2026-05-13 01:57:23 - INFO - 
Маршрут #728
2026-05-13 01:57:23 - INFO -   747 → 3
2026-05-13 01:57:23 - INFO -   Длина: 5978.36 м
2026-05-13 01:57:23 - INFO - 
Маршрут #729
2026-05-13 01:57:23 - INFO -   748 → 3
2026-05-13 01:57:23 - INFO -   Длина: 5726.38 м
2026-05-13 01:57:23 - INFO - 
Маршрут #730
2026-05-13 01:57:23 - INFO -   749 → 3
2026-05-13 01:57:23 - INFO -   Длина: 5553.74 м
2026-05-13 01:57:23 - INFO - 
Маршрут #731
2026-05-13 01:57:23 - INFO -   750 → 3
2026-05-13 01:57:23 - INFO -   Длина: 5972.51 м
2026-05-13 01:57:23 - INFO - 
Маршрут #732
2026-05-13 01:57:23 - INFO -   751 → 3
2026-05-13 01:57:23 - INFO -   Длина: 5516.64 м
2026-05-13 01:57:23 - INFO - 
Маршрут #733
2026-05-13 01:57:23 - INFO -   752 → 3
2026-05-13 01:57:23 - INFO -   Длина: 5813.33 м
2026-05-13 01:57:23 - INFO - 
Маршрут #734
2026-05-13 01:57:23 - INFO -   753 → 3
2026-05-13 01:57:23 - INFO -   Длина: 5491.58 м
2026-05-13 01:57:23 - INFO - 
Маршрут #735
2026-05-13 01:57:23 - INFO -   754 → 3
2026-05-13 01:57:23 - INFO -   Длина: 5879.30 м
2026-05-13 01:57:23 - INFO - 
Маршрут #736
2026-05-13 01:57:23 - INFO -   755 → 7
2026-05-13 01:57:23 - INFO -   Длина: 5676.09 м
2026-05-13 01:57:23 - INFO - 
Маршрут #737
2026-05-13 01:57:23 - INFO -   756 → 7
2026-05-13 01:57:23 - INFO -   Длина: 5682.01 м
2026-05-13 01:57:23 - INFO - 
Маршрут #738
2026-05-13 01:57:23 - INFO -   757 → 7
2026-05-13 01:57:23 - INFO -   Длина: 5653.11 м
2026-05-13 01:57:23 - INFO - 
Маршрут #739
2026-05-13 01:57:23 - INFO -   758 → 7
2026-05-13 01:57:23 - INFO -   Длина: 4381.96 м
2026-05-13 01:57:23 - INFO - 
Маршрут #740
2026-05-13 01:57:23 - INFO -   759 → 7
2026-05-13 01:57:23 - INFO -   Длина: 4058.65 м
2026-05-13 01:57:23 - INFO - 
Маршрут #741
2026-05-13 01:57:23 - INFO -   760 → 7
2026-05-13 01:57:23 - INFO -   Длина: 3840.38 м
2026-05-13 01:57:23 - INFO - 
Маршрут #742
2026-05-13 01:57:23 - INFO -   761 → 7
2026-05-13 01:57:23 - INFO -   Длина: 3821.26 м
2026-05-13 01:57:23 - INFO - 
Маршрут #743
2026-05-13 01:57:23 - INFO -   762 → 7
2026-05-13 01:57:23 - INFO -   Длина: 3787.63 м
2026-05-13 01:57:23 - INFO - 
Маршрут #744
2026-05-13 01:57:23 - INFO -   763 → 7
2026-05-13 01:57:23 - INFO -   Длина: 3719.94 м
2026-05-13 01:57:23 - INFO - 
Маршрут #745
2026-05-13 01:57:23 - INFO -   764 → 7
2026-05-13 01:57:23 - INFO -   Длина: 3579.12 м
2026-05-13 01:57:23 - INFO - 
Маршрут #746
2026-05-13 01:57:23 - INFO -   765 → 7
2026-05-13 01:57:23 - INFO -   Длина: 4126.39 м
2026-05-13 01:57:23 - INFO - 
Маршрут #747
2026-05-13 01:57:23 - INFO -   766 → 7
2026-05-13 01:57:23 - INFO -   Длина: 3968.45 м
2026-05-13 01:57:23 - INFO - 
Маршрут #748
2026-05-13 01:57:23 - INFO -   767 → 7
2026-05-13 01:57:23 - INFO -   Длина: 3795.63 м
2026-05-13 01:57:23 - INFO - 
Маршрут #749
2026-05-13 01:57:23 - INFO -   768 → 7
2026-05-13 01:57:23 - INFO -   Длина: 3233.21 м
2026-05-13 01:57:23 - INFO - 
Маршрут #750
2026-05-13 01:57:23 - INFO -   769 → 3
2026-05-13 01:57:23 - INFO -   Длина: 3270.58 м
2026-05-13 01:57:23 - INFO - 
Маршрут #751
2026-05-13 01:57:23 - INFO -   770 → 3
2026-05-13 01:57:23 - INFO -   Длина: 2327.84 м
2026-05-13 01:57:23 - INFO - 
Маршрут #752
2026-05-13 01:57:23 - INFO -   771 → 3
2026-05-13 01:57:23 - INFO -   Длина: 2461.16 м
2026-05-13 01:57:23 - INFO - 
Маршрут #753
2026-05-13 01:57:23 - INFO -   772 → 3
2026-05-13 01:57:23 - INFO -   Длина: 2339.40 м
2026-05-13 01:57:23 - INFO - 
Маршрут #754
2026-05-13 01:57:23 - INFO -   773 → 3
2026-05-13 01:57:23 - INFO -   Длина: 2927.29 м
2026-05-13 01:57:23 - INFO - 
Маршрут #755
2026-05-13 01:57:23 - INFO -   774 → 3
2026-05-13 01:57:23 - INFO -   Длина: 2496.64 м
2026-05-13 01:57:23 - INFO - 
Маршрут #756
2026-05-13 01:57:23 - INFO -   775 → 3
2026-05-13 01:57:23 - INFO -   Длина: 2164.50 м
2026-05-13 01:57:23 - INFO - 
Маршрут #757
2026-05-13 01:57:23 - INFO -   776 → 3
2026-05-13 01:57:23 - INFO -   Длина: 2465.51 м
2026-05-13 01:57:23 - INFO - 
Маршрут #758
2026-05-13 01:57:23 - INFO -   777 → 3
2026-05-13 01:57:23 - INFO -   Длина: 2949.73 м
2026-05-13 01:57:23 - INFO - 
Маршрут #759
2026-05-13 01:57:23 - INFO -   778 → 3
2026-05-13 01:57:23 - INFO -   Длина: 2604.84 м
2026-05-13 01:57:23 - INFO - 
Маршрут #760
2026-05-13 01:57:23 - INFO -   779 → 3
2026-05-13 01:57:23 - INFO -   Длина: 2026.83 м
2026-05-13 01:57:23 - INFO - 
Маршрут #761
2026-05-13 01:57:23 - INFO -   780 → 3
2026-05-13 01:57:23 - INFO -   Длина: 2161.54 м
2026-05-13 01:57:23 - INFO - 
Маршрут #762
2026-05-13 01:57:23 - INFO -   781 → 3
2026-05-13 01:57:23 - INFO -   Длина: 2281.91 м
2026-05-13 01:57:23 - INFO - 
Маршрут #763
2026-05-13 01:57:23 - INFO -   782 → 3
2026-05-13 01:57:23 - INFO -   Длина: 2041.21 м
2026-05-13 01:57:23 - INFO - 
Маршрут #764
2026-05-13 01:57:23 - INFO -   783 → 3
2026-05-13 01:57:23 - INFO -   Длина: 2281.27 м
2026-05-13 01:57:23 - INFO - 
Маршрут #765
2026-05-13 01:57:23 - INFO -   784 → 3
2026-05-13 01:57:23 - INFO -   Длина: 2109.60 м
2026-05-13 01:57:23 - INFO - 
Маршрут #766
2026-05-13 01:57:23 - INFO -   785 → 3
2026-05-13 01:57:23 - INFO -   Длина: 2090.79 м
2026-05-13 01:57:23 - INFO - 
Маршрут #767
2026-05-13 01:57:23 - INFO -   786 → 3
2026-05-13 01:57:23 - INFO -   Длина: 2215.16 м
2026-05-13 01:57:23 - INFO - 
Маршрут #768
2026-05-13 01:57:23 - INFO -   787 → 3
2026-05-13 01:57:23 - INFO -   Длина: 1878.07 м
2026-05-13 01:57:23 - INFO - 
Маршрут #769
2026-05-13 01:57:23 - INFO -   788 → 3
2026-05-13 01:57:23 - INFO -   Длина: 1733.30 м
2026-05-13 01:57:23 - INFO - 
Маршрут #770
2026-05-13 01:57:23 - INFO -   789 → 3
2026-05-13 01:57:23 - INFO -   Длина: 2126.03 м
2026-05-13 01:57:23 - INFO - 
Маршрут #771
2026-05-13 01:57:23 - INFO -   790 → 3
2026-05-13 01:57:23 - INFO -   Длина: 1878.46 м
2026-05-13 01:57:23 - INFO - 
Маршрут #772
2026-05-13 01:57:23 - INFO -   791 → 3
2026-05-13 01:57:23 - INFO -   Длина: 2108.81 м
2026-05-13 01:57:23 - INFO - 
Маршрут #773
2026-05-13 01:57:23 - INFO -   792 → 3
2026-05-13 01:57:23 - INFO -   Длина: 1757.91 м
2026-05-13 01:57:23 - INFO - 
Маршрут #774
2026-05-13 01:57:23 - INFO -   793 → 3
2026-05-13 01:57:23 - INFO -   Длина: 1815.74 м
2026-05-13 01:57:23 - INFO - 
Маршрут #775
2026-05-13 01:57:23 - INFO -   794 → 3
2026-05-13 01:57:23 - INFO -   Длина: 1937.94 м
2026-05-13 01:57:23 - INFO - 
Маршрут #776
2026-05-13 01:57:23 - INFO -   795 → 3
2026-05-13 01:57:23 - INFO -   Длина: 1815.56 м
2026-05-13 01:57:23 - INFO - 
Маршрут #777
2026-05-13 01:57:23 - INFO -   796 → 3
2026-05-13 01:57:23 - INFO -   Длина: 1864.03 м
2026-05-13 01:57:23 - INFO - 
Маршрут #778
2026-05-13 01:57:23 - INFO -   797 → 3
2026-05-13 01:57:23 - INFO -   Длина: 1758.86 м
2026-05-13 01:57:23 - INFO - 
Маршрут #779
2026-05-13 01:57:23 - INFO -   798 → 3
2026-05-13 01:57:23 - INFO -   Длина: 2958.04 м
2026-05-13 01:57:23 - INFO - 
Маршрут #780
2026-05-13 01:57:23 - INFO -   799 → 3
2026-05-13 01:57:23 - INFO -   Длина: 1962.34 м
2026-05-13 01:57:23 - INFO - 
Маршрут #781
2026-05-13 01:57:23 - INFO -   800 → 3
2026-05-13 01:57:23 - INFO -   Длина: 1997.44 м
2026-05-13 01:57:23 - INFO - 
Маршрут #782
2026-05-13 01:57:23 - INFO -   801 → 3
2026-05-13 01:57:23 - INFO -   Длина: 2220.55 м
2026-05-13 01:57:23 - INFO - 
Маршрут #783
2026-05-13 01:57:23 - INFO -   802 → 3
2026-05-13 01:57:23 - INFO -   Длина: 2157.11 м
2026-05-13 01:57:23 - INFO - 
Маршрут #784
2026-05-13 01:57:23 - INFO -   803 → 3
2026-05-13 01:57:23 - INFO -   Длина: 2082.56 м
2026-05-13 01:57:23 - INFO - 
Маршрут #785
2026-05-13 01:57:23 - INFO -   804 → 3
2026-05-13 01:57:23 - INFO -   Длина: 2303.39 м
2026-05-13 01:57:23 - INFO - 
Маршрут #786
2026-05-13 01:57:23 - INFO -   805 → 3
2026-05-13 01:57:23 - INFO -   Длина: 2769.97 м
2026-05-13 01:57:23 - INFO - 
Маршрут #787
2026-05-13 01:57:23 - INFO -   806 → 3
2026-05-13 01:57:23 - INFO -   Длина: 2422.04 м
2026-05-13 01:57:23 - INFO - 
Маршрут #788
2026-05-13 01:57:23 - INFO -   807 → 3
2026-05-13 01:57:23 - INFO -   Длина: 2457.80 м
2026-05-13 01:57:23 - INFO - 
Маршрут #789
2026-05-13 01:57:23 - INFO -   808 → 3
2026-05-13 01:57:23 - INFO -   Длина: 1693.65 м
2026-05-13 01:57:23 - INFO - 
Маршрут #790
2026-05-13 01:57:23 - INFO -   809 → 3
2026-05-13 01:57:23 - INFO -   Длина: 2481.63 м
2026-05-13 01:57:23 - INFO - 
Маршрут #791
2026-05-13 01:57:23 - INFO -   810 → 3
2026-05-13 01:57:23 - INFO -   Длина: 2272.34 м
2026-05-13 01:57:23 - INFO - 
Маршрут #792
2026-05-13 01:57:23 - INFO -   811 → 7
2026-05-13 01:57:23 - INFO -   Длина: 4311.68 м
2026-05-13 01:57:23 - INFO - 
Маршрут #793
2026-05-13 01:57:23 - INFO -   812 → 7
2026-05-13 01:57:23 - INFO -   Длина: 4308.38 м
2026-05-13 01:57:23 - INFO - 
Маршрут #794
2026-05-13 01:57:23 - INFO -   814 → 3
2026-05-13 01:57:23 - INFO -   Длина: 4877.98 м
2026-05-13 01:57:23 - INFO - 
Маршрут #795
2026-05-13 01:57:23 - INFO -   815 → 7
2026-05-13 01:57:23 - INFO -   Длина: 4181.11 м
2026-05-13 01:57:23 - INFO - 
Маршрут #796
2026-05-13 01:57:23 - INFO -   816 → 3
2026-05-13 01:57:23 - INFO -   Длина: 4895.41 м
2026-05-13 01:57:23 - INFO - 
Маршрут #797
2026-05-13 01:57:23 - INFO -   817 → 7
2026-05-13 01:57:23 - INFO -   Длина: 4122.19 м
2026-05-13 01:57:23 - INFO - 
Маршрут #798
2026-05-13 01:57:23 - INFO -   818 → 7
2026-05-13 01:57:23 - INFO -   Длина: 4270.37 м
2026-05-13 01:57:23 - INFO - 
Маршрут #799
2026-05-13 01:57:23 - INFO -   819 → 7
2026-05-13 01:57:23 - INFO -   Длина: 4141.60 м
2026-05-13 01:57:23 - INFO - 
Маршрут #800
2026-05-13 01:57:23 - INFO -   820 → 3
2026-05-13 01:57:23 - INFO -   Длина: 3375.92 м
2026-05-13 01:57:23 - INFO - 
Маршрут #801
2026-05-13 01:57:23 - INFO -   821 → 3
2026-05-13 01:57:23 - INFO -   Длина: 3454.29 м
2026-05-13 01:57:23 - INFO - 
Маршрут #802
2026-05-13 01:57:23 - INFO -   822 → 7
2026-05-13 01:57:23 - INFO -   Длина: 4022.79 м
2026-05-13 01:57:23 - INFO - 
Маршрут #803
2026-05-13 01:57:23 - INFO -   823 → 3
2026-05-13 01:57:23 - INFO -   Длина: 3497.43 м
2026-05-13 01:57:23 - INFO - 
Маршрут #804
2026-05-13 01:57:23 - INFO -   824 → 7
2026-05-13 01:57:23 - INFO -   Длина: 3843.35 м
2026-05-13 01:57:23 - INFO - 
Маршрут #805
2026-05-13 01:57:23 - INFO -   825 → 3
2026-05-13 01:57:23 - INFO -   Длина: 3303.13 м
2026-05-13 01:57:23 - INFO - 
Маршрут #806
2026-05-13 01:57:23 - INFO -   826 → 3
2026-05-13 01:57:23 - INFO -   Длина: 3508.72 м
2026-05-13 01:57:23 - INFO - 
Маршрут #807
2026-05-13 01:57:23 - INFO -   827 → 7
2026-05-13 01:57:23 - INFO -   Длина: 4189.26 м
2026-05-13 01:57:23 - INFO - 
Маршрут #808
2026-05-13 01:57:23 - INFO -   828 → 7
2026-05-13 01:57:23 - INFO -   Длина: 4234.14 м
2026-05-13 01:57:23 - INFO - 
Маршрут #809
2026-05-13 01:57:23 - INFO -   829 → 3
2026-05-13 01:57:23 - INFO -   Длина: 5191.72 м
2026-05-13 01:57:23 - INFO - 
Маршрут #810
2026-05-13 01:57:23 - INFO -   830 → 7
2026-05-13 01:57:23 - INFO -   Длина: 4229.17 м
2026-05-13 01:57:23 - INFO - 
Маршрут #811
2026-05-13 01:57:23 - INFO -   831 → 7
2026-05-13 01:57:23 - INFO -   Длина: 4309.27 м
2026-05-13 01:57:23 - INFO - 
Маршрут #812
2026-05-13 01:57:23 - INFO -   832 → 7
2026-05-13 01:57:23 - INFO -   Длина: 4254.13 м
2026-05-13 01:57:23 - INFO - 
Маршрут #813
2026-05-13 01:57:23 - INFO -   833 → 7
2026-05-13 01:57:23 - INFO -   Длина: 4266.98 м
2026-05-13 01:57:23 - INFO - 
Маршрут #814
2026-05-13 01:57:23 - INFO -   834 → 3
2026-05-13 01:57:23 - INFO -   Длина: 3567.20 м
2026-05-13 01:57:23 - INFO - 
Маршрут #815
2026-05-13 01:57:23 - INFO -   835 → 3
2026-05-13 01:57:23 - INFO -   Длина: 3144.45 м
2026-05-13 01:57:23 - INFO - 
Маршрут #816
2026-05-13 01:57:23 - INFO -   836 → 3
2026-05-13 01:57:23 - INFO -   Длина: 3480.75 м
2026-05-13 01:57:23 - INFO - 
Маршрут #817
2026-05-13 01:57:23 - INFO -   837 → 3
2026-05-13 01:57:23 - INFO -   Длина: 3336.77 м
2026-05-13 01:57:23 - INFO - 
Маршрут #818
2026-05-13 01:57:23 - INFO -   838 → 3
2026-05-13 01:57:23 - INFO -   Длина: 3134.74 м
2026-05-13 01:57:23 - INFO - 
Маршрут #819
2026-05-13 01:57:23 - INFO -   839 → 3
2026-05-13 01:57:23 - INFO -   Длина: 3263.24 м
2026-05-13 01:57:23 - INFO - 
Маршрут #820
2026-05-13 01:57:23 - INFO -   840 → 3
2026-05-13 01:57:23 - INFO -   Длина: 2891.25 м
2026-05-13 01:57:23 - INFO - 
Маршрут #821
2026-05-13 01:57:23 - INFO -   841 → 3
2026-05-13 01:57:23 - INFO -   Длина: 2835.71 м
2026-05-13 01:57:23 - INFO - 
Маршрут #822
2026-05-13 01:57:23 - INFO -   842 → 3
2026-05-13 01:57:23 - INFO -   Длина: 3010.87 м
2026-05-13 01:57:23 - INFO - 
Маршрут #823
2026-05-13 01:57:23 - INFO -   843 → 3
2026-05-13 01:57:23 - INFO -   Длина: 3099.05 м
2026-05-13 01:57:23 - INFO - 
Маршрут #824
2026-05-13 01:57:23 - INFO -   844 → 3
2026-05-13 01:57:23 - INFO -   Длина: 2717.86 м
2026-05-13 01:57:23 - INFO - 
Маршрут #825
2026-05-13 01:57:23 - INFO -   845 → 3
2026-05-13 01:57:23 - INFO -   Длина: 3162.58 м
2026-05-13 01:57:23 - INFO - 
Маршрут #826
2026-05-13 01:57:23 - INFO -   847 → 3
2026-05-13 01:57:23 - INFO -   Длина: 2770.09 м
2026-05-13 01:57:23 - INFO - 
Маршрут #827
2026-05-13 01:57:23 - INFO -   848 → 3
2026-05-13 01:57:23 - INFO -   Длина: 2605.81 м
2026-05-13 01:57:23 - INFO - 
Маршрут #828
2026-05-13 01:57:23 - INFO -   849 → 3
2026-05-13 01:57:23 - INFO -   Длина: 2604.37 м
2026-05-13 01:57:23 - INFO - 
Маршрут #829
2026-05-13 01:57:23 - INFO -   850 → 3
2026-05-13 01:57:23 - INFO -   Длина: 2771.02 м
2026-05-13 01:57:23 - INFO - 
Маршрут #830
2026-05-13 01:57:23 - INFO -   851 → 3
2026-05-13 01:57:23 - INFO -   Длина: 3235.26 м
2026-05-13 01:57:23 - INFO - 
Маршрут #831
2026-05-13 01:57:23 - INFO -   852 → 3
2026-05-13 01:57:23 - INFO -   Длина: 3466.41 м
2026-05-13 01:57:23 - INFO - 
Маршрут #832
2026-05-13 01:57:23 - INFO -   853 → 3
2026-05-13 01:57:23 - INFO -   Длина: 3177.57 м
2026-05-13 01:57:23 - INFO - 
Маршрут #833
2026-05-13 01:57:23 - INFO -   854 → 3
2026-05-13 01:57:23 - INFO -   Длина: 3287.91 м
2026-05-13 01:57:23 - INFO - 
Маршрут #834
2026-05-13 01:57:23 - INFO -   855 → 3
2026-05-13 01:57:23 - INFO -   Длина: 3305.16 м
2026-05-13 01:57:23 - INFO - 
Маршрут #835
2026-05-13 01:57:23 - INFO -   856 → 7
2026-05-13 01:57:23 - INFO -   Длина: 3911.54 м
2026-05-13 01:57:23 - INFO - 
Маршрут #836
2026-05-13 01:57:23 - INFO -   857 → 3
2026-05-13 01:57:23 - INFO -   Длина: 3294.47 м
2026-05-13 01:57:23 - INFO - 
Маршрут #837
2026-05-13 01:57:23 - INFO -   858 → 7
2026-05-13 01:57:23 - INFO -   Длина: 3615.60 м
2026-05-13 01:57:23 - INFO - 
Маршрут #838
2026-05-13 01:57:23 - INFO -   859 → 7
2026-05-13 01:57:23 - INFO -   Длина: 3637.47 м
2026-05-13 01:57:23 - INFO - 
Маршрут #839
2026-05-13 01:57:23 - INFO -   860 → 7
2026-05-13 01:57:23 - INFO -   Длина: 3554.05 м
2026-05-13 01:57:23 - INFO - 
Маршрут #840
2026-05-13 01:57:23 - INFO -   861 → 7
2026-05-13 01:57:23 - INFO -   Длина: 3654.65 м
2026-05-13 01:57:23 - INFO - 
Маршрут #841
2026-05-13 01:57:23 - INFO -   862 → 7
2026-05-13 01:57:23 - INFO -   Длина: 3890.03 м
2026-05-13 01:57:23 - INFO - 
Маршрут #842
2026-05-13 01:57:23 - INFO -   863 → 7
2026-05-13 01:57:23 - INFO -   Длина: 3587.80 м
2026-05-13 01:57:23 - INFO - 
Маршрут #843
2026-05-13 01:57:23 - INFO -   864 → 3
2026-05-13 01:57:23 - INFO -   Длина: 3180.64 м
2026-05-13 01:57:23 - INFO - 
Маршрут #844
2026-05-13 01:57:23 - INFO -   865 → 3
2026-05-13 01:57:23 - INFO -   Длина: 3111.33 м
2026-05-13 01:57:23 - INFO - 
Маршрут #845
2026-05-13 01:57:23 - INFO -   866 → 3
2026-05-13 01:57:23 - INFO -   Длина: 3232.65 м
2026-05-13 01:57:23 - INFO - 
Маршрут #846
2026-05-13 01:57:23 - INFO -   867 → 3
2026-05-13 01:57:23 - INFO -   Длина: 3173.79 м
2026-05-13 01:57:23 - INFO - 
Маршрут #847
2026-05-13 01:57:23 - INFO -   868 → 7
2026-05-13 01:57:23 - INFO -   Длина: 3395.57 м
2026-05-13 01:57:23 - INFO - 
Маршрут #848
2026-05-13 01:57:23 - INFO -   869 → 7
2026-05-13 01:57:23 - INFO -   Длина: 3207.99 м
2026-05-13 01:57:23 - INFO - 
Маршрут #849
2026-05-13 01:57:23 - INFO -   871 → 7
2026-05-13 01:57:23 - INFO -   Длина: 3020.74 м
2026-05-13 01:57:23 - INFO - 
Маршрут #850
2026-05-13 01:57:23 - INFO -   872 → 7
2026-05-13 01:57:23 - INFO -   Длина: 3368.19 м
2026-05-13 01:57:23 - INFO - 
Маршрут #851
2026-05-13 01:57:23 - INFO -   873 → 7
2026-05-13 01:57:23 - INFO -   Длина: 3267.80 м
2026-05-13 01:57:23 - INFO - 
Маршрут #852
2026-05-13 01:57:23 - INFO -   874 → 7
2026-05-13 01:57:23 - INFO -   Длина: 2480.30 м
2026-05-13 01:57:23 - INFO - 
Маршрут #853
2026-05-13 01:57:23 - INFO -   875 → 7
2026-05-13 01:57:23 - INFO -   Длина: 2757.52 м
2026-05-13 01:57:23 - INFO - 
Маршрут #854
2026-05-13 01:57:23 - INFO -   876 → 7
2026-05-13 01:57:23 - INFO -   Длина: 2892.60 м
2026-05-13 01:57:23 - INFO - 
Маршрут #855
2026-05-13 01:57:23 - INFO -   877 → 7
2026-05-13 01:57:23 - INFO -   Длина: 1723.12 м
2026-05-13 01:57:23 - INFO - 
Маршрут #856
2026-05-13 01:57:23 - INFO -   878 → 7
2026-05-13 01:57:23 - INFO -   Длина: 1746.06 м
2026-05-13 01:57:23 - INFO - 
Маршрут #857
2026-05-13 01:57:23 - INFO -   879 → 7
2026-05-13 01:57:23 - INFO -   Длина: 3609.66 м
2026-05-13 01:57:23 - INFO - 
Маршрут #858
2026-05-13 01:57:23 - INFO -   880 → 7
2026-05-13 01:57:23 - INFO -   Длина: 4008.87 м
2026-05-13 01:57:23 - INFO - 
Маршрут #859
2026-05-13 01:57:23 - INFO -   881 → 7
2026-05-13 01:57:23 - INFO -   Длина: 3481.90 м
2026-05-13 01:57:23 - INFO - 
Маршрут #860
2026-05-13 01:57:23 - INFO -   882 → 7
2026-05-13 01:57:23 - INFO -   Длина: 3641.90 м
2026-05-13 01:57:23 - INFO - 
Маршрут #861
2026-05-13 01:57:23 - INFO -   883 → 7
2026-05-13 01:57:23 - INFO -   Длина: 3410.58 м
2026-05-13 01:57:23 - INFO - 
Маршрут #862
2026-05-13 01:57:23 - INFO -   884 → 7
2026-05-13 01:57:23 - INFO -   Длина: 3305.42 м
2026-05-13 01:57:23 - INFO - 
Маршрут #863
2026-05-13 01:57:23 - INFO -   885 → 7
2026-05-13 01:57:23 - INFO -   Длина: 3190.41 м
2026-05-13 01:57:23 - INFO - 
Маршрут #864
2026-05-13 01:57:23 - INFO -   886 → 7
2026-05-13 01:57:23 - INFO -   Длина: 3245.67 м
2026-05-13 01:57:23 - INFO - 
Маршрут #865
2026-05-13 01:57:23 - INFO -   887 → 7
2026-05-13 01:57:23 - INFO -   Длина: 3200.18 м
2026-05-13 01:57:23 - INFO - 
Маршрут #866
2026-05-13 01:57:23 - INFO -   888 → 7
2026-05-13 01:57:23 - INFO -   Длина: 3484.81 м
2026-05-13 01:57:23 - INFO - 
Маршрут #867
2026-05-13 01:57:23 - INFO -   889 → 7
2026-05-13 01:57:23 - INFO -   Длина: 3151.99 м
2026-05-13 01:57:23 - INFO - 
Маршрут #868
2026-05-13 01:57:23 - INFO -   890 → 7
2026-05-13 01:57:23 - INFO -   Длина: 2874.50 м
2026-05-13 01:57:23 - INFO - 
Маршрут #869
2026-05-13 01:57:23 - INFO -   891 → 7
2026-05-13 01:57:23 - INFO -   Длина: 3076.77 м
2026-05-13 01:57:23 - INFO - 
Маршрут #870
2026-05-13 01:57:23 - INFO -   892 → 7
2026-05-13 01:57:23 - INFO -   Длина: 3082.58 м
2026-05-13 01:57:23 - INFO - 
Маршрут #871
2026-05-13 01:57:23 - INFO -   893 → 7
2026-05-13 01:57:23 - INFO -   Длина: 2966.57 м
2026-05-13 01:57:23 - INFO - 
Маршрут #872
2026-05-13 01:57:23 - INFO -   894 → 7
2026-05-13 01:57:23 - INFO -   Длина: 2823.57 м
2026-05-13 01:57:23 - INFO - 
Маршрут #873
2026-05-13 01:57:23 - INFO -   895 → 7
2026-05-13 01:57:23 - INFO -   Длина: 2662.38 м
2026-05-13 01:57:23 - INFO - 
Маршрут #874
2026-05-13 01:57:23 - INFO -   896 → 7
2026-05-13 01:57:23 - INFO -   Длина: 3090.89 м
2026-05-13 01:57:23 - INFO - 
Маршрут #875
2026-05-13 01:57:23 - INFO -   897 → 7
2026-05-13 01:57:23 - INFO -   Длина: 2677.55 м
2026-05-13 01:57:23 - INFO - 
Маршрут #876
2026-05-13 01:57:23 - INFO -   898 → 7
2026-05-13 01:57:23 - INFO -   Длина: 3108.09 м
2026-05-13 01:57:23 - INFO - 
Маршрут #877
2026-05-13 01:57:23 - INFO -   899 → 7
2026-05-13 01:57:23 - INFO -   Длина: 2641.80 м
2026-05-13 01:57:23 - INFO - 
Маршрут #878
2026-05-13 01:57:23 - INFO -   900 → 7
2026-05-13 01:57:23 - INFO -   Длина: 2764.97 м
2026-05-13 01:57:23 - INFO - 
Маршрут #879
2026-05-13 01:57:23 - INFO -   901 → 7
2026-05-13 01:57:23 - INFO -   Длина: 3154.25 м
2026-05-13 01:57:23 - INFO - 
Маршрут #880
2026-05-13 01:57:23 - INFO -   902 → 7
2026-05-13 01:57:23 - INFO -   Длина: 2611.98 м
2026-05-13 01:57:23 - INFO - 
Маршрут #881
2026-05-13 01:57:23 - INFO -   903 → 7
2026-05-13 01:57:23 - INFO -   Длина: 3591.81 м
2026-05-13 01:57:23 - INFO - 
Маршрут #882
2026-05-13 01:57:23 - INFO -   904 → 7
2026-05-13 01:57:23 - INFO -   Длина: 3177.66 м
2026-05-13 01:57:23 - INFO - 
Маршрут #883
2026-05-13 01:57:23 - INFO -   905 → 7
2026-05-13 01:57:23 - INFO -   Длина: 3160.88 м
2026-05-13 01:57:23 - INFO - 
Маршрут #884
2026-05-13 01:57:23 - INFO -   906 → 7
2026-05-13 01:57:23 - INFO -   Длина: 2823.37 м
2026-05-13 01:57:23 - INFO - 
Маршрут #885
2026-05-13 01:57:23 - INFO -   907 → 7
2026-05-13 01:57:23 - INFO -   Длина: 2829.06 м
2026-05-13 01:57:23 - INFO - 
Маршрут #886
2026-05-13 01:57:23 - INFO -   908 → 7
2026-05-13 01:57:23 - INFO -   Длина: 3058.67 м
2026-05-13 01:57:23 - INFO - 
Маршрут #887
2026-05-13 01:57:23 - INFO -   909 → 7
2026-05-13 01:57:23 - INFO -   Длина: 3022.28 м
2026-05-13 01:57:23 - INFO - 
Маршрут #888
2026-05-13 01:57:23 - INFO -   910 → 7
2026-05-13 01:57:23 - INFO -   Длина: 2946.97 м
2026-05-13 01:57:23 - INFO - 
Маршрут #889
2026-05-13 01:57:23 - INFO -   911 → 7
2026-05-13 01:57:23 - INFO -   Длина: 2762.67 м
2026-05-13 01:57:23 - INFO - 
Маршрут #890
2026-05-13 01:57:23 - INFO -   912 → 7
2026-05-13 01:57:23 - INFO -   Длина: 2710.31 м
2026-05-13 01:57:23 - INFO - 
Маршрут #891
2026-05-13 01:57:23 - INFO -   913 → 7
2026-05-13 01:57:23 - INFO -   Длина: 2989.43 м
2026-05-13 01:57:23 - INFO - 
Маршрут #892
2026-05-13 01:57:23 - INFO -   914 → 7
2026-05-13 01:57:23 - INFO -   Длина: 2948.36 м
2026-05-13 01:57:23 - INFO - 
Маршрут #893
2026-05-13 01:57:23 - INFO -   915 → 7
2026-05-13 01:57:23 - INFO -   Длина: 2818.65 м
2026-05-13 01:57:23 - INFO - 
Маршрут #894
2026-05-13 01:57:23 - INFO -   916 → 7
2026-05-13 01:57:23 - INFO -   Длина: 2602.74 м
2026-05-13 01:57:23 - INFO - 
Маршрут #895
2026-05-13 01:57:23 - INFO -   917 → 7
2026-05-13 01:57:23 - INFO -   Длина: 2498.25 м
2026-05-13 01:57:23 - INFO - 
Маршрут #896
2026-05-13 01:57:23 - INFO -   918 → 7
2026-05-13 01:57:23 - INFO -   Длина: 2752.99 м
2026-05-13 01:57:23 - INFO - 
Маршрут #897
2026-05-13 01:57:23 - INFO -   919 → 7
2026-05-13 01:57:23 - INFO -   Длина: 2855.40 м
2026-05-13 01:57:23 - INFO - 
Маршрут #898
2026-05-13 01:57:23 - INFO -   920 → 7
2026-05-13 01:57:23 - INFO -   Длина: 2397.17 м
2026-05-13 01:57:23 - INFO - 
Маршрут #899
2026-05-13 01:57:23 - INFO -   921 → 7
2026-05-13 01:57:23 - INFO -   Длина: 2493.60 м
2026-05-13 01:57:23 - INFO - 
Маршрут #900
2026-05-13 01:57:23 - INFO -   922 → 7
2026-05-13 01:57:23 - INFO -   Длина: 2528.23 м
2026-05-13 01:57:23 - INFO - 
Маршрут #901
2026-05-13 01:57:23 - INFO -   923 → 7
2026-05-13 01:57:23 - INFO -   Длина: 2602.73 м
2026-05-13 01:57:23 - INFO - 
Маршрут #902
2026-05-13 01:57:23 - INFO -   924 → 7
2026-05-13 01:57:23 - INFO -   Длина: 2707.79 м
2026-05-13 01:57:23 - INFO - 
Маршрут #903
2026-05-13 01:57:23 - INFO -   925 → 7
2026-05-13 01:57:23 - INFO -   Длина: 3031.39 м
2026-05-13 01:57:23 - INFO - 
Маршрут #904
2026-05-13 01:57:23 - INFO -   926 → 7
2026-05-13 01:57:23 - INFO -   Длина: 3530.17 м
2026-05-13 01:57:23 - INFO - 
Маршрут #905
2026-05-13 01:57:23 - INFO -   927 → 7
2026-05-13 01:57:23 - INFO -   Длина: 3542.34 м
2026-05-13 01:57:23 - INFO - 
Маршрут #906
2026-05-13 01:57:23 - INFO -   928 → 7
2026-05-13 01:57:23 - INFO -   Длина: 3711.11 м
2026-05-13 01:57:23 - INFO - 
Маршрут #907
2026-05-13 01:57:23 - INFO -   929 → 7
2026-05-13 01:57:23 - INFO -   Длина: 3477.93 м
2026-05-13 01:57:23 - INFO - 
Маршрут #908
2026-05-13 01:57:23 - INFO -   930 → 7
2026-05-13 01:57:23 - INFO -   Длина: 3421.41 м
2026-05-13 01:57:23 - INFO - 
Маршрут #909
2026-05-13 01:57:23 - INFO -   931 → 7
2026-05-13 01:57:23 - INFO -   Длина: 3527.25 м
2026-05-13 01:57:23 - INFO - 
Маршрут #910
2026-05-13 01:57:23 - INFO -   932 → 7
2026-05-13 01:57:23 - INFO -   Длина: 3245.87 м
2026-05-13 01:57:23 - INFO - 
Маршрут #911
2026-05-13 01:57:23 - INFO -   933 → 7
2026-05-13 01:57:23 - INFO -   Длина: 3203.13 м
2026-05-13 01:57:23 - INFO - 
Маршрут #912
2026-05-13 01:57:23 - INFO -   934 → 7
2026-05-13 01:57:23 - INFO -   Длина: 3396.59 м
2026-05-13 01:57:23 - INFO - 
Маршрут #913
2026-05-13 01:57:23 - INFO -   935 → 7
2026-05-13 01:57:23 - INFO -   Длина: 3413.11 м
2026-05-13 01:57:23 - INFO - 
Маршрут #914
2026-05-13 01:57:23 - INFO -   936 → 7
2026-05-13 01:57:23 - INFO -   Длина: 3316.57 м
2026-05-13 01:57:23 - INFO - 
Маршрут #915
2026-05-13 01:57:23 - INFO -   937 → 7
2026-05-13 01:57:23 - INFO -   Длина: 3533.59 м
2026-05-13 01:57:23 - INFO - 
Маршрут #916
2026-05-13 01:57:23 - INFO -   938 → 7
2026-05-13 01:57:23 - INFO -   Длина: 3248.94 м
2026-05-13 01:57:23 - INFO - 
Маршрут #917
2026-05-13 01:57:23 - INFO -   939 → 7
2026-05-13 01:57:23 - INFO -   Длина: 3097.33 м
2026-05-13 01:57:23 - INFO - 
Маршрут #918
2026-05-13 01:57:23 - INFO -   940 → 7
2026-05-13 01:57:23 - INFO -   Длина: 3433.48 м
2026-05-13 01:57:23 - INFO - 
Маршрут #919
2026-05-13 01:57:23 - INFO -   941 → 3
2026-05-13 01:57:23 - INFO -   Длина: 3581.31 м
2026-05-13 01:57:23 - INFO - 
Маршрут #920
2026-05-13 01:57:23 - INFO -   942 → 3
2026-05-13 01:57:23 - INFO -   Длина: 3449.30 м
2026-05-13 01:57:23 - INFO - 
Маршрут #921
2026-05-13 01:57:23 - INFO -   943 → 7
2026-05-13 01:57:23 - INFO -   Длина: 3385.71 м
2026-05-13 01:57:23 - INFO - 
Маршрут #922
2026-05-13 01:57:23 - INFO -   944 → 7
2026-05-13 01:57:23 - INFO -   Длина: 3235.71 м
2026-05-13 01:57:23 - INFO - 
Маршрут #923
2026-05-13 01:57:23 - INFO -   945 → 7
2026-05-13 01:57:23 - INFO -   Длина: 3106.74 м
2026-05-13 01:57:23 - INFO - 
Маршрут #924
2026-05-13 01:57:23 - INFO -   946 → 7
2026-05-13 01:57:23 - INFO -   Длина: 2932.14 м
2026-05-13 01:57:23 - INFO - 
Маршрут #925
2026-05-13 01:57:23 - INFO -   947 → 7
2026-05-13 01:57:23 - INFO -   Длина: 3154.09 м
2026-05-13 01:57:23 - INFO - 
Маршрут #926
2026-05-13 01:57:23 - INFO -   948 → 7
2026-05-13 01:57:23 - INFO -   Длина: 3061.71 м
2026-05-13 01:57:23 - INFO - 
Маршрут #927
2026-05-13 01:57:23 - INFO -   949 → 7
2026-05-13 01:57:23 - INFO -   Длина: 2919.86 м
2026-05-13 01:57:23 - INFO - 
Маршрут #928
2026-05-13 01:57:23 - INFO -   950 → 7
2026-05-13 01:57:23 - INFO -   Длина: 3075.44 м
2026-05-13 01:57:23 - INFO - 
Маршрут #929
2026-05-13 01:57:23 - INFO -   951 → 7
2026-05-13 01:57:23 - INFO -   Длина: 2795.68 м
2026-05-13 01:57:23 - INFO - 
Маршрут #930
2026-05-13 01:57:23 - INFO -   952 → 7
2026-05-13 01:57:23 - INFO -   Длина: 2455.59 м
2026-05-13 01:57:23 - INFO - 
Маршрут #931
2026-05-13 01:57:23 - INFO -   953 → 7
2026-05-13 01:57:23 - INFO -   Длина: 2366.17 м
2026-05-13 01:57:23 - INFO - 
Маршрут #932
2026-05-13 01:57:23 - INFO -   954 → 7
2026-05-13 01:57:23 - INFO -   Длина: 2796.48 м
2026-05-13 01:57:23 - INFO - 
Маршрут #933
2026-05-13 01:57:23 - INFO -   955 → 7
2026-05-13 01:57:23 - INFO -   Длина: 2384.86 м
2026-05-13 01:57:23 - INFO - 
Маршрут #934
2026-05-13 01:57:23 - INFO -   956 → 7
2026-05-13 01:57:23 - INFO -   Длина: 3480.38 м
2026-05-13 01:57:23 - INFO - 
Маршрут #935
2026-05-13 01:57:23 - INFO -   957 → 7
2026-05-13 01:57:23 - INFO -   Длина: 2396.35 м
2026-05-13 01:57:23 - INFO - 
Маршрут #936
2026-05-13 01:57:23 - INFO -   958 → 7
2026-05-13 01:57:23 - INFO -   Длина: 1724.24 м
2026-05-13 01:57:23 - INFO - 
Маршрут #937
2026-05-13 01:57:23 - INFO -   959 → 7
2026-05-13 01:57:23 - INFO -   Длина: 2685.72 м
2026-05-13 01:57:23 - INFO - 
Маршрут #938
2026-05-13 01:57:23 - INFO -   960 → 7
2026-05-13 01:57:23 - INFO -   Длина: 2199.71 м
2026-05-13 01:57:23 - INFO - 
Маршрут #939
2026-05-13 01:57:23 - INFO -   961 → 7
2026-05-13 01:57:23 - INFO -   Длина: 3614.92 м
2026-05-13 01:57:23 - INFO - 
Маршрут #940
2026-05-13 01:57:23 - INFO -   962 → 7
2026-05-13 01:57:23 - INFO -   Длина: 3662.58 м
2026-05-13 01:57:23 - INFO - 
Маршрут #941
2026-05-13 01:57:23 - INFO -   963 → 7
2026-05-13 01:57:23 - INFO -   Длина: 3550.86 м
2026-05-13 01:57:23 - INFO - 
Маршрут #942
2026-05-13 01:57:23 - INFO -   964 → 7
2026-05-13 01:57:23 - INFO -   Длина: 3465.29 м
2026-05-13 01:57:23 - INFO - 
Маршрут #943
2026-05-13 01:57:23 - INFO -   965 → 7
2026-05-13 01:57:23 - INFO -   Длина: 3303.82 м
2026-05-13 01:57:23 - INFO - 
Маршрут #944
2026-05-13 01:57:23 - INFO -   966 → 7
2026-05-13 01:57:23 - INFO -   Длина: 3326.95 м
2026-05-13 01:57:23 - INFO - 
Маршрут #945
2026-05-13 01:57:23 - INFO -   967 → 7
2026-05-13 01:57:23 - INFO -   Длина: 3307.60 м
2026-05-13 01:57:23 - INFO - 
Маршрут #946
2026-05-13 01:57:23 - INFO -   968 → 7
2026-05-13 01:57:23 - INFO -   Длина: 3057.40 м
2026-05-13 01:57:23 - INFO - 
Маршрут #947
2026-05-13 01:57:23 - INFO -   969 → 7
2026-05-13 01:57:23 - INFO -   Длина: 3425.83 м
2026-05-13 01:57:23 - INFO - 
Маршрут #948
2026-05-13 01:57:23 - INFO -   970 → 7
2026-05-13 01:57:23 - INFO -   Длина: 3656.36 м
2026-05-13 01:57:23 - INFO - 
Маршрут #949
2026-05-13 01:57:23 - INFO -   971 → 7
2026-05-13 01:57:23 - INFO -   Длина: 3419.81 м
2026-05-13 01:57:23 - INFO - 
Маршрут #950
2026-05-13 01:57:23 - INFO -   972 → 7
2026-05-13 01:57:23 - INFO -   Длина: 3389.16 м
2026-05-13 01:57:23 - INFO - 
Маршрут #951
2026-05-13 01:57:23 - INFO -   973 → 7
2026-05-13 01:57:23 - INFO -   Длина: 3390.76 м
2026-05-13 01:57:23 - INFO - 
Маршрут #952
2026-05-13 01:57:23 - INFO -   974 → 7
2026-05-13 01:57:23 - INFO -   Длина: 2955.19 м
2026-05-13 01:57:23 - INFO - 
Маршрут #953
2026-05-13 01:57:23 - INFO -   975 → 7
2026-05-13 01:57:23 - INFO -   Длина: 2985.12 м
2026-05-13 01:57:23 - INFO - 
Маршрут #954
2026-05-13 01:57:23 - INFO -   976 → 7
2026-05-13 01:57:23 - INFO -   Длина: 2884.97 м
2026-05-13 01:57:23 - INFO - 
Маршрут #955
2026-05-13 01:57:23 - INFO -   977 → 7
2026-05-13 01:57:23 - INFO -   Длина: 2881.00 м
2026-05-13 01:57:23 - INFO - 
Маршрут #956
2026-05-13 01:57:23 - INFO -   978 → 7
2026-05-13 01:57:23 - INFO -   Длина: 3341.85 м
2026-05-13 01:57:23 - INFO - 
Маршрут #957
2026-05-13 01:57:23 - INFO -   979 → 7
2026-05-13 01:57:23 - INFO -   Длина: 2779.75 м
2026-05-13 01:57:23 - INFO - 
Маршрут #958
2026-05-13 01:57:23 - INFO -   980 → 7
2026-05-13 01:57:23 - INFO -   Длина: 2835.28 м
2026-05-13 01:57:23 - INFO - 
Маршрут #959
2026-05-13 01:57:23 - INFO -   981 → 7
2026-05-13 01:57:23 - INFO -   Длина: 3232.77 м
2026-05-13 01:57:23 - INFO - 
Маршрут #960
2026-05-13 01:57:23 - INFO -   982 → 7
2026-05-13 01:57:23 - INFO -   Длина: 2684.33 м
2026-05-13 01:57:23 - INFO - 
Маршрут #961
2026-05-13 01:57:23 - INFO -   983 → 7
2026-05-13 01:57:23 - INFO -   Длина: 3083.32 м
2026-05-13 01:57:23 - INFO - 
Маршрут #962
2026-05-13 01:57:23 - INFO -   984 → 7
2026-05-13 01:57:23 - INFO -   Длина: 2683.20 м
2026-05-13 01:57:23 - INFO - 
Маршрут #963
2026-05-13 01:57:23 - INFO -   985 → 7
2026-05-13 01:57:23 - INFO -   Длина: 2547.35 м
2026-05-13 01:57:23 - INFO - 
Маршрут #964
2026-05-13 01:57:23 - INFO -   986 → 7
2026-05-13 01:57:23 - INFO -   Длина: 2633.49 м
2026-05-13 01:57:23 - INFO - 
Маршрут #965
2026-05-13 01:57:23 - INFO -   987 → 7
2026-05-13 01:57:23 - INFO -   Длина: 2832.66 м
2026-05-13 01:57:23 - INFO - 
Маршрут #966
2026-05-13 01:57:23 - INFO -   988 → 7
2026-05-13 01:57:23 - INFO -   Длина: 2524.38 м
2026-05-13 01:57:23 - INFO - 
Маршрут #967
2026-05-13 01:57:23 - INFO -   989 → 3
2026-05-13 01:57:23 - INFO -   Длина: 2750.33 м
2026-05-13 01:57:23 - INFO - 
Маршрут #968
2026-05-13 01:57:23 - INFO -   990 → 3
2026-05-13 01:57:23 - INFO -   Длина: 3096.46 м
2026-05-13 01:57:23 - INFO - 
Маршрут #969
2026-05-13 01:57:23 - INFO -   991 → 3
2026-05-13 01:57:23 - INFO -   Длина: 2834.33 м
2026-05-13 01:57:23 - INFO - 
Маршрут #970
2026-05-13 01:57:23 - INFO -   992 → 3
2026-05-13 01:57:23 - INFO -   Длина: 2715.96 м
2026-05-13 01:57:23 - INFO - 
Маршрут #971
2026-05-13 01:57:23 - INFO -   993 → 3
2026-05-13 01:57:23 - INFO -   Длина: 3012.91 м
2026-05-13 01:57:23 - INFO - 
Маршрут #972
2026-05-13 01:57:23 - INFO -   994 → 3
2026-05-13 01:57:23 - INFO -   Длина: 2909.61 м
2026-05-13 01:57:23 - INFO - 
Маршрут #973
2026-05-13 01:57:23 - INFO -   995 → 3
2026-05-13 01:57:23 - INFO -   Длина: 2713.69 м
2026-05-13 01:57:23 - INFO - 
Маршрут #974
2026-05-13 01:57:23 - INFO -   996 → 3
2026-05-13 01:57:23 - INFO -   Длина: 3137.96 м
2026-05-13 01:57:23 - INFO - 
Маршрут #975
2026-05-13 01:57:23 - INFO -   997 → 7
2026-05-13 01:57:23 - INFO -   Длина: 3260.80 м
2026-05-13 01:57:23 - INFO - 
Маршрут #976
2026-05-13 01:57:23 - INFO -   998 → 3
2026-05-13 01:57:23 - INFO -   Длина: 2691.16 м
2026-05-13 01:57:23 - INFO - 
Маршрут #977
2026-05-13 01:57:23 - INFO -   999 → 3
2026-05-13 01:57:23 - INFO -   Длина: 3214.91 м
2026-05-13 01:57:23 - INFO - 
Маршрут #978
2026-05-13 01:57:23 - INFO -   1000 → 3
2026-05-13 01:57:23 - INFO -   Длина: 2991.46 м
2026-05-13 01:57:23 - INFO - 
Маршрут #979
2026-05-13 01:57:23 - INFO -   1001 → 7
2026-05-13 01:57:23 - INFO -   Длина: 2428.42 м
2026-05-13 01:57:23 - INFO - 
Маршрут #980
2026-05-13 01:57:23 - INFO -   1002 → 7
2026-05-13 01:57:23 - INFO -   Длина: 2427.71 м
2026-05-13 01:57:23 - INFO - 
Маршрут #981
2026-05-13 01:57:23 - INFO -   1003 → 3
2026-05-13 01:57:23 - INFO -   Длина: 3045.08 м
2026-05-13 01:57:23 - INFO - 
Маршрут #982
2026-05-13 01:57:23 - INFO -   1004 → 7
2026-05-13 01:57:23 - INFO -   Длина: 2267.82 м
2026-05-13 01:57:23 - INFO - 
Маршрут #983
2026-05-13 01:57:23 - INFO -   1005 → 7
2026-05-13 01:57:23 - INFO -   Длина: 2584.96 м
2026-05-13 01:57:23 - INFO - 
Маршрут #984
2026-05-13 01:57:23 - INFO -   1006 → 7
2026-05-13 01:57:23 - INFO -   Длина: 2586.29 м
2026-05-13 01:57:23 - INFO - 
Маршрут #985
2026-05-13 01:57:23 - INFO -   1007 → 3
2026-05-13 01:57:23 - INFO -   Длина: 3187.08 м
2026-05-13 01:57:23 - INFO - 
Маршрут #986
2026-05-13 01:57:23 - INFO -   1008 → 3
2026-05-13 01:57:23 - INFO -   Длина: 3285.33 м
2026-05-13 01:57:23 - INFO - 
Маршрут #987
2026-05-13 01:57:23 - INFO -   1009 → 3
2026-05-13 01:57:23 - INFO -   Длина: 3211.08 м
2026-05-13 01:57:23 - INFO - 
Маршрут #988
2026-05-13 01:57:23 - INFO -   1010 → 3
2026-05-13 01:57:23 - INFO -   Длина: 3021.65 м
2026-05-13 01:57:23 - INFO - 
Маршрут #989
2026-05-13 01:57:23 - INFO -   1011 → 7
2026-05-13 01:57:23 - INFO -   Длина: 3186.47 м
2026-05-13 01:57:23 - INFO - 
Маршрут #990
2026-05-13 01:57:23 - INFO -   1012 → 7
2026-05-13 01:57:23 - INFO -   Длина: 2794.40 м
2026-05-13 01:57:23 - INFO - 
Маршрут #991
2026-05-13 01:57:23 - INFO -   1013 → 7
2026-05-13 01:57:23 - INFO -   Длина: 2685.14 м
2026-05-13 01:57:23 - INFO - 
Маршрут #992
2026-05-13 01:57:23 - INFO -   1014 → 7
2026-05-13 01:57:23 - INFO -   Длина: 2596.20 м
2026-05-13 01:57:23 - INFO - 
Маршрут #993
2026-05-13 01:57:23 - INFO -   1015 → 7
2026-05-13 01:57:23 - INFO -   Длина: 2871.00 м
2026-05-13 01:57:23 - INFO - 
Маршрут #994
2026-05-13 01:57:23 - INFO -   1016 → 7
2026-05-13 01:57:23 - INFO -   Длина: 2633.24 м
2026-05-13 01:57:23 - INFO - 
Маршрут #995
2026-05-13 01:57:23 - INFO -   1017 → 7
2026-05-13 01:57:23 - INFO -   Длина: 2902.22 м
2026-05-13 01:57:23 - INFO - 
Маршрут #996
2026-05-13 01:57:23 - INFO -   1018 → 7
2026-05-13 01:57:23 - INFO -   Длина: 2290.08 м
2026-05-13 01:57:23 - INFO - 
Маршрут #997
2026-05-13 01:57:23 - INFO -   1019 → 7
2026-05-13 01:57:23 - INFO -   Длина: 2753.48 м
2026-05-13 01:57:23 - INFO - 
Маршрут #998
2026-05-13 01:57:23 - INFO -   1020 → 7
2026-05-13 01:57:23 - INFO -   Длина: 1753.54 м
2026-05-13 01:57:23 - INFO - 
Маршрут #999
2026-05-13 01:57:23 - INFO -   1021 → 7
2026-05-13 01:57:23 - INFO -   Длина: 1943.84 м
2026-05-13 01:57:23 - INFO - 
Маршрут #1000
2026-05-13 01:57:23 - INFO -   1022 → 7
2026-05-13 01:57:23 - INFO -   Длина: 1747.51 м
2026-05-13 01:57:23 - INFO - 
Маршрут #1001
2026-05-13 01:57:23 - INFO -   1023 → 7
2026-05-13 01:57:23 - INFO -   Длина: 1726.88 м
2026-05-13 01:57:23 - INFO - 
Маршрут #1002
2026-05-13 01:57:23 - INFO -   1024 → 7
2026-05-13 01:57:23 - INFO -   Длина: 3420.32 м
2026-05-13 01:57:23 - INFO - 
Маршрут #1003
2026-05-13 01:57:23 - INFO -   1025 → 7
2026-05-13 01:57:23 - INFO -   Длина: 3889.80 м
2026-05-13 01:57:23 - INFO - 
Маршрут #1004
2026-05-13 01:57:23 - INFO -   1026 → 7
2026-05-13 01:57:23 - INFO -   Длина: 3400.35 м
2026-05-13 01:57:23 - INFO - 
Маршрут #1005
2026-05-13 01:57:23 - INFO -   1027 → 7
2026-05-13 01:57:23 - INFO -   Длина: 3320.03 м
2026-05-13 01:57:23 - INFO - 
Маршрут #1006
2026-05-13 01:57:23 - INFO -   1028 → 7
2026-05-13 01:57:23 - INFO -   Длина: 3273.21 м
2026-05-13 01:57:23 - INFO - 
Маршрут #1007
2026-05-13 01:57:23 - INFO -   1029 → 7
2026-05-13 01:57:23 - INFO -   Длина: 3371.89 м
2026-05-13 01:57:23 - INFO - 
Маршрут #1008
2026-05-13 01:57:23 - INFO -   1030 → 7
2026-05-13 01:57:23 - INFO -   Длина: 3163.89 м
2026-05-13 01:57:23 - INFO - 
Маршрут #1009
2026-05-13 01:57:23 - INFO -   1031 → 7
2026-05-13 01:57:23 - INFO -   Длина: 3293.23 м
2026-05-13 01:57:23 - INFO - 
Маршрут #1010
2026-05-13 01:57:23 - INFO -   1032 → 7
2026-05-13 01:57:23 - INFO -   Длина: 3169.56 м
2026-05-13 01:57:23 - INFO - 
Маршрут #1011
2026-05-13 01:57:23 - INFO -   1033 → 7
2026-05-13 01:57:23 - INFO -   Длина: 3190.65 м
2026-05-13 01:57:23 - INFO - 
Маршрут #1012
2026-05-13 01:57:23 - INFO -   1034 → 7
2026-05-13 01:57:23 - INFO -   Длина: 3244.36 м
2026-05-13 01:57:23 - INFO - 
Маршрут #1013
2026-05-13 01:57:23 - INFO -   1035 → 7
2026-05-13 01:57:23 - INFO -   Длина: 3250.85 м
2026-05-13 01:57:23 - INFO - 
Маршрут #1014
2026-05-13 01:57:23 - INFO -   1036 → 7
2026-05-13 01:57:23 - INFO -   Длина: 3219.05 м
2026-05-13 01:57:23 - INFO - 
Маршрут #1015
2026-05-13 01:57:23 - INFO -   1037 → 7
2026-05-13 01:57:23 - INFO -   Длина: 3352.87 м
2026-05-13 01:57:23 - INFO - 
Маршрут #1016
2026-05-13 01:57:23 - INFO -   1038 → 7
2026-05-13 01:57:23 - INFO -   Длина: 3142.32 м
2026-05-13 01:57:23 - INFO - 
Маршрут #1017
2026-05-13 01:57:23 - INFO -   1039 → 7
2026-05-13 01:57:23 - INFO -   Длина: 2948.75 м
2026-05-13 01:57:23 - INFO - 
Маршрут #1018
2026-05-13 01:57:23 - INFO -   1040 → 7
2026-05-13 01:57:23 - INFO -   Длина: 3362.71 м
2026-05-13 01:57:23 - INFO - 
Маршрут #1019
2026-05-13 01:57:23 - INFO -   1041 → 7
2026-05-13 01:57:23 - INFO -   Длина: 3133.85 м
2026-05-13 01:57:23 - INFO - 
Маршрут #1020
2026-05-13 01:57:23 - INFO -   1042 → 7
2026-05-13 01:57:23 - INFO -   Длина: 2909.29 м
2026-05-13 01:57:23 - INFO - 
Маршрут #1021
2026-05-13 01:57:23 - INFO -   1043 → 7
2026-05-13 01:57:23 - INFO -   Длина: 3444.14 м
2026-05-13 01:57:23 - INFO - 
Маршрут #1022
2026-05-13 01:57:23 - INFO -   1044 → 7
2026-05-13 01:57:23 - INFO -   Длина: 2892.41 м
2026-05-13 01:57:23 - INFO - 
Маршрут #1023
2026-05-13 01:57:23 - INFO -   1045 → 7
2026-05-13 01:57:23 - INFO -   Длина: 3149.27 м
2026-05-13 01:57:23 - INFO - 
Маршрут #1024
2026-05-13 01:57:23 - INFO -   1046 → 7
2026-05-13 01:57:23 - INFO -   Длина: 3149.27 м
2026-05-13 01:57:23 - INFO - 
Маршрут #1025
2026-05-13 01:57:23 - INFO -   1047 → 7
2026-05-13 01:57:23 - INFO -   Длина: 3149.27 м
2026-05-13 01:57:23 - INFO - 
Маршрут #1026
2026-05-13 01:57:23 - INFO -   1048 → 7
2026-05-13 01:57:23 - INFO -   Длина: 3149.27 м
2026-05-13 01:57:23 - INFO - 
Маршрут #1027
2026-05-13 01:57:23 - INFO -   1049 → 7
2026-05-13 01:57:23 - INFO -   Длина: 2911.44 м
2026-05-13 01:57:23 - INFO - 
Маршрут #1028
2026-05-13 01:57:23 - INFO -   1050 → 7
2026-05-13 01:57:23 - INFO -   Длина: 2822.75 м
2026-05-13 01:57:23 - INFO - 
Маршрут #1029
2026-05-13 01:57:23 - INFO -   1051 → 7
2026-05-13 01:57:23 - INFO -   Длина: 2794.62 м
2026-05-13 01:57:23 - INFO - 
Маршрут #1030
2026-05-13 01:57:23 - INFO -   1052 → 7
2026-05-13 01:57:23 - INFO -   Длина: 3018.37 м
2026-05-13 01:57:23 - INFO - 
Маршрут #1031
2026-05-13 01:57:23 - INFO -   1053 → 7
2026-05-13 01:57:23 - INFO -   Длина: 2849.28 м
2026-05-13 01:57:23 - INFO - 
Маршрут #1032
2026-05-13 01:57:23 - INFO -   1054 → 7
2026-05-13 01:57:23 - INFO -   Длина: 3094.64 м
2026-05-13 01:57:23 - INFO - 
Маршрут #1033
2026-05-13 01:57:23 - INFO -   1055 → 7
2026-05-13 01:57:23 - INFO -   Длина: 2794.94 м
2026-05-13 01:57:23 - INFO - 
Маршрут #1034
2026-05-13 01:57:23 - INFO -   1056 → 7
2026-05-13 01:57:23 - INFO -   Длина: 2825.62 м
2026-05-13 01:57:23 - INFO - 
Маршрут #1035
2026-05-13 01:57:23 - INFO -   1057 → 7
2026-05-13 01:57:23 - INFO -   Длина: 2467.88 м
2026-05-13 01:57:23 - INFO - 
Маршрут #1036
2026-05-13 01:57:23 - INFO -   1058 → 7
2026-05-13 01:57:23 - INFO -   Длина: 2656.41 м
2026-05-13 01:57:23 - INFO - 
Маршрут #1037
2026-05-13 01:57:23 - INFO -   1059 → 7
2026-05-13 01:57:23 - INFO -   Длина: 2641.86 м
2026-05-13 01:57:23 - INFO - 
Маршрут #1038
2026-05-13 01:57:23 - INFO -   1060 → 7
2026-05-13 01:57:23 - INFO -   Длина: 2594.31 м
2026-05-13 01:57:23 - INFO - 
Маршрут #1039
2026-05-13 01:57:23 - INFO -   1061 → 7
2026-05-13 01:57:23 - INFO -   Длина: 2583.64 м
2026-05-13 01:57:23 - INFO - 
Маршрут #1040
2026-05-13 01:57:23 - INFO -   1062 → 7
2026-05-13 01:57:23 - INFO -   Длина: 2341.05 м
2026-05-13 01:57:23 - INFO - 
Маршрут #1041
2026-05-13 01:57:23 - INFO -   1063 → 7
2026-05-13 01:57:23 - INFO -   Длина: 2424.73 м
2026-05-13 01:57:23 - INFO - 
Маршрут #1042
2026-05-13 01:57:23 - INFO -   1064 → 7
2026-05-13 01:57:23 - INFO -   Длина: 4024.28 м
2026-05-13 01:57:23 - INFO - 
Маршрут #1043
2026-05-13 01:57:23 - INFO -   1065 → 7
2026-05-13 01:57:23 - INFO -   Длина: 3496.79 м
2026-05-13 01:57:23 - INFO - 
Маршрут #1044
2026-05-13 01:57:23 - INFO -   1066 → 7
2026-05-13 01:57:23 - INFO -   Длина: 2269.08 м
2026-05-13 01:57:23 - INFO - 
Маршрут #1045
2026-05-13 01:57:23 - INFO -   1067 → 7
2026-05-13 01:57:23 - INFO -   Длина: 2489.44 м
2026-05-13 01:57:23 - INFO - 
Маршрут #1046
2026-05-13 01:57:23 - INFO -   1068 → 7
2026-05-13 01:57:23 - INFO -   Длина: 3750.02 м
2026-05-13 01:57:23 - INFO - 
Маршрут #1047
2026-05-13 01:57:23 - INFO -   1069 → 7
2026-05-13 01:57:23 - INFO -   Длина: 1967.10 м
2026-05-13 01:57:23 - INFO - 
Маршрут #1048
2026-05-13 01:57:23 - INFO -   1070 → 7
2026-05-13 01:57:23 - INFO -   Длина: 2675.74 м
2026-05-13 01:57:23 - INFO - 
Маршрут #1049
2026-05-13 01:57:23 - INFO -   1071 → 7
2026-05-13 01:57:23 - INFO -   Длина: 2453.24 м
2026-05-13 01:57:23 - INFO - 
Маршрут #1050
2026-05-13 01:57:23 - INFO -   1072 → 7
2026-05-13 01:57:23 - INFO -   Длина: 2610.39 м
2026-05-13 01:57:23 - INFO - 
Маршрут #1051
2026-05-13 01:57:23 - INFO -   1073 → 7
2026-05-13 01:57:23 - INFO -   Длина: 2405.61 м
2026-05-13 01:57:23 - INFO - 
Маршрут #1052
2026-05-13 01:57:23 - INFO -   1074 → 7
2026-05-13 01:57:23 - INFO -   Длина: 2423.67 м
2026-05-13 01:57:23 - INFO - 
Маршрут #1053
2026-05-13 01:57:23 - INFO -   1075 → 7
2026-05-13 01:57:23 - INFO -   Длина: 2493.10 м
2026-05-13 01:57:23 - INFO - 
Маршрут #1054
2026-05-13 01:57:23 - INFO -   1076 → 7
2026-05-13 01:57:23 - INFO -   Длина: 2237.66 м
2026-05-13 01:57:23 - INFO - 
Маршрут #1055
2026-05-13 01:57:23 - INFO -   1077 → 7
2026-05-13 01:57:23 - INFO -   Длина: 2367.55 м
2026-05-13 01:57:23 - INFO - 
Маршрут #1056
2026-05-13 01:57:23 - INFO -   1078 → 7
2026-05-13 01:57:23 - INFO -   Длина: 2662.23 м
2026-05-13 01:57:23 - INFO - 
Маршрут #1057
2026-05-13 01:57:23 - INFO -   1079 → 7
2026-05-13 01:57:23 - INFO -   Длина: 2356.81 м
2026-05-13 01:57:23 - INFO - 
Маршрут #1058
2026-05-13 01:57:23 - INFO -   1080 → 7
2026-05-13 01:57:23 - INFO -   Длина: 2393.26 м
2026-05-13 01:57:23 - INFO - 
Маршрут #1059
2026-05-13 01:57:23 - INFO -   1081 → 7
2026-05-13 01:57:23 - INFO -   Длина: 2295.37 м
2026-05-13 01:57:23 - INFO - 
Маршрут #1060
2026-05-13 01:57:23 - INFO -   1082 → 7
2026-05-13 01:57:23 - INFO -   Длина: 2157.03 м
2026-05-13 01:57:23 - INFO - 
Маршрут #1061
2026-05-13 01:57:23 - INFO -   1083 → 7
2026-05-13 01:57:23 - INFO -   Длина: 2193.01 м
2026-05-13 01:57:23 - INFO - 
Маршрут #1062
2026-05-13 01:57:23 - INFO -   1084 → 7
2026-05-13 01:57:23 - INFO -   Длина: 2478.59 м
2026-05-13 01:57:23 - INFO - 
Маршрут #1063
2026-05-13 01:57:23 - INFO -   1085 → 7
2026-05-13 01:57:23 - INFO -   Длина: 2469.61 м
2026-05-13 01:57:23 - INFO - 
Маршрут #1064
2026-05-13 01:57:23 - INFO -   1086 → 7
2026-05-13 01:57:23 - INFO -   Длина: 2206.09 м
2026-05-13 01:57:23 - INFO - 
Маршрут #1065
2026-05-13 01:57:23 - INFO -   1087 → 7
2026-05-13 01:57:23 - INFO -   Длина: 2336.20 м
2026-05-13 01:57:23 - INFO - 
Маршрут #1066
2026-05-13 01:57:23 - INFO -   1088 → 7
2026-05-13 01:57:23 - INFO -   Длина: 2297.71 м
2026-05-13 01:57:23 - INFO - 
Маршрут #1067
2026-05-13 01:57:23 - INFO -   1089 → 7
2026-05-13 01:57:23 - INFO -   Длина: 2360.02 м
2026-05-13 01:57:23 - INFO - 
Маршрут #1068
2026-05-13 01:57:23 - INFO -   1090 → 7
2026-05-13 01:57:23 - INFO -   Длина: 2079.49 м
2026-05-13 01:57:23 - INFO - 
Маршрут #1069
2026-05-13 01:57:23 - INFO -   1091 → 7
2026-05-13 01:57:23 - INFO -   Длина: 2114.96 м
2026-05-13 01:57:23 - INFO - 
Маршрут #1070
2026-05-13 01:57:23 - INFO -   1092 → 7
2026-05-13 01:57:23 - INFO -   Длина: 2090.81 м
2026-05-13 01:57:23 - INFO - 
Маршрут #1071
2026-05-13 01:57:23 - INFO -   1093 → 7
2026-05-13 01:57:23 - INFO -   Длина: 1854.56 м
2026-05-13 01:57:23 - INFO - 
Маршрут #1072
2026-05-13 01:57:23 - INFO -   1094 → 7
2026-05-13 01:57:23 - INFO -   Длина: 1715.97 м
2026-05-13 01:57:23 - INFO - 
Маршрут #1073
2026-05-13 01:57:23 - INFO -   1095 → 7
2026-05-13 01:57:23 - INFO -   Длина: 1843.09 м
2026-05-13 01:57:23 - INFO - 
Маршрут #1074
2026-05-13 01:57:23 - INFO -   1096 → 7
2026-05-13 01:57:23 - INFO -   Длина: 1695.47 м
2026-05-13 01:57:23 - INFO - 
Маршрут #1075
2026-05-13 01:57:23 - INFO -   1097 → 7
2026-05-13 01:57:23 - INFO -   Длина: 1779.26 м
2026-05-13 01:57:23 - INFO - 
Маршрут #1076
2026-05-13 01:57:23 - INFO -   1098 → 7
2026-05-13 01:57:23 - INFO -   Длина: 1710.22 м
2026-05-13 01:57:23 - INFO - 
Маршрут #1077
2026-05-13 01:57:23 - INFO -   1099 → 7
2026-05-13 01:57:23 - INFO -   Длина: 1794.32 м
2026-05-13 01:57:23 - INFO - 
Маршрут #1078
2026-05-13 01:57:23 - INFO -   1100 → 7
2026-05-13 01:57:23 - INFO -   Длина: 1493.46 м
2026-05-13 01:57:23 - INFO - 
Маршрут #1079
2026-05-13 01:57:23 - INFO -   1101 → 7
2026-05-13 01:57:23 - INFO -   Длина: 1703.73 м
2026-05-13 01:57:23 - INFO - 
Маршрут #1080
2026-05-13 01:57:23 - INFO -   1102 → 7
2026-05-13 01:57:23 - INFO -   Длина: 1301.13 м
2026-05-13 01:57:23 - INFO - 
Маршрут #1081
2026-05-13 01:57:23 - INFO -   1103 → 7
2026-05-13 01:57:23 - INFO -   Длина: 1281.31 м
2026-05-13 01:57:23 - INFO - 
Маршрут #1082
2026-05-13 01:57:23 - INFO -   1104 → 7
2026-05-13 01:57:23 - INFO -   Длина: 2280.04 м
2026-05-13 01:57:23 - INFO - 
Маршрут #1083
2026-05-13 01:57:23 - INFO -   1105 → 7
2026-05-13 01:57:23 - INFO -   Длина: 2317.36 м
2026-05-13 01:57:23 - INFO - 
Маршрут #1084
2026-05-13 01:57:23 - INFO -   1106 → 7
2026-05-13 01:57:23 - INFO -   Длина: 2237.62 м
2026-05-13 01:57:23 - INFO - 
Маршрут #1085
2026-05-13 01:57:23 - INFO -   1107 → 7
2026-05-13 01:57:23 - INFO -   Длина: 2210.35 м
2026-05-13 01:57:23 - INFO - 
Маршрут #1086
2026-05-13 01:57:23 - INFO -   1108 → 7
2026-05-13 01:57:23 - INFO -   Длина: 2344.96 м
2026-05-13 01:57:23 - INFO - 
Маршрут #1087
2026-05-13 01:57:23 - INFO -   1109 → 7
2026-05-13 01:57:23 - INFO -   Длина: 2098.83 м
2026-05-13 01:57:23 - INFO - 
Маршрут #1088
2026-05-13 01:57:23 - INFO -   1110 → 7
2026-05-13 01:57:23 - INFO -   Длина: 2310.25 м
2026-05-13 01:57:23 - INFO - 
Маршрут #1089
2026-05-13 01:57:23 - INFO -   1111 → 7
2026-05-13 01:57:23 - INFO -   Длина: 2086.20 м
2026-05-13 01:57:23 - INFO - 
Маршрут #1090
2026-05-13 01:57:23 - INFO -   1112 → 7
2026-05-13 01:57:23 - INFO -   Длина: 2254.01 м
2026-05-13 01:57:23 - INFO - 
Маршрут #1091
2026-05-13 01:57:23 - INFO -   1113 → 7
2026-05-13 01:57:23 - INFO -   Длина: 2177.66 м
2026-05-13 01:57:23 - INFO - 
Маршрут #1092
2026-05-13 01:57:23 - INFO -   1114 → 7
2026-05-13 01:57:23 - INFO -   Длина: 2158.06 м
2026-05-13 01:57:23 - INFO - 
Маршрут #1093
2026-05-13 01:57:23 - INFO -   1115 → 7
2026-05-13 01:57:23 - INFO -   Длина: 2112.41 м
2026-05-13 01:57:23 - INFO - 
Маршрут #1094
2026-05-13 01:57:23 - INFO -   1116 → 7
2026-05-13 01:57:23 - INFO -   Длина: 1963.69 м
2026-05-13 01:57:23 - INFO - 
Маршрут #1095
2026-05-13 01:57:23 - INFO -   1117 → 7
2026-05-13 01:57:23 - INFO -   Длина: 2026.89 м
2026-05-13 01:57:23 - INFO - 
Маршрут #1096
2026-05-13 01:57:23 - INFO -   1118 → 7
2026-05-13 01:57:23 - INFO -   Длина: 1886.49 м
2026-05-13 01:57:23 - INFO - 
Маршрут #1097
2026-05-13 01:57:23 - INFO -   1119 → 7
2026-05-13 01:57:23 - INFO -   Длина: 1995.98 м
2026-05-13 01:57:23 - INFO - 
Маршрут #1098
2026-05-13 01:57:23 - INFO -   1120 → 7
2026-05-13 01:57:23 - INFO -   Длина: 1913.82 м
2026-05-13 01:57:23 - INFO - 
Маршрут #1099
2026-05-13 01:57:23 - INFO -   1121 → 7
2026-05-13 01:57:23 - INFO -   Длина: 1855.56 м
2026-05-13 01:57:23 - INFO - 
Маршрут #1100
2026-05-13 01:57:23 - INFO -   1122 → 7
2026-05-13 01:57:23 - INFO -   Длина: 1773.55 м
2026-05-13 01:57:23 - INFO - 
Маршрут #1101
2026-05-13 01:57:23 - INFO -   1123 → 7
2026-05-13 01:57:23 - INFO -   Длина: 1937.71 м
2026-05-13 01:57:23 - INFO - 
Маршрут #1102
2026-05-13 01:57:23 - INFO -   1124 → 7
2026-05-13 01:57:23 - INFO -   Длина: 1751.76 м
2026-05-13 01:57:23 - INFO - 
Маршрут #1103
2026-05-13 01:57:23 - INFO -   1125 → 7
2026-05-13 01:57:23 - INFO -   Длина: 2020.35 м
2026-05-13 01:57:23 - INFO - 
Маршрут #1104
2026-05-13 01:57:23 - INFO -   1126 → 7
2026-05-13 01:57:23 - INFO -   Длина: 1869.85 м
2026-05-13 01:57:23 - INFO - 
Маршрут #1105
2026-05-13 01:57:23 - INFO -   1127 → 7
2026-05-13 01:57:23 - INFO -   Длина: 1767.29 м
2026-05-13 01:57:23 - INFO - 
Маршрут #1106
2026-05-13 01:57:23 - INFO -   1128 → 7
2026-05-13 01:57:23 - INFO -   Длина: 2033.37 м
2026-05-13 01:57:23 - INFO - 
Маршрут #1107
2026-05-13 01:57:23 - INFO -   1129 → 7
2026-05-13 01:57:23 - INFO -   Длина: 1737.65 м
2026-05-13 01:57:23 - INFO - 
Маршрут #1108
2026-05-13 01:57:23 - INFO -   1130 → 7
2026-05-13 01:57:23 - INFO -   Длина: 1799.09 м
2026-05-13 01:57:23 - INFO - 
Маршрут #1109
2026-05-13 01:57:23 - INFO -   1131 → 7
2026-05-13 01:57:23 - INFO -   Длина: 1992.87 м
2026-05-13 01:57:23 - INFO - 
Маршрут #1110
2026-05-13 01:57:23 - INFO -   1132 → 7
2026-05-13 01:57:23 - INFO -   Длина: 1705.79 м
2026-05-13 01:57:23 - INFO - 
Маршрут #1111
2026-05-13 01:57:23 - INFO -   1133 → 7
2026-05-13 01:57:23 - INFO -   Длина: 2031.52 м
2026-05-13 01:57:23 - INFO - 
Маршрут #1112
2026-05-13 01:57:23 - INFO -   1134 → 7
2026-05-13 01:57:23 - INFO -   Длина: 1961.69 м
2026-05-13 01:57:23 - INFO - 
Маршрут #1113
2026-05-13 01:57:23 - INFO -   1135 → 7
2026-05-13 01:57:23 - INFO -   Длина: 1991.18 м
2026-05-13 01:57:23 - INFO - 
Маршрут #1114
2026-05-13 01:57:23 - INFO -   1136 → 7
2026-05-13 01:57:23 - INFO -   Длина: 1723.55 м
2026-05-13 01:57:23 - INFO - 
Маршрут #1115
2026-05-13 01:57:23 - INFO -   1137 → 7
2026-05-13 01:57:23 - INFO -   Длина: 1922.10 м
2026-05-13 01:57:23 - INFO - 
Маршрут #1116
2026-05-13 01:57:23 - INFO -   1138 → 7
2026-05-13 01:57:23 - INFO -   Длина: 1903.44 м
2026-05-13 01:57:23 - INFO - 
Маршрут #1117
2026-05-13 01:57:23 - INFO -   1139 → 7
2026-05-13 01:57:23 - INFO -   Длина: 1871.13 м
2026-05-13 01:57:23 - INFO - 
Маршрут #1118
2026-05-13 01:57:23 - INFO -   1140 → 7
2026-05-13 01:57:23 - INFO -   Длина: 1892.25 м
2026-05-13 01:57:23 - INFO - 
Маршрут #1119
2026-05-13 01:57:23 - INFO -   1141 → 7
2026-05-13 01:57:23 - INFO -   Длина: 1769.86 м
2026-05-13 01:57:23 - INFO - 
Маршрут #1120
2026-05-13 01:57:23 - INFO -   1142 → 7
2026-05-13 01:57:23 - INFO -   Длина: 1863.01 м
2026-05-13 01:57:23 - INFO - 
Маршрут #1121
2026-05-13 01:57:23 - INFO -   1143 → 7
2026-05-13 01:57:23 - INFO -   Длина: 1846.54 м
2026-05-13 01:57:23 - INFO - 
Маршрут #1122
2026-05-13 01:57:23 - INFO -   1144 → 7
2026-05-13 01:57:23 - INFO -   Длина: 1316.83 м
2026-05-13 01:57:23 - INFO - 
Маршрут #1123
2026-05-13 01:57:23 - INFO -   1145 → 7
2026-05-13 01:57:23 - INFO -   Длина: 1883.16 м
2026-05-13 01:57:23 - INFO - 
Маршрут #1124
2026-05-13 01:57:23 - INFO -   1146 → 7
2026-05-13 01:57:23 - INFO -   Длина: 2364.48 м
2026-05-13 01:57:23 - INFO - 
Маршрут #1125
2026-05-13 01:57:23 - INFO -   1147 → 7
2026-05-13 01:57:23 - INFO -   Длина: 2806.65 м
2026-05-13 01:57:23 - INFO - 
Маршрут #1126
2026-05-13 01:57:23 - INFO -   1148 → 7
2026-05-13 01:57:23 - INFO -   Длина: 2260.56 м
2026-05-13 01:57:23 - INFO - 
Маршрут #1127
2026-05-13 01:57:23 - INFO -   1149 → 7
2026-05-13 01:57:23 - INFO -   Длина: 2406.47 м
2026-05-13 01:57:23 - INFO - 
Маршрут #1128
2026-05-13 01:57:23 - INFO -   1150 → 7
2026-05-13 01:57:23 - INFO -   Длина: 2683.36 м
2026-05-13 01:57:23 - INFO - 
Маршрут #1129
2026-05-13 01:57:23 - INFO -   1151 → 7
2026-05-13 01:57:23 - INFO -   Длина: 2276.66 м
2026-05-13 01:57:23 - INFO - 
Маршрут #1130
2026-05-13 01:57:23 - INFO -   1152 → 7
2026-05-13 01:57:23 - INFO -   Длина: 2392.55 м
2026-05-13 01:57:23 - INFO - 
Маршрут #1131
2026-05-13 01:57:23 - INFO -   1153 → 7
2026-05-13 01:57:23 - INFO -   Длина: 2340.19 м
2026-05-13 01:57:23 - INFO - 
Маршрут #1132
2026-05-13 01:57:23 - INFO -   1154 → 7
2026-05-13 01:57:23 - INFO -   Длина: 2225.89 м
2026-05-13 01:57:23 - INFO - 
Маршрут #1133
2026-05-13 01:57:23 - INFO -   1155 → 7
2026-05-13 01:57:23 - INFO -   Длина: 2300.01 м
2026-05-13 01:57:23 - INFO - 
Маршрут #1134
2026-05-13 01:57:23 - INFO -   1156 → 7
2026-05-13 01:57:23 - INFO -   Длина: 2111.66 м
2026-05-13 01:57:23 - INFO - 
Маршрут #1135
2026-05-13 01:57:23 - INFO -   1157 → 7
2026-05-13 01:57:23 - INFO -   Длина: 2146.33 м
2026-05-13 01:57:23 - INFO - 
Маршрут #1136
2026-05-13 01:57:23 - INFO -   1158 → 7
2026-05-13 01:57:23 - INFO -   Длина: 2357.64 м
2026-05-13 01:57:23 - INFO - 
Маршрут #1137
2026-05-13 01:57:23 - INFO -   1159 → 7
2026-05-13 01:57:23 - INFO -   Длина: 2077.90 м
2026-05-13 01:57:23 - INFO - 
Маршрут #1138
2026-05-13 01:57:23 - INFO -   1160 → 7
2026-05-13 01:57:23 - INFO -   Длина: 2046.38 м
2026-05-13 01:57:23 - INFO - 
Маршрут #1139
2026-05-13 01:57:23 - INFO -   1161 → 7
2026-05-13 01:57:23 - INFO -   Длина: 2126.47 м
2026-05-13 01:57:23 - INFO - 
Маршрут #1140
2026-05-13 01:57:23 - INFO -   1162 → 7
2026-05-13 01:57:23 - INFO -   Длина: 2085.76 м
2026-05-13 01:57:23 - INFO - 
Маршрут #1141
2026-05-13 01:57:23 - INFO -   1164 → 7
2026-05-13 01:57:23 - INFO -   Длина: 1969.18 м
2026-05-13 01:57:23 - INFO - 
Маршрут #1142
2026-05-13 01:57:23 - INFO -   1165 → 7
2026-05-13 01:57:23 - INFO -   Длина: 1935.67 м
2026-05-13 01:57:23 - INFO - 
Маршрут #1143
2026-05-13 01:57:23 - INFO -   1166 → 7
2026-05-13 01:57:23 - INFO -   Длина: 1830.33 м
2026-05-13 01:57:23 - INFO - 
Маршрут #1144
2026-05-13 01:57:23 - INFO -   1167 → 7
2026-05-13 01:57:23 - INFO -   Длина: 2423.76 м
2026-05-13 01:57:23 - INFO - 
Маршрут #1145
2026-05-13 01:57:23 - INFO -   1168 → 7
2026-05-13 01:57:23 - INFO -   Длина: 1827.41 м
2026-05-13 01:57:23 - INFO - 
Маршрут #1146
2026-05-13 01:57:23 - INFO -   1169 → 7
2026-05-13 01:57:23 - INFO -   Длина: 1839.79 м
2026-05-13 01:57:23 - INFO - 
Маршрут #1147
2026-05-13 01:57:23 - INFO -   1170 → 7
2026-05-13 01:57:23 - INFO -   Длина: 2332.08 м
2026-05-13 01:57:23 - INFO - 
Маршрут #1148
2026-05-13 01:57:23 - INFO -   1171 → 7
2026-05-13 01:57:23 - INFO -   Длина: 2270.40 м
2026-05-13 01:57:23 - INFO - 
Маршрут #1149
2026-05-13 01:57:23 - INFO -   1172 → 7
2026-05-13 01:57:23 - INFO -   Длина: 2108.60 м
2026-05-13 01:57:23 - INFO - 
Маршрут #1150
2026-05-13 01:57:23 - INFO -   1173 → 7
2026-05-13 01:57:23 - INFO -   Длина: 2026.22 м
2026-05-13 01:57:23 - INFO - 
Маршрут #1151
2026-05-13 01:57:23 - INFO -   1174 → 7
2026-05-13 01:57:23 - INFO -   Длина: 1120.63 м
2026-05-13 01:57:23 - INFO - 
Маршрут #1152
2026-05-13 01:57:23 - INFO -   1175 → 7
2026-05-13 01:57:23 - INFO -   Длина: 1615.94 м
2026-05-13 01:57:23 - INFO - 
Маршрут #1153
2026-05-13 01:57:23 - INFO -   1176 → 7
2026-05-13 01:57:23 - INFO -   Длина: 1230.84 м
2026-05-13 01:57:23 - INFO - 
Маршрут #1154
2026-05-13 01:57:23 - INFO -   1177 → 7
2026-05-13 01:57:23 - INFO -   Длина: 1048.58 м
2026-05-13 01:57:23 - INFO - 
Маршрут #1155
2026-05-13 01:57:23 - INFO -   1178 → 7
2026-05-13 01:57:23 - INFO -   Длина: 1682.75 м
2026-05-13 01:57:23 - INFO - 
Маршрут #1156
2026-05-13 01:57:23 - INFO -   1179 → 7
2026-05-13 01:57:23 - INFO -   Длина: 1110.84 м
2026-05-13 01:57:23 - INFO - 
Маршрут #1157
2026-05-13 01:57:23 - INFO -   1180 → 7
2026-05-13 01:57:23 - INFO -   Длина: 1282.23 м
2026-05-13 01:57:23 - INFO - 
Маршрут #1158
2026-05-13 01:57:23 - INFO -   1181 → 7
2026-05-13 01:57:23 - INFO -   Длина: 1282.23 м
2026-05-13 01:57:23 - INFO - 
Маршрут #1159
2026-05-13 01:57:23 - INFO -   1182 → 7
2026-05-13 01:57:23 - INFO -   Длина: 1170.73 м
2026-05-13 01:57:23 - INFO - 
Маршрут #1160
2026-05-13 01:57:23 - INFO -   1183 → 7
2026-05-13 01:57:23 - INFO -   Длина: 820.17 м
2026-05-13 01:57:23 - INFO - 
Маршрут #1161
2026-05-13 01:57:23 - INFO -   1184 → 7
2026-05-13 01:57:23 - INFO -   Длина: 819.03 м
2026-05-13 01:57:23 - INFO - 
Маршрут #1162
2026-05-13 01:57:23 - INFO -   1185 → 7
2026-05-13 01:57:23 - INFO -   Длина: 726.54 м
2026-05-13 01:57:23 - INFO - 
Маршрут #1163
2026-05-13 01:57:23 - INFO -   1186 → 7
2026-05-13 01:57:23 - INFO -   Длина: 579.30 м
2026-05-13 01:57:23 - INFO - 
Маршрут #1164
2026-05-13 01:57:23 - INFO -   1187 → 7
2026-05-13 01:57:23 - INFO -   Длина: 1504.42 м
2026-05-13 01:57:23 - INFO - 
Маршрут #1165
2026-05-13 01:57:23 - INFO -   1188 → 7
2026-05-13 01:57:23 - INFO -   Длина: 422.67 м
2026-05-13 01:57:23 - INFO - 
Маршрут #1166
2026-05-13 01:57:23 - INFO -   1189 → 7
2026-05-13 01:57:23 - INFO -   Длина: 1564.57 м
2026-05-13 01:57:23 - INFO - 
Маршрут #1167
2026-05-13 01:57:23 - INFO -   1190 → 7
2026-05-13 01:57:23 - INFO -   Длина: 1641.84 м
2026-05-13 01:57:23 - INFO - 
Маршрут #1168
2026-05-13 01:57:23 - INFO -   1191 → 7
2026-05-13 01:57:23 - INFO -   Длина: 1673.14 м
2026-05-13 01:57:23 - INFO - 
Маршрут #1169
2026-05-13 01:57:23 - INFO -   1192 → 7
2026-05-13 01:57:23 - INFO -   Длина: 1236.46 м
2026-05-13 01:57:23 - INFO - 
Маршрут #1170
2026-05-13 01:57:23 - INFO -   1193 → 7
2026-05-13 01:57:23 - INFO -   Длина: 1292.26 м
2026-05-13 01:57:23 - INFO - 
Маршрут #1171
2026-05-13 01:57:23 - INFO -   1194 → 7
2026-05-13 01:57:23 - INFO -   Длина: 1367.15 м
2026-05-13 01:57:23 - INFO - 
Маршрут #1172
2026-05-13 01:57:23 - INFO -   1195 → 7
2026-05-13 01:57:23 - INFO -   Длина: 1564.93 м
2026-05-13 01:57:23 - INFO - 
Маршрут #1173
2026-05-13 01:57:23 - INFO -   1196 → 7
2026-05-13 01:57:23 - INFO -   Длина: 1215.62 м
2026-05-13 01:57:23 - INFO - 
Маршрут #1174
2026-05-13 01:57:23 - INFO -   1197 → 7
2026-05-13 01:57:23 - INFO -   Длина: 1447.66 м
2026-05-13 01:57:23 - INFO - 
Маршрут #1175
2026-05-13 01:57:23 - INFO -   1198 → 7
2026-05-13 01:57:23 - INFO -   Длина: 4601.54 м
2026-05-13 01:57:23 - INFO - 
Маршрут #1176
2026-05-13 01:57:23 - INFO -   1199 → 7
2026-05-13 01:57:23 - INFO -   Длина: 4477.25 м
2026-05-13 01:57:23 - INFO - 
Маршрут #1177
2026-05-13 01:57:23 - INFO -   1200 → 7
2026-05-13 01:57:23 - INFO -   Длина: 4439.50 м
2026-05-13 01:57:23 - INFO - 
Маршрут #1178
2026-05-13 01:57:23 - INFO -   1201 → 7
2026-05-13 01:57:23 - INFO -   Длина: 4259.71 м
2026-05-13 01:57:23 - INFO - 
Маршрут #1179
2026-05-13 01:57:23 - INFO -   1202 → 7
2026-05-13 01:57:23 - INFO -   Длина: 4485.39 м
2026-05-13 01:57:23 - INFO - 
Маршрут #1180
2026-05-13 01:57:23 - INFO -   1203 → 7
2026-05-13 01:57:23 - INFO -   Длина: 4206.13 м
2026-05-13 01:57:23 - INFO - 
Маршрут #1181
2026-05-13 01:57:23 - INFO -   1204 → 7
2026-05-13 01:57:23 - INFO -   Длина: 2750.90 м
2026-05-13 01:57:23 - INFO - 
Маршрут #1182
2026-05-13 01:57:23 - INFO -   1205 → 7
2026-05-13 01:57:23 - INFO -   Длина: 2660.47 м
2026-05-13 01:57:23 - INFO - 
Маршрут #1183
2026-05-13 01:57:23 - INFO -   1206 → 7
2026-05-13 01:57:23 - INFO -   Длина: 2627.93 м
2026-05-13 01:57:23 - INFO - 
Маршрут #1184
2026-05-13 01:57:23 - INFO -   1207 → 7
2026-05-13 01:57:23 - INFO -   Длина: 2734.58 м
2026-05-13 01:57:23 - INFO - 
Маршрут #1185
2026-05-13 01:57:23 - INFO -   1208 → 7
2026-05-13 01:57:23 - INFO -   Длина: 2615.65 м
2026-05-13 01:57:23 - INFO - 
Маршрут #1186
2026-05-13 01:57:23 - INFO -   1209 → 7
2026-05-13 01:57:23 - INFO -   Длина: 2662.76 м
2026-05-13 01:57:23 - INFO - 
Маршрут #1187
2026-05-13 01:57:23 - INFO -   1210 → 7
2026-05-13 01:57:23 - INFO -   Длина: 4202.94 м
2026-05-13 01:57:23 - INFO - 
Маршрут #1188
2026-05-13 01:57:23 - INFO -   1211 → 7
2026-05-13 01:57:23 - INFO -   Длина: 1800.15 м
2026-05-13 01:57:23 - INFO - 
Маршрут #1189
2026-05-13 01:57:23 - INFO -   1212 → 7
2026-05-13 01:57:23 - INFO -   Длина: 1840.09 м
2026-05-13 01:57:23 - INFO - 
Маршрут #1190
2026-05-13 01:57:23 - INFO -   1213 → 7
2026-05-13 01:57:23 - INFO -   Длина: 457.37 м
2026-05-13 01:57:23 - INFO - 
Маршрут #1191
2026-05-13 01:57:23 - INFO -   1214 → 7
2026-05-13 01:57:23 - INFO -   Длина: 1509.68 м
2026-05-13 01:57:23 - INFO - 
Маршрут #1192
2026-05-13 01:57:23 - INFO -   1215 → 7
2026-05-13 01:57:23 - INFO -   Длина: 1264.85 м
2026-05-13 01:57:23 - INFO - 
Маршрут #1193
2026-05-13 01:57:23 - INFO -   1216 → 7
2026-05-13 01:57:23 - INFO -   Длина: 1451.41 м
2026-05-13 01:57:23 - INFO - 
Маршрут #1194
2026-05-13 01:57:23 - INFO -   1217 → 7
2026-05-13 01:57:23 - INFO -   Длина: 1451.87 м
2026-05-13 01:57:23 - INFO - 
Маршрут #1195
2026-05-13 01:57:23 - INFO -   1218 → 7
2026-05-13 01:57:23 - INFO -   Длина: 1349.76 м
2026-05-13 01:57:23 - INFO - 
Маршрут #1196
2026-05-13 01:57:23 - INFO -   1219 → 7
2026-05-13 01:57:23 - INFO -   Длина: 4248.39 м
2026-05-13 01:57:23 - INFO - 
Маршрут #1197
2026-05-13 01:57:23 - INFO -   1220 → 7
2026-05-13 01:57:23 - INFO -   Длина: 4361.16 м
2026-05-13 01:57:23 - INFO - 
Маршрут #1198
2026-05-13 01:57:23 - INFO -   1221 → 7
2026-05-13 01:57:23 - INFO -   Длина: 4161.11 м
2026-05-13 01:57:23 - INFO - 
Маршрут #1199
2026-05-13 01:57:23 - INFO -   1222 → 7
2026-05-13 01:57:23 - INFO -   Длина: 4256.13 м
2026-05-13 01:57:23 - INFO - 
Маршрут #1200
2026-05-13 01:57:23 - INFO -   1223 → 7
2026-05-13 01:57:23 - INFO -   Длина: 4183.81 м
2026-05-13 01:57:23 - INFO - 
Маршрут #1201
2026-05-13 01:57:23 - INFO -   1224 → 7
2026-05-13 01:57:23 - INFO -   Длина: 4119.29 м
2026-05-13 01:57:23 - INFO - 
Маршрут #1202
2026-05-13 01:57:23 - INFO -   1225 → 7
2026-05-13 01:57:23 - INFO -   Длина: 4077.87 м
2026-05-13 01:57:23 - INFO - 
Маршрут #1203
2026-05-13 01:57:23 - INFO -   1226 → 7
2026-05-13 01:57:23 - INFO -   Длина: 4368.56 м
2026-05-13 01:57:23 - INFO - 
Маршрут #1204
2026-05-13 01:57:23 - INFO -   1227 → 7
2026-05-13 01:57:23 - INFO -   Длина: 4143.75 м
2026-05-13 01:57:23 - INFO - 
Маршрут #1205
2026-05-13 01:57:23 - INFO -   1228 → 7
2026-05-13 01:57:23 - INFO -   Длина: 3228.57 м
2026-05-13 01:57:23 - INFO - 
Маршрут #1206
2026-05-13 01:57:23 - INFO -   1229 → 7
2026-05-13 01:57:23 - INFO -   Длина: 3273.78 м
2026-05-13 01:57:23 - INFO - 
Маршрут #1207
2026-05-13 01:57:23 - INFO -   1230 → 7
2026-05-13 01:57:23 - INFO -   Длина: 4331.17 м
2026-05-13 01:57:23 - INFO - 
Маршрут #1208
2026-05-13 01:57:23 - INFO -   1231 → 7
2026-05-13 01:57:23 - INFO -   Длина: 3984.03 м
2026-05-13 01:57:23 - INFO - 
Маршрут #1209
2026-05-13 01:57:23 - INFO -   1232 → 7
2026-05-13 01:57:23 - INFO -   Длина: 3054.47 м
2026-05-13 01:57:23 - INFO - 
Маршрут #1210
2026-05-13 01:57:23 - INFO -   1233 → 7
2026-05-13 01:57:23 - INFO -   Длина: 3471.65 м
2026-05-13 01:57:23 - INFO - 
Маршрут #1211
2026-05-13 01:57:23 - INFO -   1234 → 7
2026-05-13 01:57:23 - INFO -   Длина: 3432.86 м
2026-05-13 01:57:23 - INFO - 
Маршрут #1212
2026-05-13 01:57:23 - INFO -   1235 → 7
2026-05-13 01:57:23 - INFO -   Длина: 4278.44 м
2026-05-13 01:57:23 - INFO - 
Маршрут #1213
2026-05-13 01:57:23 - INFO -   1236 → 7
2026-05-13 01:57:23 - INFO -   Длина: 3014.17 м
2026-05-13 01:57:23 - INFO - 
Маршрут #1214
2026-05-13 01:57:23 - INFO -   1237 → 7
2026-05-13 01:57:23 - INFO -   Длина: 2709.60 м
2026-05-13 01:57:23 - INFO - 
Маршрут #1215
2026-05-13 01:57:23 - INFO -   1238 → 7
2026-05-13 01:57:23 - INFO -   Длина: 3703.37 м
2026-05-13 01:57:23 - INFO - 
Маршрут #1216
2026-05-13 01:57:23 - INFO -   1239 → 7
2026-05-13 01:57:23 - INFO -   Длина: 2711.23 м
2026-05-13 01:57:23 - INFO - 
Маршрут #1217
2026-05-13 01:57:23 - INFO -   1240 → 7
2026-05-13 01:57:23 - INFO -   Длина: 3807.77 м
2026-05-13 01:57:23 - INFO - 
Маршрут #1218
2026-05-13 01:57:23 - INFO -   1241 → 7
2026-05-13 01:57:23 - INFO -   Длина: 2517.44 м
2026-05-13 01:57:23 - INFO - 
Маршрут #1219
2026-05-13 01:57:23 - INFO -   1242 → 7
2026-05-13 01:57:23 - INFO -   Длина: 2885.07 м
2026-05-13 01:57:23 - INFO - 
Маршрут #1220
2026-05-13 01:57:23 - INFO -   1243 → 7
2026-05-13 01:57:23 - INFO -   Длина: 2413.10 м
2026-05-13 01:57:23 - INFO - 
Маршрут #1221
2026-05-13 01:57:23 - INFO -   1244 → 7
2026-05-13 01:57:23 - INFO -   Длина: 2266.89 м
2026-05-13 01:57:23 - INFO - 
Маршрут #1222
2026-05-13 01:57:23 - INFO -   1245 → 7
2026-05-13 01:57:23 - INFO -   Длина: 2932.30 м
2026-05-13 01:57:23 - INFO - 
Маршрут #1223
2026-05-13 01:57:23 - INFO -   1246 → 7
2026-05-13 01:57:23 - INFO -   Длина: 2667.35 м
2026-05-13 01:57:23 - INFO - 
Маршрут #1224
2026-05-13 01:57:23 - INFO -   1247 → 7
2026-05-13 01:57:23 - INFO -   Длина: 2831.92 м
2026-05-13 01:57:23 - INFO - 
Маршрут #1225
2026-05-13 01:57:23 - INFO -   1248 → 7
2026-05-13 01:57:23 - INFO -   Длина: 2503.40 м
2026-05-13 01:57:23 - INFO - 
Маршрут #1226
2026-05-13 01:57:23 - INFO -   1249 → 7
2026-05-13 01:57:23 - INFO -   Длина: 2746.49 м
2026-05-13 01:57:23 - INFO - 
Маршрут #1227
2026-05-13 01:57:23 - INFO -   1250 → 7
2026-05-13 01:57:23 - INFO -   Длина: 2846.85 м
2026-05-13 01:57:23 - INFO - 
Маршрут #1228
2026-05-13 01:57:23 - INFO -   1251 → 7
2026-05-13 01:57:23 - INFO -   Длина: 2002.90 м
2026-05-13 01:57:23 - INFO - 
Маршрут #1229
2026-05-13 01:57:23 - INFO -   1252 → 7
2026-05-13 01:57:23 - INFO -   Длина: 2535.17 м
2026-05-13 01:57:23 - INFO - 
Маршрут #1230
2026-05-13 01:57:23 - INFO -   1253 → 7
2026-05-13 01:57:23 - INFO -   Длина: 2525.91 м
2026-05-13 01:57:23 - INFO - 
Маршрут #1231
2026-05-13 01:57:23 - INFO -   1254 → 7
2026-05-13 01:57:23 - INFO -   Длина: 2184.92 м
2026-05-13 01:57:23 - INFO - 
Маршрут #1232
2026-05-13 01:57:23 - INFO -   1255 → 7
2026-05-13 01:57:23 - INFO -   Длина: 2667.09 м
2026-05-13 01:57:23 - INFO - 
Маршрут #1233
2026-05-13 01:57:23 - INFO -   1256 → 7
2026-05-13 01:57:23 - INFO -   Длина: 1902.11 м
2026-05-13 01:57:23 - INFO - 
Маршрут #1234
2026-05-13 01:57:23 - INFO -   1257 → 7
2026-05-13 01:57:23 - INFO -   Длина: 3016.59 м
2026-05-13 01:57:23 - INFO - 
Маршрут #1235
2026-05-13 01:57:23 - INFO -   1258 → 7
2026-05-13 01:57:23 - INFO -   Длина: 1919.21 м
2026-05-13 01:57:23 - INFO - 
Маршрут #1236
2026-05-13 01:57:23 - INFO -   1259 → 7
2026-05-13 01:57:23 - INFO -   Длина: 1931.20 м
2026-05-13 01:57:23 - INFO - 
Маршрут #1237
2026-05-13 01:57:23 - INFO -   1260 → 7
2026-05-13 01:57:23 - INFO -   Длина: 2743.45 м
2026-05-13 01:57:23 - INFO - 
Маршрут #1238
2026-05-13 01:57:23 - INFO -   1261 → 7
2026-05-13 01:57:23 - INFO -   Длина: 1785.42 м
2026-05-13 01:57:23 - INFO - 
Маршрут #1239
2026-05-13 01:57:23 - INFO -   1262 → 7
2026-05-13 01:57:23 - INFO -   Длина: 1926.63 м
2026-05-13 01:57:23 - INFO - 
Маршрут #1240
2026-05-13 01:57:23 - INFO -   1263 → 7
2026-05-13 01:57:23 - INFO -   Длина: 1696.47 м
2026-05-13 01:57:23 - INFO - 
Маршрут #1241
2026-05-13 01:57:23 - INFO -   1264 → 7
2026-05-13 01:57:23 - INFO -   Длина: 1797.70 м
2026-05-13 01:57:23 - INFO - 
Маршрут #1242
2026-05-13 01:57:23 - INFO -   1265 → 7
2026-05-13 01:57:23 - INFO -   Длина: 1671.05 м
2026-05-13 01:57:23 - INFO - 
Маршрут #1243
2026-05-13 01:57:23 - INFO -   1266 → 7
2026-05-13 01:57:23 - INFO -   Длина: 3054.75 м
2026-05-13 01:57:23 - INFO - 
Маршрут #1244
2026-05-13 01:57:23 - INFO -   1267 → 7
2026-05-13 01:57:23 - INFO -   Длина: 3319.38 м
2026-05-13 01:57:23 - INFO - 
Маршрут #1245
2026-05-13 01:57:23 - INFO -   1268 → 7
2026-05-13 01:57:23 - INFO -   Длина: 3362.29 м
2026-05-13 01:57:23 - INFO - 
Маршрут #1246
2026-05-13 01:57:23 - INFO -   1269 → 7
2026-05-13 01:57:23 - INFO -   Длина: 4072.00 м
2026-05-13 01:57:23 - INFO - 
Маршрут #1247
2026-05-13 01:57:23 - INFO -   1270 → 7
2026-05-13 01:57:23 - INFO -   Длина: 3549.63 м
2026-05-13 01:57:23 - INFO - 
Маршрут #1248
2026-05-13 01:57:23 - INFO -   1271 → 7
2026-05-13 01:57:23 - INFO -   Длина: 3542.65 м
2026-05-13 01:57:23 - INFO - 
Маршрут #1249
2026-05-13 01:57:23 - INFO -   1272 → 7
2026-05-13 01:57:23 - INFO -   Длина: 3402.70 м
2026-05-13 01:57:23 - INFO - 
Маршрут #1250
2026-05-13 01:57:23 - INFO -   1273 → 7
2026-05-13 01:57:23 - INFO -   Длина: 1364.89 м
2026-05-13 01:57:23 - INFO - 
Маршрут #1251
2026-05-13 01:57:23 - INFO -   1274 → 7
2026-05-13 01:57:23 - INFO -   Длина: 1264.36 м
2026-05-13 01:57:23 - INFO - 
Маршрут #1252
2026-05-13 01:57:23 - INFO -   1275 → 7
2026-05-13 01:57:23 - INFO -   Длина: 3446.37 м
2026-05-13 01:57:23 - INFO - 
Маршрут #1253
2026-05-13 01:57:23 - INFO -   1276 → 7
2026-05-13 01:57:23 - INFO -   Длина: 1280.94 м
2026-05-13 01:57:23 - INFO - 
Маршрут #1254
2026-05-13 01:57:23 - INFO -   1277 → 7
2026-05-13 01:57:23 - INFO -   Длина: 1366.50 м
2026-05-13 01:57:23 - INFO - 
Маршрут #1255
2026-05-13 01:57:23 - INFO -   1278 → 7
2026-05-13 01:57:23 - INFO -   Длина: 1334.76 м
2026-05-13 01:57:23 - INFO - 
Маршрут #1256
2026-05-13 01:57:23 - INFO -   1279 → 7
2026-05-13 01:57:23 - INFO -   Длина: 1060.16 м
2026-05-13 01:57:23 - INFO - 
Маршрут #1257
2026-05-13 01:57:23 - INFO -   1280 → 7
2026-05-13 01:57:23 - INFO -   Длина: 1397.36 м
2026-05-13 01:57:23 - INFO - 
Маршрут #1258
2026-05-13 01:57:23 - INFO -   1281 → 7
2026-05-13 01:57:23 - INFO -   Длина: 1425.26 м
2026-05-13 01:57:23 - INFO - 
Маршрут #1259
2026-05-13 01:57:23 - INFO -   1282 → 7
2026-05-13 01:57:23 - INFO -   Длина: 996.87 м
2026-05-13 01:57:23 - INFO - 
Маршрут #1260
2026-05-13 01:57:23 - INFO -   1283 → 7
2026-05-13 01:57:23 - INFO -   Длина: 1321.85 м
2026-05-13 01:57:23 - INFO - 
Маршрут #1261
2026-05-13 01:57:23 - INFO -   1284 → 7
2026-05-13 01:57:23 - INFO -   Длина: 1212.26 м
2026-05-13 01:57:23 - INFO - 
Маршрут #1262
2026-05-13 01:57:23 - INFO -   1285 → 7
2026-05-13 01:57:23 - INFO -   Длина: 866.75 м
2026-05-13 01:57:23 - INFO - 
Маршрут #1263
2026-05-13 01:57:23 - INFO -   1286 → 7
2026-05-13 01:57:23 - INFO -   Длина: 1226.33 м
2026-05-13 01:57:23 - INFO - 
Маршрут #1264
2026-05-13 01:57:23 - INFO -   1287 → 7
2026-05-13 01:57:23 - INFO -   Длина: 985.68 м
2026-05-13 01:57:23 - INFO - 
Маршрут #1265
2026-05-13 01:57:23 - INFO -   1288 → 7
2026-05-13 01:57:23 - INFO -   Длина: 781.33 м
2026-05-13 01:57:23 - INFO - 
Маршрут #1266
2026-05-13 01:57:23 - INFO -   1289 → 7
2026-05-13 01:57:23 - INFO -   Длина: 1330.27 м
2026-05-13 01:57:23 - INFO - 
Маршрут #1267
2026-05-13 01:57:23 - INFO -   1290 → 7
2026-05-13 01:57:23 - INFO -   Длина: 963.34 м
2026-05-13 01:57:23 - INFO - 
Маршрут #1268
2026-05-13 01:57:23 - INFO -   1291 → 7
2026-05-13 01:57:23 - INFO -   Длина: 1321.35 м
2026-05-13 01:57:23 - INFO - 
Маршрут #1269
2026-05-13 01:57:23 - INFO -   1292 → 7
2026-05-13 01:57:23 - INFO -   Длина: 1219.39 м
2026-05-13 01:57:23 - INFO - 
Маршрут #1270
2026-05-13 01:57:23 - INFO -   1293 → 7
2026-05-13 01:57:23 - INFO -   Длина: 1291.00 м
2026-05-13 01:57:23 - INFO - 
Маршрут #1271
2026-05-13 01:57:23 - INFO -   1294 → 7
2026-05-13 01:57:23 - INFO -   Длина: 847.39 м
2026-05-13 01:57:23 - INFO - 
Маршрут #1272
2026-05-13 01:57:23 - INFO -   1295 → 7
2026-05-13 01:57:23 - INFO -   Длина: 840.09 м
2026-05-13 01:57:23 - INFO - 
Маршрут #1273
2026-05-13 01:57:23 - INFO -   1296 → 7
2026-05-13 01:57:23 - INFO -   Длина: 640.74 м
2026-05-13 01:57:23 - INFO - 
Маршрут #1274
2026-05-13 01:57:23 - INFO -   1297 → 7
2026-05-13 01:57:23 - INFO -   Длина: 778.94 м
2026-05-13 01:57:23 - INFO - 
Маршрут #1275
2026-05-13 01:57:23 - INFO -   1298 → 7
2026-05-13 01:57:23 - INFO -   Длина: 798.42 м
2026-05-13 01:57:23 - INFO - 
Маршрут #1276
2026-05-13 01:57:23 - INFO -   1299 → 7
2026-05-13 01:57:23 - INFO -   Длина: 940.50 м
2026-05-13 01:57:23 - INFO - 
Маршрут #1277
2026-05-13 01:57:23 - INFO -   1300 → 7
2026-05-13 01:57:23 - INFO -   Длина: 1013.85 м
2026-05-13 01:57:23 - INFO - 
Маршрут #1278
2026-05-13 01:57:23 - INFO -   1301 → 7
2026-05-13 01:57:23 - INFO -   Длина: 989.05 м
2026-05-13 01:57:23 - INFO - 
Маршрут #1279
2026-05-13 01:57:23 - INFO -   1302 → 7
2026-05-13 01:57:23 - INFO -   Длина: 1126.67 м
2026-05-13 01:57:23 - INFO - 
Маршрут #1280
2026-05-13 01:57:23 - INFO -   1303 → 7
2026-05-13 01:57:23 - INFO -   Длина: 1132.36 м
2026-05-13 01:57:23 - INFO - 
Маршрут #1281
2026-05-13 01:57:23 - INFO -   1304 → 7
2026-05-13 01:57:23 - INFO -   Длина: 1722.24 м
2026-05-13 01:57:23 - INFO - 
Маршрут #1282
2026-05-13 01:57:23 - INFO -   1305 → 7
2026-05-13 01:57:23 - INFO -   Длина: 1588.06 м
2026-05-13 01:57:23 - INFO - 
Маршрут #1283
2026-05-13 01:57:23 - INFO -   1306 → 7
2026-05-13 01:57:23 - INFO -   Длина: 3094.86 м
2026-05-13 01:57:23 - INFO - 
Маршрут #1284
2026-05-13 01:57:23 - INFO -   1307 → 7
2026-05-13 01:57:23 - INFO -   Длина: 1567.86 м
2026-05-13 01:57:23 - INFO - 
Маршрут #1285
2026-05-13 01:57:23 - INFO -   1308 → 7
2026-05-13 01:57:23 - INFO -   Длина: 3063.90 м
2026-05-13 01:57:23 - INFO - 
Маршрут #1286
2026-05-13 01:57:23 - INFO -   1309 → 7
2026-05-13 01:57:23 - INFO -   Длина: 1607.16 м
2026-05-13 01:57:23 - INFO - 
Маршрут #1287
2026-05-13 01:57:23 - INFO -   1310 → 7
2026-05-13 01:57:23 - INFO -   Длина: 1682.78 м
2026-05-13 01:57:23 - INFO - 
Маршрут #1288
2026-05-13 01:57:23 - INFO -   1311 → 7
2026-05-13 01:57:23 - INFO -   Длина: 1489.02 м
2026-05-13 01:57:23 - INFO - 
Маршрут #1289
2026-05-13 01:57:23 - INFO -   1312 → 7
2026-05-13 01:57:23 - INFO -   Длина: 1517.72 м
2026-05-13 01:57:23 - INFO - 
Маршрут #1290
2026-05-13 01:57:23 - INFO -   1313 → 7
2026-05-13 01:57:23 - INFO -   Длина: 1448.82 м
2026-05-13 01:57:23 - INFO - 
Маршрут #1291
2026-05-13 01:57:23 - INFO -   1314 → 7
2026-05-13 01:57:23 - INFO -   Длина: 3272.93 м
2026-05-13 01:57:23 - INFO - 
Маршрут #1292
2026-05-13 01:57:23 - INFO -   1315 → 7
2026-05-13 01:57:23 - INFO -   Длина: 3291.13 м
2026-05-13 01:57:23 - INFO - 
Маршрут #1293
2026-05-13 01:57:23 - INFO -   1316 → 7
2026-05-13 01:57:23 - INFO -   Длина: 1453.50 м
2026-05-13 01:57:23 - INFO - 
Маршрут #1294
2026-05-13 01:57:23 - INFO -   1317 → 7
2026-05-13 01:57:23 - INFO -   Длина: 1405.08 м
2026-05-13 01:57:23 - INFO - 
Маршрут #1295
2026-05-13 01:57:23 - INFO -   1318 → 7
2026-05-13 01:57:23 - INFO -   Длина: 1290.80 м
2026-05-13 01:57:23 - INFO - 
Маршрут #1296
2026-05-13 01:57:23 - INFO -   1319 → 7
2026-05-13 01:57:23 - INFO -   Длина: 1327.40 м
2026-05-13 01:57:23 - INFO - 
Маршрут #1297
2026-05-13 01:57:23 - INFO -   1320 → 7
2026-05-13 01:57:23 - INFO -   Длина: 1250.80 м
2026-05-13 01:57:23 - INFO - 
Маршрут #1298
2026-05-13 01:57:23 - INFO -   1321 → 7
2026-05-13 01:57:23 - INFO -   Длина: 1326.50 м
2026-05-13 01:57:23 - INFO - 
Маршрут #1299
2026-05-13 01:57:23 - INFO -   1322 → 7
2026-05-13 01:57:23 - INFO -   Длина: 1253.83 м
2026-05-13 01:57:23 - INFO - 
Маршрут #1300
2026-05-13 01:57:23 - INFO -   1323 → 7
2026-05-13 01:57:23 - INFO -   Длина: 1242.67 м
2026-05-13 01:57:23 - INFO - 
Маршрут #1301
2026-05-13 01:57:23 - INFO -   1324 → 7
2026-05-13 01:57:23 - INFO -   Длина: 1141.67 м
2026-05-13 01:57:23 - INFO - 
Маршрут #1302
2026-05-13 01:57:23 - INFO -   1325 → 7
2026-05-13 01:57:23 - INFO -   Длина: 992.36 м
2026-05-13 01:57:23 - INFO - 
Маршрут #1303
2026-05-13 01:57:23 - INFO -   1326 → 7
2026-05-13 01:57:23 - INFO -   Длина: 996.81 м
2026-05-13 01:57:23 - INFO - 
Маршрут #1304
2026-05-13 01:57:23 - INFO -   1327 → 7
2026-05-13 01:57:23 - INFO -   Длина: 1064.64 м
2026-05-13 01:57:23 - INFO - 
Маршрут #1305
2026-05-13 01:57:23 - INFO -   1328 → 8
2026-05-13 01:57:23 - INFO -   Длина: 1458.63 м
2026-05-13 01:57:23 - INFO - 
Маршрут #1306
2026-05-13 01:57:23 - INFO -   1329 → 8
2026-05-13 01:57:23 - INFO -   Длина: 1495.46 м
2026-05-13 01:57:23 - INFO - 
Маршрут #1307
2026-05-13 01:57:23 - INFO -   1330 → 7
2026-05-13 01:57:23 - INFO -   Длина: 1920.05 м
2026-05-13 01:57:23 - INFO - 
Маршрут #1308
2026-05-13 01:57:23 - INFO -   1331 → 7
2026-05-13 01:57:23 - INFO -   Длина: 1005.60 м
2026-05-13 01:57:23 - INFO - 
Маршрут #1309
2026-05-13 01:57:23 - INFO -   1332 → 7
2026-05-13 01:57:23 - INFO -   Длина: 810.92 м
2026-05-13 01:57:23 - INFO - 
Маршрут #1310
2026-05-13 01:57:23 - INFO -   1333 → 7
2026-05-13 01:57:23 - INFO -   Длина: 844.23 м
2026-05-13 01:57:23 - INFO - 
Маршрут #1311
2026-05-13 01:57:23 - INFO -   1334 → 7
2026-05-13 01:57:23 - INFO -   Длина: 1060.27 м
2026-05-13 01:57:23 - INFO - 
Маршрут #1312
2026-05-13 01:57:23 - INFO -   1335 → 7
2026-05-13 01:57:23 - INFO -   Длина: 1217.04 м
2026-05-13 01:57:23 - INFO - 
Маршрут #1313
2026-05-13 01:57:23 - INFO -   1336 → 7
2026-05-13 01:57:23 - INFO -   Длина: 1759.31 м
2026-05-13 01:57:23 - INFO - 
Маршрут #1314
2026-05-13 01:57:23 - INFO -   1337 → 7
2026-05-13 01:57:23 - INFO -   Длина: 1060.54 м
2026-05-13 01:57:23 - INFO - 
Маршрут #1315
2026-05-13 01:57:23 - INFO -   1338 → 8
2026-05-13 01:57:23 - INFO -   Длина: 1088.69 м
2026-05-13 01:57:23 - INFO - 
Маршрут #1316
2026-05-13 01:57:23 - INFO -   1339 → 7
2026-05-13 01:57:23 - INFO -   Длина: 1179.57 м
2026-05-13 01:57:23 - INFO - 
Маршрут #1317
2026-05-13 01:57:23 - INFO -   1340 → 8
2026-05-13 01:57:23 - INFO -   Длина: 1269.72 м
2026-05-13 01:57:23 - INFO - 
Маршрут #1318
2026-05-13 01:57:23 - INFO -   1341 → 7
2026-05-13 01:57:23 - INFO -   Длина: 1896.02 м
2026-05-13 01:57:23 - INFO - 
Маршрут #1319
2026-05-13 01:57:23 - INFO -   1342 → 8
2026-05-13 01:57:23 - INFO -   Длина: 1397.91 м
2026-05-13 01:57:23 - INFO - 
Маршрут #1320
2026-05-13 01:57:23 - INFO -   1343 → 7
2026-05-13 01:57:23 - INFO -   Длина: 1907.57 м
2026-05-13 01:57:23 - INFO - 
Маршрут #1321
2026-05-13 01:57:23 - INFO -   1344 → 8
2026-05-13 01:57:23 - INFO -   Длина: 1608.14 м
2026-05-13 01:57:23 - INFO - 
Маршрут #1322
2026-05-13 01:57:23 - INFO -   1345 → 8
2026-05-13 01:57:23 - INFO -   Длина: 1381.16 м
2026-05-13 01:57:23 - INFO - 
Маршрут #1323
2026-05-13 01:57:23 - INFO -   1346 → 8
2026-05-13 01:57:23 - INFO -   Длина: 1390.36 м
2026-05-13 01:57:23 - INFO - 
Маршрут #1324
2026-05-13 01:57:23 - INFO -   1347 → 8
2026-05-13 01:57:23 - INFO -   Длина: 1420.92 м
2026-05-13 01:57:23 - INFO - 
Маршрут #1325
2026-05-13 01:57:23 - INFO -   1348 → 7
2026-05-13 01:57:23 - INFO -   Длина: 1204.63 м
2026-05-13 01:57:23 - INFO - 
Маршрут #1326
2026-05-13 01:57:23 - INFO -   1349 → 8
2026-05-13 01:57:23 - INFO -   Длина: 1484.33 м
2026-05-13 01:57:23 - INFO - 
Маршрут #1327
2026-05-13 01:57:23 - INFO -   1350 → 7
2026-05-13 01:57:23 - INFO -   Длина: 346.48 м
2026-05-13 01:57:23 - INFO - 
Маршрут #1328
2026-05-13 01:57:23 - INFO -   1351 → 7
2026-05-13 01:57:23 - INFO -   Длина: 510.30 м
2026-05-13 01:57:23 - INFO - 
Маршрут #1329
2026-05-13 01:57:23 - INFO -   1352 → 7
2026-05-13 01:57:23 - INFO -   Длина: 664.30 м
2026-05-13 01:57:23 - INFO - 
Маршрут #1330
2026-05-13 01:57:23 - INFO -   1353 → 7
2026-05-13 01:57:23 - INFO -   Длина: 588.78 м
2026-05-13 01:57:23 - INFO - 
Маршрут #1331
2026-05-13 01:57:23 - INFO -   1354 → 7
2026-05-13 01:57:23 - INFO -   Длина: 402.38 м
2026-05-13 01:57:23 - INFO - 
Маршрут #1332
2026-05-13 01:57:23 - INFO -   1355 → 7
2026-05-13 01:57:23 - INFO -   Длина: 416.77 м
2026-05-13 01:57:23 - INFO - 
Маршрут #1333
2026-05-13 01:57:23 - INFO -   1356 → 7
2026-05-13 01:57:23 - INFO -   Длина: 448.43 м
2026-05-13 01:57:23 - INFO - 
Маршрут #1334
2026-05-13 01:57:23 - INFO -   1357 → 7
2026-05-13 01:57:23 - INFO -   Длина: 315.34 м
2026-05-13 01:57:23 - INFO - 
Маршрут #1335
2026-05-13 01:57:23 - INFO -   1358 → 7
2026-05-13 01:57:23 - INFO -   Длина: 146.90 м
2026-05-13 01:57:23 - INFO - 
Маршрут #1336
2026-05-13 01:57:23 - INFO -   1359 → 7
2026-05-13 01:57:23 - INFO -   Длина: 249.41 м
2026-05-13 01:57:23 - INFO - 
Маршрут #1337
2026-05-13 01:57:23 - INFO -   1360 → 7
2026-05-13 01:57:23 - INFO -   Длина: 422.71 м
2026-05-13 01:57:23 - INFO - 
Маршрут #1338
2026-05-13 01:57:23 - INFO -   1361 → 7
2026-05-13 01:57:23 - INFO -   Длина: 580.70 м
2026-05-13 01:57:23 - INFO - 
Маршрут #1339
2026-05-13 01:57:23 - INFO -   1362 → 7
2026-05-13 01:57:23 - INFO -   Длина: 350.24 м
2026-05-13 01:57:23 - INFO - 
Маршрут #1340
2026-05-13 01:57:23 - INFO -   1363 → 7
2026-05-13 01:57:23 - INFO -   Длина: 391.84 м
2026-05-13 01:57:23 - INFO - 
Маршрут #1341
2026-05-13 01:57:23 - INFO -   1364 → 7
2026-05-13 01:57:23 - INFO -   Длина: 1748.87 м
2026-05-13 01:57:23 - INFO - 
Маршрут #1342
2026-05-13 01:57:23 - INFO -   1365 → 7
2026-05-13 01:57:23 - INFO -   Длина: 1727.96 м
2026-05-13 01:57:23 - INFO - 
Маршрут #1343
2026-05-13 01:57:23 - INFO -   1366 → 8
2026-05-13 01:57:23 - INFO -   Длина: 516.33 м
2026-05-13 01:57:23 - INFO - 
Маршрут #1344
2026-05-13 01:57:23 - INFO -   1367 → 7
2026-05-13 01:57:23 - INFO -   Длина: 1754.70 м
2026-05-13 01:57:23 - INFO - 
Маршрут #1345
2026-05-13 01:57:23 - INFO -   1368 → 7
2026-05-13 01:57:23 - INFO -   Длина: 1556.19 м
2026-05-13 01:57:23 - INFO - 
Маршрут #1346
2026-05-13 01:57:23 - INFO -   1369 → 8
2026-05-13 01:57:23 - INFO -   Длина: 581.68 м
2026-05-13 01:57:23 - INFO - 
Маршрут #1347
2026-05-13 01:57:23 - INFO -   1370 → 8
2026-05-13 01:57:23 - INFO -   Длина: 786.40 м
2026-05-13 01:57:23 - INFO - 
Маршрут #1348
2026-05-13 01:57:23 - INFO -   1371 → 8
2026-05-13 01:57:23 - INFO -   Длина: 630.44 м
2026-05-13 01:57:23 - INFO - 
Маршрут #1349
2026-05-13 01:57:23 - INFO -   1372 → 8
2026-05-13 01:57:23 - INFO -   Длина: 736.52 м
2026-05-13 01:57:23 - INFO - 
Маршрут #1350
2026-05-13 01:57:23 - INFO -   1373 → 8
2026-05-13 01:57:23 - INFO -   Длина: 755.45 м
2026-05-13 01:57:23 - INFO - 
Маршрут #1351
2026-05-13 01:57:23 - INFO -   1374 → 8
2026-05-13 01:57:23 - INFO -   Длина: 907.23 м
2026-05-13 01:57:23 - INFO - 
Маршрут #1352
2026-05-13 01:57:23 - INFO -   1375 → 8
2026-05-13 01:57:23 - INFO -   Длина: 907.23 м
2026-05-13 01:57:23 - INFO - 
Маршрут #1353
2026-05-13 01:57:23 - INFO -   1376 → 7
2026-05-13 01:57:23 - INFO -   Длина: 1622.80 м
2026-05-13 01:57:23 - INFO - 
Маршрут #1354
2026-05-13 01:57:23 - INFO -   1377 → 8
2026-05-13 01:57:23 - INFO -   Длина: 830.17 м
2026-05-13 01:57:23 - INFO - 
Маршрут #1355
2026-05-13 01:57:23 - INFO -   1378 → 8
2026-05-13 01:57:23 - INFO -   Длина: 897.44 м
2026-05-13 01:57:23 - INFO - 
Маршрут #1356
2026-05-13 01:57:23 - INFO -   1379 → 8
2026-05-13 01:57:23 - INFO -   Длина: 777.17 м
2026-05-13 01:57:23 - INFO - 
Маршрут #1357
2026-05-13 01:57:23 - INFO -   1380 → 8
2026-05-13 01:57:23 - INFO -   Длина: 815.21 м
2026-05-13 01:57:23 - INFO - 
Маршрут #1358
2026-05-13 01:57:23 - INFO -   1381 → 8
2026-05-13 01:57:23 - INFO -   Длина: 723.77 м
2026-05-13 01:57:23 - INFO - 
Маршрут #1359
2026-05-13 01:57:23 - INFO -   1382 → 7
2026-05-13 01:57:23 - INFO -   Длина: 654.72 м
2026-05-13 01:57:23 - INFO - 
Маршрут #1360
2026-05-13 01:57:23 - INFO -   1383 → 7
2026-05-13 01:57:23 - INFO -   Длина: 554.47 м
2026-05-13 01:57:23 - INFO - 
Маршрут #1361
2026-05-13 01:57:23 - INFO -   1384 → 7
2026-05-13 01:57:23 - INFO -   Длина: 646.76 м
2026-05-13 01:57:23 - INFO - 
Маршрут #1362
2026-05-13 01:57:23 - INFO -   1385 → 7
2026-05-13 01:57:23 - INFO -   Длина: 429.86 м
2026-05-13 01:57:24 - INFO - 
Маршрут #1363
2026-05-13 01:57:24 - INFO -   1386 → 7
2026-05-13 01:57:24 - INFO -   Длина: 519.99 м
2026-05-13 01:57:24 - INFO - 
Маршрут #1364
2026-05-13 01:57:24 - INFO -   1387 → 7
2026-05-13 01:57:24 - INFO -   Длина: 1030.10 м
2026-05-13 01:57:24 - INFO - 
Маршрут #1365
2026-05-13 01:57:24 - INFO -   1388 → 7
2026-05-13 01:57:24 - INFO -   Длина: 718.90 м
2026-05-13 01:57:24 - INFO - 
Маршрут #1366
2026-05-13 01:57:24 - INFO -   1389 → 7
2026-05-13 01:57:24 - INFO -   Длина: 903.56 м
2026-05-13 01:57:24 - INFO - 
Маршрут #1367
2026-05-13 01:57:24 - INFO -   1390 → 7
2026-05-13 01:57:24 - INFO -   Длина: 912.97 м
2026-05-13 01:57:24 - INFO - 
Маршрут #1368
2026-05-13 01:57:24 - INFO -   1391 → 7
2026-05-13 01:57:24 - INFO -   Длина: 888.99 м
2026-05-13 01:57:24 - INFO - 
Маршрут #1369
2026-05-13 01:57:24 - INFO -   1392 → 7
2026-05-13 01:57:24 - INFO -   Длина: 1060.71 м
2026-05-13 01:57:24 - INFO - 
Маршрут #1370
2026-05-13 01:57:24 - INFO -   1393 → 7
2026-05-13 01:57:24 - INFO -   Длина: 935.14 м
2026-05-13 01:57:24 - INFO - 
Маршрут #1371
2026-05-13 01:57:24 - INFO -   1394 → 7
2026-05-13 01:57:24 - INFO -   Длина: 1032.32 м
2026-05-13 01:57:24 - INFO - 
Маршрут #1372
2026-05-13 01:57:24 - INFO -   1395 → 7
2026-05-13 01:57:24 - INFO -   Длина: 1070.34 м
2026-05-13 01:57:24 - INFO - 
Маршрут #1373
2026-05-13 01:57:24 - INFO -   1396 → 7
2026-05-13 01:57:24 - INFO -   Длина: 996.83 м
2026-05-13 01:57:24 - INFO - 
Маршрут #1374
2026-05-13 01:57:24 - INFO -   1397 → 7
2026-05-13 01:57:24 - INFO -   Длина: 1049.29 м
2026-05-13 01:57:24 - INFO - 
Маршрут #1375
2026-05-13 01:57:24 - INFO -   1398 → 8
2026-05-13 01:57:24 - INFO -   Длина: 836.86 м
2026-05-13 01:57:24 - INFO - 
Маршрут #1376
2026-05-13 01:57:24 - INFO -   1399 → 8
2026-05-13 01:57:24 - INFO -   Длина: 889.11 м
2026-05-13 01:57:24 - INFO - 
Маршрут #1377
2026-05-13 01:57:24 - INFO -   1400 → 8
2026-05-13 01:57:24 - INFO -   Длина: 966.50 м
2026-05-13 01:57:24 - INFO - 
Маршрут #1378
2026-05-13 01:57:24 - INFO -   1401 → 7
2026-05-13 01:57:24 - INFO -   Длина: 1119.49 м
2026-05-13 01:57:24 - INFO - 
Маршрут #1379
2026-05-13 01:57:24 - INFO -   1402 → 7
2026-05-13 01:57:24 - INFO -   Длина: 981.56 м
2026-05-13 01:57:24 - INFO - 
Маршрут #1380
2026-05-13 01:57:24 - INFO -   1403 → 8
2026-05-13 01:57:24 - INFO -   Длина: 1193.96 м
2026-05-13 01:57:24 - INFO - 
Маршрут #1381
2026-05-13 01:57:24 - INFO -   1404 → 8
2026-05-13 01:57:24 - INFO -   Длина: 985.78 м
2026-05-13 01:57:24 - INFO - 
Маршрут #1382
2026-05-13 01:57:24 - INFO -   1405 → 8
2026-05-13 01:57:24 - INFO -   Длина: 952.36 м
2026-05-13 01:57:24 - INFO - 
Маршрут #1383
2026-05-13 01:57:24 - INFO -   1406 → 7
2026-05-13 01:57:24 - INFO -   Длина: 1231.25 м
2026-05-13 01:57:24 - INFO - 
Маршрут #1384
2026-05-13 01:57:24 - INFO -   1407 → 8
2026-05-13 01:57:24 - INFO -   Длина: 1106.90 м
2026-05-13 01:57:24 - INFO - 
Маршрут #1385
2026-05-13 01:57:24 - INFO -   1408 → 8
2026-05-13 01:57:24 - INFO -   Длина: 990.50 м
2026-05-13 01:57:24 - INFO - 
Маршрут #1386
2026-05-13 01:57:24 - INFO -   1409 → 8
2026-05-13 01:57:24 - INFO -   Длина: 1304.23 м
2026-05-13 01:57:24 - INFO - 
Маршрут #1387
2026-05-13 01:57:24 - INFO -   1410 → 7
2026-05-13 01:57:24 - INFO -   Длина: 1749.51 м
2026-05-13 01:57:24 - INFO - 
Маршрут #1388
2026-05-13 01:57:24 - INFO -   1411 → 7
2026-05-13 01:57:24 - INFO -   Длина: 1166.53 м
2026-05-13 01:57:24 - INFO - 
Маршрут #1389
2026-05-13 01:57:24 - INFO -   1412 → 7
2026-05-13 01:57:24 - INFO -   Длина: 1742.40 м
2026-05-13 01:57:24 - INFO - 
Маршрут #1390
2026-05-13 01:57:24 - INFO -   1413 → 7
2026-05-13 01:57:24 - INFO -   Длина: 1226.31 м
2026-05-13 01:57:24 - INFO - 
Маршрут #1391
2026-05-13 01:57:24 - INFO -   1414 → 7
2026-05-13 01:57:24 - INFO -   Длина: 1337.14 м
2026-05-13 01:57:24 - INFO - 
Маршрут #1392
2026-05-13 01:57:24 - INFO -   1415 → 7
2026-05-13 01:57:24 - INFO -   Длина: 1458.58 м
2026-05-13 01:57:24 - INFO - 
Маршрут #1393
2026-05-13 01:57:24 - INFO -   1416 → 7
2026-05-13 01:57:24 - INFO -   Длина: 1702.77 м
2026-05-13 01:57:24 - INFO - 
Маршрут #1394
2026-05-13 01:57:24 - INFO -   1417 → 7
2026-05-13 01:57:24 - INFO -   Длина: 1449.18 м
2026-05-13 01:57:24 - INFO - 
Маршрут #1395
2026-05-13 01:57:24 - INFO -   1418 → 7
2026-05-13 01:57:24 - INFO -   Длина: 1730.74 м
2026-05-13 01:57:24 - INFO - 
Маршрут #1396
2026-05-13 01:57:24 - INFO -   1419 → 7
2026-05-13 01:57:24 - INFO -   Длина: 1562.54 м
2026-05-13 01:57:24 - INFO - 
Маршрут #1397
2026-05-13 01:57:24 - INFO -   1420 → 7
2026-05-13 01:57:24 - INFO -   Длина: 1718.88 м
2026-05-13 01:57:24 - INFO - 
Маршрут #1398
2026-05-13 01:57:24 - INFO -   1421 → 7
2026-05-13 01:57:24 - INFO -   Длина: 1570.08 м
2026-05-13 01:57:24 - INFO - 
Маршрут #1399
2026-05-13 01:57:24 - INFO -   1422 → 7
2026-05-13 01:57:24 - INFO -   Длина: 1709.24 м
2026-05-13 01:57:24 - INFO - 
Маршрут #1400
2026-05-13 01:57:24 - INFO -   1423 → 7
2026-05-13 01:57:24 - INFO -   Длина: 1437.54 м
2026-05-13 01:57:24 - INFO - 
Маршрут #1401
2026-05-13 01:57:24 - INFO -   1424 → 7
2026-05-13 01:57:24 - INFO -   Длина: 1636.67 м
2026-05-13 01:57:24 - INFO - 
Маршрут #1402
2026-05-13 01:57:24 - INFO -   1425 → 7
2026-05-13 01:57:24 - INFO -   Длина: 1771.88 м
2026-05-13 01:57:24 - INFO - 
Маршрут #1403
2026-05-13 01:57:24 - INFO -   1426 → 7
2026-05-13 01:57:24 - INFO -   Длина: 1733.86 м
2026-05-13 01:57:24 - INFO - 
Маршрут #1404
2026-05-13 01:57:24 - INFO -   1427 → 7
2026-05-13 01:57:24 - INFO -   Длина: 1665.96 м
2026-05-13 01:57:24 - INFO - 
Маршрут #1405
2026-05-13 01:57:24 - INFO -   1428 → 7
2026-05-13 01:57:24 - INFO -   Длина: 1701.76 м
2026-05-13 01:57:24 - INFO - 
Маршрут #1406
2026-05-13 01:57:24 - INFO -   1429 → 7
2026-05-13 01:57:24 - INFO -   Длина: 1884.31 м
2026-05-13 01:57:24 - INFO - 
Маршрут #1407
2026-05-13 01:57:24 - INFO -   1430 → 7
2026-05-13 01:57:24 - INFO -   Длина: 1686.38 м
2026-05-13 01:57:24 - INFO - 
Маршрут #1408
2026-05-13 01:57:24 - INFO -   1431 → 7
2026-05-13 01:57:24 - INFO -   Длина: 1864.27 м
2026-05-13 01:57:24 - INFO - 
Маршрут #1409
2026-05-13 01:57:24 - INFO -   1432 → 7
2026-05-13 01:57:24 - INFO -   Длина: 2226.57 м
2026-05-13 01:57:24 - INFO - 
Маршрут #1410
2026-05-13 01:57:24 - INFO -   1433 → 7
2026-05-13 01:57:24 - INFO -   Длина: 1973.69 м
2026-05-13 01:57:24 - INFO - 
Маршрут #1411
2026-05-13 01:57:24 - INFO -   1434 → 7
2026-05-13 01:57:24 - INFO -   Длина: 2175.78 м
2026-05-13 01:57:24 - INFO - 
Маршрут #1412
2026-05-13 01:57:24 - INFO -   1435 → 7
2026-05-13 01:57:24 - INFO -   Длина: 2229.20 м
2026-05-13 01:57:24 - INFO - 
Маршрут #1413
2026-05-13 01:57:24 - INFO -   1436 → 7
2026-05-13 01:57:24 - INFO -   Длина: 2225.23 м
2026-05-13 01:57:24 - INFO - 
Маршрут #1414
2026-05-13 01:57:24 - INFO -   1437 → 7
2026-05-13 01:57:24 - INFO -   Длина: 2275.53 м
2026-05-13 01:57:24 - INFO - 
Маршрут #1415
2026-05-13 01:57:24 - INFO -   1438 → 7
2026-05-13 01:57:24 - INFO -   Длина: 2181.82 м
2026-05-13 01:57:24 - INFO - 
Маршрут #1416
2026-05-13 01:57:24 - INFO -   1439 → 7
2026-05-13 01:57:24 - INFO -   Длина: 1923.93 м
2026-05-13 01:57:24 - INFO - 
Маршрут #1417
2026-05-13 01:57:24 - INFO -   1440 → 7
2026-05-13 01:57:24 - INFO -   Длина: 2084.99 м
2026-05-13 01:57:24 - INFO - 
Маршрут #1418
2026-05-13 01:57:24 - INFO -   1441 → 7
2026-05-13 01:57:24 - INFO -   Длина: 2373.64 м
2026-05-13 01:57:24 - INFO - 
Маршрут #1419
2026-05-13 01:57:24 - INFO -   1442 → 7
2026-05-13 01:57:24 - INFO -   Длина: 2418.79 м
2026-05-13 01:57:24 - INFO - 
Маршрут #1420
2026-05-13 01:57:24 - INFO -   1443 → 7
2026-05-13 01:57:24 - INFO -   Длина: 2248.16 м
2026-05-13 01:57:24 - INFO - 
Маршрут #1421
2026-05-13 01:57:24 - INFO -   1444 → 7
2026-05-13 01:57:24 - INFO -   Длина: 1931.12 м
2026-05-13 01:57:24 - INFO - 
Маршрут #1422
2026-05-13 01:57:24 - INFO -   1445 → 7
2026-05-13 01:57:24 - INFO -   Длина: 1915.44 м
2026-05-13 01:57:24 - INFO - 
Маршрут #1423
2026-05-13 01:57:24 - INFO -   1446 → 7
2026-05-13 01:57:24 - INFO -   Длина: 2200.92 м
2026-05-13 01:57:24 - INFO - 
Маршрут #1424
2026-05-13 01:57:24 - INFO -   1447 → 7
2026-05-13 01:57:24 - INFO -   Длина: 2051.98 м
2026-05-13 01:57:24 - INFO - 
Маршрут #1425
2026-05-13 01:57:24 - INFO -   1448 → 7
2026-05-13 01:57:24 - INFO -   Длина: 2365.93 м
2026-05-13 01:57:24 - INFO - 
Маршрут #1426
2026-05-13 01:57:24 - INFO -   1449 → 7
2026-05-13 01:57:24 - INFO -   Длина: 2385.38 м
2026-05-13 01:57:24 - INFO - 
Маршрут #1427
2026-05-13 01:57:24 - INFO -   1450 → 7
2026-05-13 01:57:24 - INFO -   Длина: 2274.21 м
2026-05-13 01:57:24 - INFO - 
Маршрут #1428
2026-05-13 01:57:24 - INFO -   1451 → 7
2026-05-13 01:57:24 - INFO -   Длина: 2307.37 м
2026-05-13 01:57:24 - INFO - 
Маршрут #1429
2026-05-13 01:57:24 - INFO -   1452 → 7
2026-05-13 01:57:24 - INFO -   Длина: 2301.81 м
2026-05-13 01:57:24 - INFO - 
Маршрут #1430
2026-05-13 01:57:24 - INFO -   1453 → 7
2026-05-13 01:57:24 - INFO -   Длина: 693.82 м
2026-05-13 01:57:24 - INFO - 
Маршрут #1431
2026-05-13 01:57:24 - INFO -   1454 → 7
2026-05-13 01:57:24 - INFO -   Длина: 1244.78 м
2026-05-13 01:57:24 - INFO - 
Маршрут #1432
2026-05-13 01:57:24 - INFO -   1455 → 7
2026-05-13 01:57:24 - INFO -   Длина: 1152.46 м
2026-05-13 01:57:24 - INFO - 
Маршрут #1433
2026-05-13 01:57:24 - INFO -   1456 → 7
2026-05-13 01:57:24 - INFO -   Длина: 521.93 м
2026-05-13 01:57:24 - INFO - 
Маршрут #1434
2026-05-13 01:57:24 - INFO -   1457 → 7
2026-05-13 01:57:24 - INFO -   Длина: 1267.23 м
2026-05-13 01:57:24 - INFO - 
Маршрут #1435
2026-05-13 01:57:24 - INFO -   1458 → 7
2026-05-13 01:57:24 - INFO -   Длина: 1245.33 м
2026-05-13 01:57:24 - INFO - 
Маршрут #1436
2026-05-13 01:57:24 - INFO -   1459 → 7
2026-05-13 01:57:24 - INFO -   Длина: 1195.44 м
2026-05-13 01:57:24 - INFO - 
Маршрут #1437
2026-05-13 01:57:24 - INFO -   1460 → 7
2026-05-13 01:57:24 - INFO -   Длина: 561.14 м
2026-05-13 01:57:24 - INFO - 
Маршрут #1438
2026-05-13 01:57:24 - INFO -   1461 → 7
2026-05-13 01:57:24 - INFO -   Длина: 1313.07 м
2026-05-13 01:57:24 - INFO - 
Маршрут #1439
2026-05-13 01:57:24 - INFO -   1462 → 7
2026-05-13 01:57:24 - INFO -   Длина: 1249.90 м
2026-05-13 01:57:24 - INFO - 
Маршрут #1440
2026-05-13 01:57:24 - INFO -   1463 → 7
2026-05-13 01:57:24 - INFO -   Длина: 738.17 м
2026-05-13 01:57:24 - INFO - 
Маршрут #1441
2026-05-13 01:57:24 - INFO -   1464 → 7
2026-05-13 01:57:24 - INFO -   Длина: 724.74 м
2026-05-13 01:57:24 - INFO - 
Маршрут #1442
2026-05-13 01:57:24 - INFO -   1465 → 7
2026-05-13 01:57:24 - INFO -   Длина: 889.39 м
2026-05-13 01:57:24 - INFO - 
Маршрут #1443
2026-05-13 01:57:24 - INFO -   1466 → 7
2026-05-13 01:57:24 - INFO -   Длина: 1079.54 м
2026-05-13 01:57:24 - INFO - 
Маршрут #1444
2026-05-13 01:57:24 - INFO -   1467 → 7
2026-05-13 01:57:24 - INFO -   Длина: 685.22 м
2026-05-13 01:57:24 - INFO - 
Маршрут #1445
2026-05-13 01:57:24 - INFO -   1468 → 7
2026-05-13 01:57:24 - INFO -   Длина: 995.65 м
2026-05-13 01:57:24 - INFO - 
Маршрут #1446
2026-05-13 01:57:24 - INFO -   1469 → 7
2026-05-13 01:57:24 - INFO -   Длина: 1406.00 м
2026-05-13 01:57:24 - INFO - 
Маршрут #1447
2026-05-13 01:57:24 - INFO -   1470 → 7
2026-05-13 01:57:24 - INFO -   Длина: 991.88 м
2026-05-13 01:57:24 - INFO - 
Маршрут #1448
2026-05-13 01:57:24 - INFO -   1471 → 7
2026-05-13 01:57:24 - INFO -   Длина: 830.73 м
2026-05-13 01:57:24 - INFO - 
Маршрут #1449
2026-05-13 01:57:24 - INFO -   1472 → 2
2026-05-13 01:57:24 - INFO -   Длина: 1766.05 м
2026-05-13 01:57:24 - INFO - 
Маршрут #1450
2026-05-13 01:57:24 - INFO -   1473 → 2
2026-05-13 01:57:24 - INFO -   Длина: 1769.41 м
2026-05-13 01:57:24 - INFO - 
Маршрут #1451
2026-05-13 01:57:24 - INFO -   1474 → 2
2026-05-13 01:57:24 - INFO -   Длина: 1745.12 м
2026-05-13 01:57:24 - INFO - 
Маршрут #1452
2026-05-13 01:57:24 - INFO -   1475 → 1
2026-05-13 01:57:24 - INFO -   Длина: 2048.47 м
2026-05-13 01:57:24 - INFO - 
Маршрут #1453
2026-05-13 01:57:24 - INFO -   1476 → 2
2026-05-13 01:57:24 - INFO -   Длина: 1498.51 м
2026-05-13 01:57:24 - INFO - 
Маршрут #1454
2026-05-13 01:57:24 - INFO -   1477 → 2
2026-05-13 01:57:24 - INFO -   Длина: 1585.77 м
2026-05-13 01:57:24 - INFO - 
Маршрут #1455
2026-05-13 01:57:24 - INFO -   1478 → 2
2026-05-13 01:57:24 - INFO -   Длина: 1446.57 м
2026-05-13 01:57:24 - INFO - 
Маршрут #1456
2026-05-13 01:57:24 - INFO -   1479 → 2
2026-05-13 01:57:24 - INFO -   Длина: 1581.06 м
2026-05-13 01:57:24 - INFO - 
Маршрут #1457
2026-05-13 01:57:24 - INFO -   1480 → 2
2026-05-13 01:57:24 - INFO -   Длина: 1631.88 м
2026-05-13 01:57:24 - INFO - 
Маршрут #1458
2026-05-13 01:57:24 - INFO -   1481 → 2
2026-05-13 01:57:24 - INFO -   Длина: 1570.54 м
2026-05-13 01:57:24 - INFO - 
Маршрут #1459
2026-05-13 01:57:24 - INFO -   1482 → 2
2026-05-13 01:57:24 - INFO -   Длина: 1214.64 м
2026-05-13 01:57:24 - INFO - 
Маршрут #1460
2026-05-13 01:57:24 - INFO -   1483 → 2
2026-05-13 01:57:24 - INFO -   Длина: 1628.50 м
2026-05-13 01:57:24 - INFO - 
Маршрут #1461
2026-05-13 01:57:24 - INFO -   1484 → 2
2026-05-13 01:57:24 - INFO -   Длина: 1499.95 м
2026-05-13 01:57:24 - INFO - 
Маршрут #1462
2026-05-13 01:57:24 - INFO -   1485 → 2
2026-05-13 01:57:24 - INFO -   Длина: 1602.27 м
2026-05-13 01:57:24 - INFO - 
Маршрут #1463
2026-05-13 01:57:24 - INFO -   1486 → 2
2026-05-13 01:57:24 - INFO -   Длина: 1250.79 м
2026-05-13 01:57:24 - INFO - 
Маршрут #1464
2026-05-13 01:57:24 - INFO -   1487 → 2
2026-05-13 01:57:24 - INFO -   Длина: 1471.58 м
2026-05-13 01:57:24 - INFO - 
Маршрут #1465
2026-05-13 01:57:24 - INFO -   1488 → 2
2026-05-13 01:57:24 - INFO -   Длина: 1168.51 м
2026-05-13 01:57:24 - INFO - 
Маршрут #1466
2026-05-13 01:57:24 - INFO -   1489 → 2
2026-05-13 01:57:24 - INFO -   Длина: 1209.81 м
2026-05-13 01:57:24 - INFO - 
Маршрут #1467
2026-05-13 01:57:24 - INFO -   1490 → 2
2026-05-13 01:57:24 - INFO -   Длина: 1205.08 м
2026-05-13 01:57:24 - INFO - 
Маршрут #1468
2026-05-13 01:57:24 - INFO -   1491 → 2
2026-05-13 01:57:24 - INFO -   Длина: 1132.16 м
2026-05-13 01:57:24 - INFO - 
Маршрут #1469
2026-05-13 01:57:24 - INFO -   1492 → 2
2026-05-13 01:57:24 - INFO -   Длина: 1594.22 м
2026-05-13 01:57:24 - INFO - 
Маршрут #1470
2026-05-13 01:57:24 - INFO -   1493 → 2
2026-05-13 01:57:24 - INFO -   Длина: 1638.05 м
2026-05-13 01:57:24 - INFO - 
Маршрут #1471
2026-05-13 01:57:24 - INFO -   1494 → 2
2026-05-13 01:57:24 - INFO -   Длина: 1325.31 м
2026-05-13 01:57:24 - INFO - 
Маршрут #1472
2026-05-13 01:57:24 - INFO -   1495 → 2
2026-05-13 01:57:24 - INFO -   Длина: 947.28 м
2026-05-13 01:57:24 - INFO - 
Маршрут #1473
2026-05-13 01:57:24 - INFO -   1496 → 2
2026-05-13 01:57:24 - INFO -   Длина: 1123.39 м
2026-05-13 01:57:24 - INFO - 
Маршрут #1474
2026-05-13 01:57:24 - INFO -   1497 → 2
2026-05-13 01:57:24 - INFO -   Длина: 1642.77 м
2026-05-13 01:57:24 - INFO - 
Маршрут #1475
2026-05-13 01:57:24 - INFO -   1498 → 2
2026-05-13 01:57:24 - INFO -   Длина: 1466.00 м
2026-05-13 01:57:24 - INFO - 
Маршрут #1476
2026-05-13 01:57:24 - INFO -   1499 → 2
2026-05-13 01:57:24 - INFO -   Длина: 1341.56 м
2026-05-13 01:57:24 - INFO - 
Маршрут #1477
2026-05-13 01:57:24 - INFO -   1500 → 2
2026-05-13 01:57:24 - INFO -   Длина: 1504.66 м
2026-05-13 01:57:24 - INFO - 
Маршрут #1478
2026-05-13 01:57:24 - INFO -   1501 → 2
2026-05-13 01:57:24 - INFO -   Длина: 1325.75 м
2026-05-13 01:57:24 - INFO - 
Маршрут #1479
2026-05-13 01:57:24 - INFO -   1502 → 2
2026-05-13 01:57:24 - INFO -   Длина: 1270.79 м
2026-05-13 01:57:24 - INFO - 
Маршрут #1480
2026-05-13 01:57:24 - INFO -   1503 → 2
2026-05-13 01:57:24 - INFO -   Длина: 1421.54 м
2026-05-13 01:57:24 - INFO - 
Маршрут #1481
2026-05-13 01:57:24 - INFO -   1504 → 2
2026-05-13 01:57:24 - INFO -   Длина: 1513.64 м
2026-05-13 01:57:24 - INFO - 
Маршрут #1482
2026-05-13 01:57:24 - INFO -   1505 → 2
2026-05-13 01:57:24 - INFO -   Длина: 1263.93 м
2026-05-13 01:57:24 - INFO - 
Маршрут #1483
2026-05-13 01:57:24 - INFO -   1506 → 2
2026-05-13 01:57:24 - INFO -   Длина: 1533.42 м
2026-05-13 01:57:24 - INFO - 
Маршрут #1484
2026-05-13 01:57:24 - INFO -   1507 → 2
2026-05-13 01:57:24 - INFO -   Длина: 1139.97 м
2026-05-13 01:57:24 - INFO - 
Маршрут #1485
2026-05-13 01:57:24 - INFO -   1508 → 1
2026-05-13 01:57:24 - INFO -   Длина: 1991.63 м
2026-05-13 01:57:24 - INFO - 
Маршрут #1486
2026-05-13 01:57:24 - INFO -   1509 → 1
2026-05-13 01:57:24 - INFO -   Длина: 432.78 м
2026-05-13 01:57:24 - INFO - 
Маршрут #1487
2026-05-13 01:57:24 - INFO -   1510 → 2
2026-05-13 01:57:24 - INFO -   Длина: 599.45 м
2026-05-13 01:57:24 - INFO - 
Маршрут #1488
2026-05-13 01:57:24 - INFO -   1511 → 2
2026-05-13 01:57:24 - INFO -   Длина: 595.99 м
2026-05-13 01:57:24 - INFO - 
Маршрут #1489
2026-05-13 01:57:24 - INFO -   1512 → 2
2026-05-13 01:57:24 - INFO -   Длина: 557.77 м
2026-05-13 01:57:24 - INFO - 
Маршрут #1490
2026-05-13 01:57:24 - INFO -   1513 → 2
2026-05-13 01:57:24 - INFO -   Длина: 404.35 м
2026-05-13 01:57:24 - INFO - 
Маршрут #1491
2026-05-13 01:57:24 - INFO -   1514 → 2
2026-05-13 01:57:24 - INFO -   Длина: 318.02 м
2026-05-13 01:57:24 - INFO - 
Маршрут #1492
2026-05-13 01:57:24 - INFO -   1515 → 2
2026-05-13 01:57:24 - INFO -   Длина: 337.56 м
2026-05-13 01:57:24 - INFO - 
Маршрут #1493
2026-05-13 01:57:24 - INFO -   1516 → 1
2026-05-13 01:57:24 - INFO -   Длина: 377.08 м
2026-05-13 01:57:24 - INFO - 
Маршрут #1494
2026-05-13 01:57:24 - INFO -   1517 → 1
2026-05-13 01:57:24 - INFO -   Длина: 292.11 м
2026-05-13 01:57:24 - INFO - 
Маршрут #1495
2026-05-13 01:57:24 - INFO -   1518 → 1
2026-05-13 01:57:24 - INFO -   Длина: 289.06 м
2026-05-13 01:57:24 - INFO - 
Маршрут #1496
2026-05-13 01:57:24 - INFO -   1519 → 1
2026-05-13 01:57:24 - INFO -   Длина: 155.95 м
2026-05-13 01:57:24 - INFO - 
Маршрут #1497
2026-05-13 01:57:24 - INFO -   1520 → 1
2026-05-13 01:57:24 - INFO -   Длина: 241.51 м
2026-05-13 01:57:24 - INFO - 
Маршрут #1498
2026-05-13 01:57:24 - INFO -   1522 → 7
2026-05-13 01:57:24 - INFO -   Длина: 2614.17 м
2026-05-13 01:57:24 - INFO - 
Маршрут #1499
2026-05-13 01:57:24 - INFO -   1523 → 7
2026-05-13 01:57:24 - INFO -   Длина: 2658.07 м
2026-05-13 01:57:24 - INFO - 
Маршрут #1500
2026-05-13 01:57:24 - INFO -   1524 → 7
2026-05-13 01:57:24 - INFO -   Длина: 2521.75 м
2026-05-13 01:57:24 - INFO - 
Маршрут #1501
2026-05-13 01:57:24 - INFO -   1525 → 1
2026-05-13 01:57:24 - INFO -   Длина: 2304.53 м
2026-05-13 01:57:24 - INFO - 
Маршрут #1502
2026-05-13 01:57:24 - INFO -   1526 → 7
2026-05-13 01:57:24 - INFO -   Длина: 2463.77 м
2026-05-13 01:57:24 - INFO - 
Маршрут #1503
2026-05-13 01:57:24 - INFO -   1527 → 7
2026-05-13 01:57:24 - INFO -   Длина: 2386.19 м
2026-05-13 01:57:24 - INFO - 
Маршрут #1504
2026-05-13 01:57:24 - INFO -   1528 → 7
2026-05-13 01:57:24 - INFO -   Длина: 2346.74 м
2026-05-13 01:57:24 - INFO - 
Маршрут #1505
2026-05-13 01:57:24 - INFO -   1529 → 1
2026-05-13 01:57:24 - INFO -   Длина: 2135.90 м
2026-05-13 01:57:24 - INFO - 
Маршрут #1506
2026-05-13 01:57:24 - INFO -   1530 → 1
2026-05-13 01:57:24 - INFO -   Длина: 2106.41 м
2026-05-13 01:57:24 - INFO - 
Маршрут #1507
2026-05-13 01:57:24 - INFO -   1531 → 1
2026-05-13 01:57:24 - INFO -   Длина: 2005.20 м
2026-05-13 01:57:24 - INFO - 
Маршрут #1508
2026-05-13 01:57:24 - INFO -   1532 → 7
2026-05-13 01:57:24 - INFO -   Длина: 2325.53 м
2026-05-13 01:57:24 - INFO - 
Маршрут #1509
2026-05-13 01:57:24 - INFO -   1533 → 1
2026-05-13 01:57:24 - INFO -   Длина: 1988.45 м
2026-05-13 01:57:24 - INFO - 
Маршрут #1510
2026-05-13 01:57:24 - INFO -   1534 → 1
2026-05-13 01:57:24 - INFO -   Длина: 1911.88 м
2026-05-13 01:57:24 - INFO - 
Маршрут #1511
2026-05-13 01:57:24 - INFO -   1535 → 7
2026-05-13 01:57:24 - INFO -   Длина: 2346.29 м
2026-05-13 01:57:24 - INFO - 
Маршрут #1512
2026-05-13 01:57:24 - INFO -   1536 → 7
2026-05-13 01:57:24 - INFO -   Длина: 2496.99 м
2026-05-13 01:57:24 - INFO - 
Маршрут #1513
2026-05-13 01:57:24 - INFO -   1537 → 7
2026-05-13 01:57:24 - INFO -   Длина: 2379.73 м
2026-05-13 01:57:24 - INFO - 
Маршрут #1514
2026-05-13 01:57:24 - INFO -   1538 → 7
2026-05-13 01:57:24 - INFO -   Длина: 2273.12 м
2026-05-13 01:57:24 - INFO - 
Маршрут #1515
2026-05-13 01:57:24 - INFO -   1539 → 7
2026-05-13 01:57:24 - INFO -   Длина: 2058.70 м
2026-05-13 01:57:24 - INFO - 
Маршрут #1516
2026-05-13 01:57:24 - INFO -   1540 → 7
2026-05-13 01:57:24 - INFO -   Длина: 2317.52 м
2026-05-13 01:57:24 - INFO - 
Маршрут #1517
2026-05-13 01:57:24 - INFO -   1541 → 7
2026-05-13 01:57:24 - INFO -   Длина: 2175.01 м
2026-05-13 01:57:24 - INFO - 
Маршрут #1518
2026-05-13 01:57:24 - INFO -   1542 → 7
2026-05-13 01:57:24 - INFO -   Длина: 2256.39 м
2026-05-13 01:57:24 - INFO - 
Маршрут #1519
2026-05-13 01:57:24 - INFO -   1543 → 7
2026-05-13 01:57:24 - INFO -   Длина: 2310.95 м
2026-05-13 01:57:24 - INFO - 
Маршрут #1520
2026-05-13 01:57:24 - INFO -   1544 → 7
2026-05-13 01:57:24 - INFO -   Длина: 2125.73 м
2026-05-13 01:57:24 - INFO - 
Маршрут #1521
2026-05-13 01:57:24 - INFO -   1545 → 7
2026-05-13 01:57:24 - INFO -   Длина: 1979.91 м
2026-05-13 01:57:24 - INFO - 
Маршрут #1522
2026-05-13 01:57:24 - INFO -   1546 → 7
2026-05-13 01:57:24 - INFO -   Длина: 2446.14 м
2026-05-13 01:57:24 - INFO - 
Маршрут #1523
2026-05-13 01:57:24 - INFO -   1547 → 7
2026-05-13 01:57:24 - INFO -   Длина: 2012.54 м
2026-05-13 01:57:24 - INFO - 
Маршрут #1524
2026-05-13 01:57:24 - INFO -   1548 → 7
2026-05-13 01:57:24 - INFO -   Длина: 2056.06 м
2026-05-13 01:57:24 - INFO - 
Маршрут #1525
2026-05-13 01:57:24 - INFO -   1549 → 7
2026-05-13 01:57:24 - INFO -   Длина: 2403.05 м
2026-05-13 01:57:24 - INFO - 
Маршрут #1526
2026-05-13 01:57:24 - INFO -   1550 → 7
2026-05-13 01:57:24 - INFO -   Длина: 2311.22 м
2026-05-13 01:57:24 - INFO - 
Маршрут #1527
2026-05-13 01:57:24 - INFO -   1551 → 7
2026-05-13 01:57:24 - INFO -   Длина: 2332.43 м
2026-05-13 01:57:24 - INFO - 
Маршрут #1528
2026-05-13 01:57:24 - INFO -   1552 → 7
2026-05-13 01:57:24 - INFO -   Длина: 2342.99 м
2026-05-13 01:57:24 - INFO - 
Маршрут #1529
2026-05-13 01:57:24 - INFO -   1553 → 1
2026-05-13 01:57:24 - INFO -   Длина: 2001.33 м
2026-05-13 01:57:24 - INFO - 
Маршрут #1530
2026-05-13 01:57:24 - INFO -   1554 → 1
2026-05-13 01:57:24 - INFO -   Длина: 1785.89 м
2026-05-13 01:57:24 - INFO - 
Маршрут #1531
2026-05-13 01:57:24 - INFO -   1555 → 1
2026-05-13 01:57:24 - INFO -   Длина: 1859.72 м
2026-05-13 01:57:24 - INFO - 
Маршрут #1532
2026-05-13 01:57:24 - INFO -   1556 → 1
2026-05-13 01:57:24 - INFO -   Длина: 2016.52 м
2026-05-13 01:57:24 - INFO - 
Маршрут #1533
2026-05-13 01:57:24 - INFO -   1557 → 1
2026-05-13 01:57:24 - INFO -   Длина: 1776.99 м
2026-05-13 01:57:24 - INFO - 
Маршрут #1534
2026-05-13 01:57:24 - INFO -   1558 → 2
2026-05-13 01:57:24 - INFO -   Длина: 1269.90 м
2026-05-13 01:57:24 - INFO - 
Маршрут #1535
2026-05-13 01:57:24 - INFO -   1559 → 2
2026-05-13 01:57:24 - INFO -   Длина: 1328.58 м
2026-05-13 01:57:24 - INFO - 
Маршрут #1536
2026-05-13 01:57:24 - INFO -   1560 → 2
2026-05-13 01:57:24 - INFO -   Длина: 1364.24 м
2026-05-13 01:57:24 - INFO - 
Маршрут #1537
2026-05-13 01:57:24 - INFO -   1561 → 1
2026-05-13 01:57:24 - INFO -   Длина: 1785.56 м
2026-05-13 01:57:24 - INFO - 
Маршрут #1538
2026-05-13 01:57:24 - INFO -   1562 → 1
2026-05-13 01:57:24 - INFO -   Длина: 1659.07 м
2026-05-13 01:57:24 - INFO - 
Маршрут #1539
2026-05-13 01:57:24 - INFO -   1563 → 2
2026-05-13 01:57:24 - INFO -   Длина: 1397.91 м
2026-05-13 01:57:24 - INFO - 
Маршрут #1540
2026-05-13 01:57:24 - INFO -   1564 → 1
2026-05-13 01:57:24 - INFO -   Длина: 1593.56 м
2026-05-13 01:57:24 - INFO - 
Маршрут #1541
2026-05-13 01:57:24 - INFO -   1565 → 1
2026-05-13 01:57:24 - INFO -   Длина: 1826.26 м
2026-05-13 01:57:24 - INFO - 
Маршрут #1542
2026-05-13 01:57:24 - INFO -   1566 → 2
2026-05-13 01:57:24 - INFO -   Длина: 1123.22 м
2026-05-13 01:57:24 - INFO - 
Маршрут #1543
2026-05-13 01:57:24 - INFO -   1567 → 1
2026-05-13 01:57:24 - INFO -   Длина: 1531.03 м
2026-05-13 01:57:24 - INFO - 
Маршрут #1544
2026-05-13 01:57:24 - INFO -   1568 → 1
2026-05-13 01:57:24 - INFO -   Длина: 1879.37 м
2026-05-13 01:57:24 - INFO - 
Маршрут #1545
2026-05-13 01:57:24 - INFO -   1569 → 1
2026-05-13 01:57:24 - INFO -   Длина: 1446.52 м
2026-05-13 01:57:24 - INFO - 
Маршрут #1546
2026-05-13 01:57:24 - INFO -   1570 → 1
2026-05-13 01:57:24 - INFO -   Длина: 1411.33 м
2026-05-13 01:57:24 - INFO - 
Маршрут #1547
2026-05-13 01:57:24 - INFO -   1571 → 1
2026-05-13 01:57:24 - INFO -   Длина: 1638.89 м
2026-05-13 01:57:24 - INFO - 
Маршрут #1548
2026-05-13 01:57:24 - INFO -   1572 → 1
2026-05-13 01:57:24 - INFO -   Длина: 1623.80 м
2026-05-13 01:57:24 - INFO - 
Маршрут #1549
2026-05-13 01:57:24 - INFO -   1573 → 1
2026-05-13 01:57:24 - INFO -   Длина: 1677.64 м
2026-05-13 01:57:24 - INFO - 
Маршрут #1550
2026-05-13 01:57:24 - INFO -   1574 → 1
2026-05-13 01:57:24 - INFO -   Длина: 1229.91 м
2026-05-13 01:57:24 - INFO - 
Маршрут #1551
2026-05-13 01:57:24 - INFO -   1575 → 1
2026-05-13 01:57:24 - INFO -   Длина: 1625.00 м
2026-05-13 01:57:24 - INFO - 
Маршрут #1552
2026-05-13 01:57:24 - INFO -   1576 → 1
2026-05-13 01:57:24 - INFO -   Длина: 1169.26 м
2026-05-13 01:57:24 - INFO - 
Маршрут #1553
2026-05-13 01:57:24 - INFO -   1577 → 1
2026-05-13 01:57:24 - INFO -   Длина: 1096.19 м
2026-05-13 01:57:24 - INFO - 
Маршрут #1554
2026-05-13 01:57:24 - INFO -   1578 → 1
2026-05-13 01:57:24 - INFO -   Длина: 1942.66 м
2026-05-13 01:57:24 - INFO - 
Маршрут #1555
2026-05-13 01:57:24 - INFO -   1579 → 1
2026-05-13 01:57:24 - INFO -   Длина: 1935.19 м
2026-05-13 01:57:24 - INFO - 
Маршрут #1556
2026-05-13 01:57:24 - INFO -   1580 → 2
2026-05-13 01:57:24 - INFO -   Длина: 1034.50 м
2026-05-13 01:57:24 - INFO - 
Маршрут #1557
2026-05-13 01:57:24 - INFO -   1581 → 2
2026-05-13 01:57:24 - INFO -   Длина: 652.46 м
2026-05-13 01:57:24 - INFO - 
Маршрут #1558
2026-05-13 01:57:24 - INFO -   1582 → 2
2026-05-13 01:57:24 - INFO -   Длина: 631.55 м
2026-05-13 01:57:24 - INFO - 
Маршрут #1559
2026-05-13 01:57:24 - INFO -   1583 → 2
2026-05-13 01:57:24 - INFO -   Длина: 652.04 м
2026-05-13 01:57:24 - INFO - 
Маршрут #1560
2026-05-13 01:57:24 - INFO -   1584 → 2
2026-05-13 01:57:24 - INFO -   Длина: 772.22 м
2026-05-13 01:57:24 - INFO - 
Маршрут #1561
2026-05-13 01:57:24 - INFO -   1585 → 2
2026-05-13 01:57:24 - INFO -   Длина: 794.67 м
2026-05-13 01:57:24 - INFO - 
Маршрут #1562
2026-05-13 01:57:24 - INFO -   1586 → 2
2026-05-13 01:57:24 - INFO -   Длина: 745.81 м
2026-05-13 01:57:24 - INFO - 
Маршрут #1563
2026-05-13 01:57:24 - INFO -   1587 → 2
2026-05-13 01:57:24 - INFO -   Длина: 959.08 м
2026-05-13 01:57:24 - INFO - 
Маршрут #1564
2026-05-13 01:57:24 - INFO -   1588 → 2
2026-05-13 01:57:24 - INFO -   Длина: 845.26 м
2026-05-13 01:57:24 - INFO - 
Маршрут #1565
2026-05-13 01:57:24 - INFO -   1589 → 2
2026-05-13 01:57:24 - INFO -   Длина: 694.11 м
2026-05-13 01:57:24 - INFO - 
Маршрут #1566
2026-05-13 01:57:24 - INFO -   1590 → 2
2026-05-13 01:57:24 - INFO -   Длина: 785.53 м
2026-05-13 01:57:24 - INFO - 
Маршрут #1567
2026-05-13 01:57:24 - INFO -   1591 → 2
2026-05-13 01:57:24 - INFO -   Длина: 838.68 м
2026-05-13 01:57:24 - INFO - 
Маршрут #1568
2026-05-13 01:57:24 - INFO -   1592 → 1
2026-05-13 01:57:24 - INFO -   Длина: 728.58 м
2026-05-13 01:57:24 - INFO - 
Маршрут #1569
2026-05-13 01:57:24 - INFO -   1593 → 1
2026-05-13 01:57:24 - INFO -   Длина: 719.37 м
2026-05-13 01:57:24 - INFO - 
Маршрут #1570
2026-05-13 01:57:24 - INFO -   1594 → 1
2026-05-13 01:57:24 - INFO -   Длина: 845.54 м
2026-05-13 01:57:24 - INFO - 
Маршрут #1571
2026-05-13 01:57:24 - INFO -   1595 → 1
2026-05-13 01:57:24 - INFO -   Длина: 614.62 м
2026-05-13 01:57:24 - INFO - 
Маршрут #1572
2026-05-13 01:57:24 - INFO -   1596 → 1
2026-05-13 01:57:24 - INFO -   Длина: 514.44 м
2026-05-13 01:57:24 - INFO - 
Маршрут #1573
2026-05-13 01:57:24 - INFO -   1597 → 1
2026-05-13 01:57:24 - INFO -   Длина: 549.16 м
2026-05-13 01:57:24 - INFO - 
Маршрут #1574
2026-05-13 01:57:24 - INFO -   1598 → 1
2026-05-13 01:57:24 - INFO -   Длина: 814.47 м
2026-05-13 01:57:24 - INFO - 
Маршрут #1575
2026-05-13 01:57:24 - INFO -   1599 → 1
2026-05-13 01:57:24 - INFO -   Длина: 1079.15 м
2026-05-13 01:57:24 - INFO - 
Маршрут #1576
2026-05-13 01:57:24 - INFO -   1600 → 1
2026-05-13 01:57:24 - INFO -   Длина: 787.55 м
2026-05-13 01:57:24 - INFO - 
Маршрут #1577
2026-05-13 01:57:24 - INFO -   1601 → 1
2026-05-13 01:57:24 - INFO -   Длина: 789.16 м
2026-05-13 01:57:24 - INFO - 
Маршрут #1578
2026-05-13 01:57:24 - INFO -   1602 → 1
2026-05-13 01:57:24 - INFO -   Длина: 694.25 м
2026-05-13 01:57:24 - INFO - 
Маршрут #1579
2026-05-13 01:57:24 - INFO -   1603 → 1
2026-05-13 01:57:24 - INFO -   Длина: 886.99 м
2026-05-13 01:57:24 - INFO - 
Маршрут #1580
2026-05-13 01:57:24 - INFO -   1604 → 1
2026-05-13 01:57:24 - INFO -   Длина: 630.84 м
2026-05-13 01:57:24 - INFO - 
Маршрут #1581
2026-05-13 01:57:24 - INFO -   1605 → 1
2026-05-13 01:57:24 - INFO -   Длина: 485.88 м
2026-05-13 01:57:24 - INFO - 
Маршрут #1582
2026-05-13 01:57:24 - INFO -   1606 → 1
2026-05-13 01:57:24 - INFO -   Длина: 1125.89 м
2026-05-13 01:57:24 - INFO - 
Маршрут #1583
2026-05-13 01:57:24 - INFO -   1607 → 1
2026-05-13 01:57:24 - INFO -   Длина: 870.67 м
2026-05-13 01:57:24 - INFO - 
Маршрут #1584
2026-05-13 01:57:24 - INFO -   1608 → 1
2026-05-13 01:57:24 - INFO -   Длина: 615.49 м
2026-05-13 01:57:24 - INFO - 
Маршрут #1585
2026-05-13 01:57:24 - INFO -   1609 → 1
2026-05-13 01:57:24 - INFO -   Длина: 911.10 м
2026-05-13 01:57:24 - INFO - 
Маршрут #1586
2026-05-13 01:57:24 - INFO -   1610 → 1
2026-05-13 01:57:24 - INFO -   Длина: 420.67 м
2026-05-13 01:57:24 - INFO - 
Маршрут #1587
2026-05-13 01:57:24 - INFO -   1611 → 1
2026-05-13 01:57:24 - INFO -   Длина: 645.11 м
2026-05-13 01:57:24 - INFO - 
Маршрут #1588
2026-05-13 01:57:24 - INFO -   1612 → 1
2026-05-13 01:57:24 - INFO -   Длина: 496.00 м
2026-05-13 01:57:24 - INFO - 
Маршрут #1589
2026-05-13 01:57:24 - INFO -   1613 → 1
2026-05-13 01:57:24 - INFO -   Длина: 485.61 м
2026-05-13 01:57:24 - INFO - 
Маршрут #1590
2026-05-13 01:57:24 - INFO -   1614 → 1
2026-05-13 01:57:24 - INFO -   Длина: 525.47 м
2026-05-13 01:57:24 - INFO - 
Маршрут #1591
2026-05-13 01:57:24 - INFO -   1615 → 1
2026-05-13 01:57:24 - INFO -   Длина: 517.98 м
2026-05-13 01:57:24 - INFO - 
Маршрут #1592
2026-05-13 01:57:24 - INFO -   1616 → 1
2026-05-13 01:57:24 - INFO -   Длина: 550.71 м
2026-05-13 01:57:24 - INFO - 
Маршрут #1593
2026-05-13 01:57:24 - INFO -   1617 → 1
2026-05-13 01:57:24 - INFO -   Длина: 596.61 м
2026-05-13 01:57:24 - INFO - 
Маршрут #1594
2026-05-13 01:57:24 - INFO -   1618 → 1
2026-05-13 01:57:24 - INFO -   Длина: 519.42 м
2026-05-13 01:57:24 - INFO - 
Маршрут #1595
2026-05-13 01:57:24 - INFO -   1619 → 1
2026-05-13 01:57:24 - INFO -   Длина: 552.46 м
2026-05-13 01:57:24 - INFO - 
Маршрут #1596
2026-05-13 01:57:24 - INFO -   1620 → 1
2026-05-13 01:57:24 - INFO -   Длина: 876.24 м
2026-05-13 01:57:24 - INFO - 
Маршрут #1597
2026-05-13 01:57:24 - INFO -   1621 → 1
2026-05-13 01:57:24 - INFO -   Длина: 564.70 м
2026-05-13 01:57:24 - INFO - 
Маршрут #1598
2026-05-13 01:57:24 - INFO -   1622 → 1
2026-05-13 01:57:24 - INFO -   Длина: 593.60 м
2026-05-13 01:57:24 - INFO - 
Маршрут #1599
2026-05-13 01:57:24 - INFO -   1623 → 1
2026-05-13 01:57:24 - INFO -   Длина: 680.59 м
2026-05-13 01:57:24 - INFO - 
Маршрут #1600
2026-05-13 01:57:24 - INFO -   1624 → 1
2026-05-13 01:57:24 - INFO -   Длина: 769.23 м
2026-05-13 01:57:24 - INFO - 
Маршрут #1601
2026-05-13 01:57:24 - INFO -   1625 → 1
2026-05-13 01:57:24 - INFO -   Длина: 932.31 м
2026-05-13 01:57:24 - INFO - 
Маршрут #1602
2026-05-13 01:57:24 - INFO -   1626 → 1
2026-05-13 01:57:24 - INFO -   Длина: 971.98 м
2026-05-13 01:57:24 - INFO - 
Маршрут #1603
2026-05-13 01:57:24 - INFO -   1627 → 1
2026-05-13 01:57:24 - INFO -   Длина: 874.45 м
2026-05-13 01:57:24 - INFO - 
Маршрут #1604
2026-05-13 01:57:24 - INFO -   1628 → 1
2026-05-13 01:57:24 - INFO -   Длина: 892.74 м
2026-05-13 01:57:24 - INFO - 
Маршрут #1605
2026-05-13 01:57:24 - INFO -   1629 → 1
2026-05-13 01:57:24 - INFO -   Длина: 732.09 м
2026-05-13 01:57:24 - INFO - 
Маршрут #1606
2026-05-13 01:57:24 - INFO -   1630 → 1
2026-05-13 01:57:24 - INFO -   Длина: 1096.69 м
2026-05-13 01:57:24 - INFO - 
Маршрут #1607
2026-05-13 01:57:24 - INFO -   1631 → 1
2026-05-13 01:57:24 - INFO -   Длина: 1737.25 м
2026-05-13 01:57:24 - INFO - 
Маршрут #1608
2026-05-13 01:57:24 - INFO -   1632 → 1
2026-05-13 01:57:24 - INFO -   Длина: 1695.63 м
2026-05-13 01:57:24 - INFO - 
Маршрут #1609
2026-05-13 01:57:24 - INFO -   1633 → 1
2026-05-13 01:57:24 - INFO -   Длина: 1511.02 м
2026-05-13 01:57:24 - INFO - 
Маршрут #1610
2026-05-13 01:57:24 - INFO -   1634 → 1
2026-05-13 01:57:24 - INFO -   Длина: 2015.68 м
2026-05-13 01:57:24 - INFO - 
Маршрут #1611
2026-05-13 01:57:24 - INFO -   1635 → 1
2026-05-13 01:57:24 - INFO -   Длина: 1703.02 м
2026-05-13 01:57:24 - INFO - 
Маршрут #1612
2026-05-13 01:57:24 - INFO -   1636 → 1
2026-05-13 01:57:24 - INFO -   Длина: 2016.43 м
2026-05-13 01:57:24 - INFO - 
Маршрут #1613
2026-05-13 01:57:24 - INFO -   1637 → 1
2026-05-13 01:57:24 - INFO -   Длина: 1997.88 м
2026-05-13 01:57:24 - INFO - 
Маршрут #1614
2026-05-13 01:57:24 - INFO -   1638 → 1
2026-05-13 01:57:24 - INFO -   Длина: 1999.27 м
2026-05-13 01:57:24 - INFO - 
Маршрут #1615
2026-05-13 01:57:24 - INFO -   1639 → 1
2026-05-13 01:57:24 - INFO -   Длина: 1627.43 м
2026-05-13 01:57:24 - INFO - 
Маршрут #1616
2026-05-13 01:57:24 - INFO -   1640 → 1
2026-05-13 01:57:24 - INFO -   Длина: 1974.46 м
2026-05-13 01:57:24 - INFO - 
Маршрут #1617
2026-05-13 01:57:24 - INFO -   1641 → 1
2026-05-13 01:57:24 - INFO -   Длина: 1454.78 м
2026-05-13 01:57:24 - INFO - 
Маршрут #1618
2026-05-13 01:57:24 - INFO -   1642 → 1
2026-05-13 01:57:24 - INFO -   Длина: 1566.44 м
2026-05-13 01:57:24 - INFO - 
Маршрут #1619
2026-05-13 01:57:24 - INFO -   1643 → 1
2026-05-13 01:57:24 - INFO -   Длина: 1647.30 м
2026-05-13 01:57:24 - INFO - 
Маршрут #1620
2026-05-13 01:57:24 - INFO -   1644 → 1
2026-05-13 01:57:24 - INFO -   Длина: 1920.89 м
2026-05-13 01:57:24 - INFO - 
Маршрут #1621
2026-05-13 01:57:24 - INFO -   1645 → 1
2026-05-13 01:57:24 - INFO -   Длина: 1598.82 м
2026-05-13 01:57:24 - INFO - 
Маршрут #1622
2026-05-13 01:57:24 - INFO -   1646 → 1
2026-05-13 01:57:24 - INFO -   Длина: 1977.58 м
2026-05-13 01:57:24 - INFO - 
Маршрут #1623
2026-05-13 01:57:24 - INFO -   1647 → 1
2026-05-13 01:57:24 - INFO -   Длина: 1599.03 м
2026-05-13 01:57:24 - INFO - 
Маршрут #1624
2026-05-13 01:57:24 - INFO -   1648 → 1
2026-05-13 01:57:24 - INFO -   Длина: 1977.58 м
2026-05-13 01:57:24 - INFO - 
Маршрут #1625
2026-05-13 01:57:24 - INFO -   1649 → 1
2026-05-13 01:57:24 - INFO -   Длина: 1616.41 м
2026-05-13 01:57:24 - INFO - 
Маршрут #1626
2026-05-13 01:57:24 - INFO -   1650 → 1
2026-05-13 01:57:24 - INFO -   Длина: 1433.93 м
2026-05-13 01:57:24 - INFO - 
Маршрут #1627
2026-05-13 01:57:24 - INFO -   1651 → 1
2026-05-13 01:57:24 - INFO -   Длина: 1733.01 м
2026-05-13 01:57:24 - INFO - 
Маршрут #1628
2026-05-13 01:57:24 - INFO -   1652 → 1
2026-05-13 01:57:24 - INFO -   Длина: 1687.84 м
2026-05-13 01:57:24 - INFO - 
Маршрут #1629
2026-05-13 01:57:24 - INFO -   1653 → 1
2026-05-13 01:57:24 - INFO -   Длина: 1481.78 м
2026-05-13 01:57:24 - INFO - 
Маршрут #1630
2026-05-13 01:57:24 - INFO -   1654 → 1
2026-05-13 01:57:24 - INFO -   Длина: 453.51 м
2026-05-13 01:57:24 - INFO - 
Маршрут #1631
2026-05-13 01:57:24 - INFO -   1655 → 1
2026-05-13 01:57:24 - INFO -   Длина: 537.90 м
2026-05-13 01:57:24 - INFO - 
Маршрут #1632
2026-05-13 01:57:24 - INFO -   1656 → 1
2026-05-13 01:57:24 - INFO -   Длина: 478.19 м
2026-05-13 01:57:24 - INFO - 
Маршрут #1633
2026-05-13 01:57:24 - INFO -   1657 → 1
2026-05-13 01:57:24 - INFO -   Длина: 530.75 м
2026-05-13 01:57:24 - INFO - 
Маршрут #1634
2026-05-13 01:57:24 - INFO -   1658 → 1
2026-05-13 01:57:24 - INFO -   Длина: 514.01 м
2026-05-13 01:57:24 - INFO - 
Маршрут #1635
2026-05-13 01:57:24 - INFO -   1659 → 1
2026-05-13 01:57:24 - INFO -   Длина: 560.45 м
2026-05-13 01:57:24 - INFO - 
Маршрут #1636
2026-05-13 01:57:24 - INFO -   1660 → 1
2026-05-13 01:57:24 - INFO -   Длина: 552.99 м
2026-05-13 01:57:24 - INFO - 
Маршрут #1637
2026-05-13 01:57:24 - INFO -   1661 → 1
2026-05-13 01:57:24 - INFO -   Длина: 638.58 м
2026-05-13 01:57:24 - INFO - 
Маршрут #1638
2026-05-13 01:57:24 - INFO -   1662 → 1
2026-05-13 01:57:24 - INFO -   Длина: 684.39 м
2026-05-13 01:57:24 - INFO - 
Маршрут #1639
2026-05-13 01:57:24 - INFO -   1663 → 1
2026-05-13 01:57:24 - INFO -   Длина: 708.78 м
2026-05-13 01:57:24 - INFO - 
Маршрут #1640
2026-05-13 01:57:24 - INFO -   1664 → 1
2026-05-13 01:57:24 - INFO -   Длина: 869.30 м
2026-05-13 01:57:24 - INFO - 
Маршрут #1641
2026-05-13 01:57:24 - INFO -   1665 → 1
2026-05-13 01:57:24 - INFO -   Длина: 897.32 м
2026-05-13 01:57:24 - INFO - 
Маршрут #1642
2026-05-13 01:57:24 - INFO -   1666 → 1
2026-05-13 01:57:24 - INFO -   Длина: 853.24 м
2026-05-13 01:57:24 - INFO - 
Маршрут #1643
2026-05-13 01:57:24 - INFO -   1667 → 1
2026-05-13 01:57:24 - INFO -   Длина: 885.86 м
2026-05-13 01:57:24 - INFO - 
Маршрут #1644
2026-05-13 01:57:24 - INFO -   1668 → 1
2026-05-13 01:57:24 - INFO -   Длина: 973.63 м
2026-05-13 01:57:24 - INFO - 
Маршрут #1645
2026-05-13 01:57:24 - INFO -   1669 → 1
2026-05-13 01:57:24 - INFO -   Длина: 862.86 м
2026-05-13 01:57:24 - INFO - 
Маршрут #1646
2026-05-13 01:57:24 - INFO -   1670 → 1
2026-05-13 01:57:24 - INFO -   Длина: 840.46 м
2026-05-13 01:57:24 - INFO - 
Маршрут #1647
2026-05-13 01:57:24 - INFO -   1671 → 1
2026-05-13 01:57:24 - INFO -   Длина: 1009.61 м
2026-05-13 01:57:24 - INFO - 
Маршрут #1648
2026-05-13 01:57:24 - INFO -   1672 → 1
2026-05-13 01:57:24 - INFO -   Длина: 988.58 м
2026-05-13 01:57:24 - INFO - 
Маршрут #1649
2026-05-13 01:57:24 - INFO -   1673 → 1
2026-05-13 01:57:24 - INFO -   Длина: 1017.89 м
2026-05-13 01:57:24 - INFO - 
Маршрут #1650
2026-05-13 01:57:24 - INFO -   1674 → 1
2026-05-13 01:57:24 - INFO -   Длина: 970.64 м
2026-05-13 01:57:24 - INFO - 
Маршрут #1651
2026-05-13 01:57:24 - INFO -   1675 → 1
2026-05-13 01:57:24 - INFO -   Длина: 1156.18 м
2026-05-13 01:57:24 - INFO - 
Маршрут #1652
2026-05-13 01:57:24 - INFO -   1676 → 1
2026-05-13 01:57:24 - INFO -   Длина: 989.07 м
2026-05-13 01:57:24 - INFO - 
Маршрут #1653
2026-05-13 01:57:24 - INFO -   1677 → 1
2026-05-13 01:57:24 - INFO -   Длина: 1111.58 м
2026-05-13 01:57:24 - INFO - 
Маршрут #1654
2026-05-13 01:57:24 - INFO -   1678 → 1
2026-05-13 01:57:24 - INFO -   Длина: 1425.32 м
2026-05-13 01:57:24 - INFO - 
Маршрут #1655
2026-05-13 01:57:24 - INFO -   1679 → 1
2026-05-13 01:57:24 - INFO -   Длина: 273.96 м
2026-05-13 01:57:24 - INFO - 
Маршрут #1656
2026-05-13 01:57:24 - INFO -   1680 → 1
2026-05-13 01:57:24 - INFO -   Длина: 336.41 м
2026-05-13 01:57:24 - INFO - 
Маршрут #1657
2026-05-13 01:57:24 - INFO -   1681 → 1
2026-05-13 01:57:24 - INFO -   Длина: 273.96 м
2026-05-13 01:57:24 - INFO - 
Маршрут #1658
2026-05-13 01:57:24 - INFO -   1682 → 1
2026-05-13 01:57:24 - INFO -   Длина: 333.72 м
2026-05-13 01:57:24 - INFO - 
Маршрут #1659
2026-05-13 01:57:24 - INFO -   1683 → 1
2026-05-13 01:57:24 - INFO -   Длина: 553.18 м
2026-05-13 01:57:24 - INFO - 
Маршрут #1660
2026-05-13 01:57:24 - INFO -   1684 → 1
2026-05-13 01:57:24 - INFO -   Длина: 438.74 м
2026-05-13 01:57:24 - INFO - 
Маршрут #1661
2026-05-13 01:57:24 - INFO -   1685 → 1
2026-05-13 01:57:24 - INFO -   Длина: 495.69 м
2026-05-13 01:57:24 - INFO - 
Маршрут #1662
2026-05-13 01:57:24 - INFO -   1686 → 1
2026-05-13 01:57:24 - INFO -   Длина: 923.10 м
2026-05-13 01:57:24 - INFO - 
Маршрут #1663
2026-05-13 01:57:24 - INFO -   1687 → 1
2026-05-13 01:57:24 - INFO -   Длина: 1005.55 м
2026-05-13 01:57:24 - INFO - 
Маршрут #1664
2026-05-13 01:57:24 - INFO -   1688 → 1
2026-05-13 01:57:24 - INFO -   Длина: 1029.18 м
2026-05-13 01:57:24 - INFO - 
Маршрут #1665
2026-05-13 01:57:24 - INFO -   1689 → 1
2026-05-13 01:57:24 - INFO -   Длина: 1064.06 м
2026-05-13 01:57:24 - INFO - 
Маршрут #1666
2026-05-13 01:57:24 - INFO -   1690 → 1
2026-05-13 01:57:24 - INFO -   Длина: 1094.83 м
2026-05-13 01:57:24 - INFO - 
Маршрут #1667
2026-05-13 01:57:24 - INFO -   1691 → 1
2026-05-13 01:57:24 - INFO -   Длина: 1071.11 м
2026-05-13 01:57:24 - INFO - 
Маршрут #1668
2026-05-13 01:57:24 - INFO -   1692 → 1
2026-05-13 01:57:24 - INFO -   Длина: 1401.39 м
2026-05-13 01:57:24 - INFO - 
Маршрут #1669
2026-05-13 01:57:24 - INFO -   1693 → 1
2026-05-13 01:57:24 - INFO -   Длина: 1418.40 м
2026-05-13 01:57:24 - INFO - 
Маршрут #1670
2026-05-13 01:57:24 - INFO -   1694 → 1
2026-05-13 01:57:24 - INFO -   Длина: 1796.69 м
2026-05-13 01:57:24 - INFO - 
Маршрут #1671
2026-05-13 01:57:24 - INFO -   1695 → 1
2026-05-13 01:57:24 - INFO -   Длина: 1472.29 м
2026-05-13 01:57:24 - INFO - 
Маршрут #1672
2026-05-13 01:57:24 - INFO -   1696 → 1
2026-05-13 01:57:24 - INFO -   Длина: 1583.57 м
2026-05-13 01:57:24 - INFO - 
Маршрут #1673
2026-05-13 01:57:24 - INFO -   1697 → 1
2026-05-13 01:57:24 - INFO -   Длина: 1486.38 м
2026-05-13 01:57:24 - INFO - 
Маршрут #1674
2026-05-13 01:57:24 - INFO -   1698 → 1
2026-05-13 01:57:24 - INFO -   Длина: 1738.22 м
2026-05-13 01:57:24 - INFO - 
Маршрут #1675
2026-05-13 01:57:24 - INFO -   1699 → 1
2026-05-13 01:57:24 - INFO -   Длина: 1781.25 м
2026-05-13 01:57:24 - INFO - 
Маршрут #1676
2026-05-13 01:57:24 - INFO -   1700 → 1
2026-05-13 01:57:24 - INFO -   Длина: 1785.03 м
2026-05-13 01:57:24 - INFO - 
Маршрут #1677
2026-05-13 01:57:24 - INFO -   1701 → 1
2026-05-13 01:57:24 - INFO -   Длина: 1814.12 м
2026-05-13 01:57:24 - INFO - 
Маршрут #1678
2026-05-13 01:57:24 - INFO -   1702 → 1
2026-05-13 01:57:24 - INFO -   Длина: 1761.22 м
2026-05-13 01:57:24 - INFO - 
Маршрут #1679
2026-05-13 01:57:24 - INFO -   1703 → 1
2026-05-13 01:57:24 - INFO -   Длина: 804.29 м
2026-05-13 01:57:24 - INFO - 
Маршрут #1680
2026-05-13 01:57:24 - INFO -   1704 → 1
2026-05-13 01:57:24 - INFO -   Длина: 982.37 м
2026-05-13 01:57:24 - INFO - 
Маршрут #1681
2026-05-13 01:57:24 - INFO -   1705 → 1
2026-05-13 01:57:24 - INFO -   Длина: 1099.97 м
2026-05-13 01:57:24 - INFO - 
Маршрут #1682
2026-05-13 01:57:24 - INFO -   1706 → 1
2026-05-13 01:57:24 - INFO -   Длина: 1099.65 м
2026-05-13 01:57:24 - INFO - 
Маршрут #1683
2026-05-13 01:57:24 - INFO -   1707 → 1
2026-05-13 01:57:24 - INFO -   Длина: 1108.71 м
2026-05-13 01:57:24 - INFO - 
Маршрут #1684
2026-05-13 01:57:24 - INFO -   1708 → 1
2026-05-13 01:57:24 - INFO -   Длина: 1166.70 м
2026-05-13 01:57:24 - INFO - 
Маршрут #1685
2026-05-13 01:57:24 - INFO -   1709 → 1
2026-05-13 01:57:24 - INFO -   Длина: 1207.45 м
2026-05-13 01:57:24 - INFO - 
Маршрут #1686
2026-05-13 01:57:24 - INFO -   1710 → 1
2026-05-13 01:57:24 - INFO -   Длина: 1193.17 м
2026-05-13 01:57:24 - INFO - 
Маршрут #1687
2026-05-13 01:57:24 - INFO -   1711 → 1
2026-05-13 01:57:24 - INFO -   Длина: 1263.84 м
2026-05-13 01:57:24 - INFO - 
Маршрут #1688
2026-05-13 01:57:24 - INFO -   1712 → 1
2026-05-13 01:57:24 - INFO -   Длина: 1438.63 м
2026-05-13 01:57:24 - INFO - 
Маршрут #1689
2026-05-13 01:57:24 - INFO -   1713 → 1
2026-05-13 01:57:24 - INFO -   Длина: 1681.44 м
2026-05-13 01:57:24 - INFO - 
Маршрут #1690
2026-05-13 01:57:24 - INFO -   1714 → 1
2026-05-13 01:57:24 - INFO -   Длина: 1616.78 м
2026-05-13 01:57:24 - INFO - 
Маршрут #1691
2026-05-13 01:57:24 - INFO -   1715 → 1
2026-05-13 01:57:24 - INFO -   Длина: 1729.42 м
2026-05-13 01:57:24 - INFO - 
Маршрут #1692
2026-05-13 01:57:24 - INFO -   1716 → 1
2026-05-13 01:57:24 - INFO -   Длина: 1758.07 м
2026-05-13 01:57:24 - INFO - 
Маршрут #1693
2026-05-13 01:57:24 - INFO -   1717 → 1
2026-05-13 01:57:24 - INFO -   Длина: 1557.32 м
2026-05-13 01:57:24 - INFO - 
Маршрут #1694
2026-05-13 01:57:24 - INFO -   1718 → 1
2026-05-13 01:57:24 - INFO -   Длина: 1538.33 м
2026-05-13 01:57:24 - INFO - 
Маршрут #1695
2026-05-13 01:57:24 - INFO -   1719 → 1
2026-05-13 01:57:24 - INFO -   Длина: 1677.80 м
2026-05-13 01:57:24 - INFO - 
Маршрут #1696
2026-05-13 01:57:24 - INFO -   1720 → 1
2026-05-13 01:57:24 - INFO -   Длина: 2074.86 м
2026-05-13 01:57:24 - INFO - 
Маршрут #1697
2026-05-13 01:57:24 - INFO -   1721 → 1
2026-05-13 01:57:24 - INFO -   Длина: 1590.25 м
2026-05-13 01:57:24 - INFO - 
Маршрут #1698
2026-05-13 01:57:24 - INFO -   1722 → 1
2026-05-13 01:57:24 - INFO -   Длина: 1635.27 м
2026-05-13 01:57:24 - INFO - 
Маршрут #1699
2026-05-13 01:57:24 - INFO -   1723 → 1
2026-05-13 01:57:24 - INFO -   Длина: 2033.03 м
2026-05-13 01:57:24 - INFO - 
Маршрут #1700
2026-05-13 01:57:24 - INFO -   1724 → 1
2026-05-13 01:57:24 - INFO -   Длина: 1365.26 м
2026-05-13 01:57:24 - INFO - 
Маршрут #1701
2026-05-13 01:57:24 - INFO -   1725 → 1
2026-05-13 01:57:24 - INFO -   Длина: 1403.78 м
2026-05-13 01:57:24 - INFO - 
Маршрут #1702
2026-05-13 01:57:24 - INFO -   1726 → 1
2026-05-13 01:57:24 - INFO -   Длина: 1481.06 м
2026-05-13 01:57:24 - INFO - 
Маршрут #1703
2026-05-13 01:57:24 - INFO -   1727 → 1
2026-05-13 01:57:24 - INFO -   Длина: 1737.26 м
2026-05-13 01:57:24 - INFO - 
Маршрут #1704
2026-05-13 01:57:24 - INFO -   1728 → 1
2026-05-13 01:57:24 - INFO -   Длина: 1845.13 м
2026-05-13 01:57:24 - INFO - 
Маршрут #1705
2026-05-13 01:57:24 - INFO -   1729 → 1
2026-05-13 01:57:24 - INFO -   Длина: 1569.02 м
2026-05-13 01:57:24 - INFO - 
Маршрут #1706
2026-05-13 01:57:24 - INFO -   1730 → 1
2026-05-13 01:57:24 - INFO -   Длина: 1951.55 м
2026-05-13 01:57:24 - INFO - 
Маршрут #1707
2026-05-13 01:57:24 - INFO -   1731 → 1
2026-05-13 01:57:24 - INFO -   Длина: 1863.43 м
2026-05-13 01:57:24 - INFO - 
Маршрут #1708
2026-05-13 01:57:24 - INFO -   1732 → 1
2026-05-13 01:57:24 - INFO -   Длина: 1947.33 м
2026-05-13 01:57:24 - INFO - 
Маршрут #1709
2026-05-13 01:57:24 - INFO -   1733 → 1
2026-05-13 01:57:24 - INFO -   Длина: 2336.92 м
2026-05-13 01:57:24 - INFO - 
Маршрут #1710
2026-05-13 01:57:24 - INFO -   1734 → 1
2026-05-13 01:57:24 - INFO -   Длина: 1847.04 м
2026-05-13 01:57:24 - INFO - 
Маршрут #1711
2026-05-13 01:57:24 - INFO -   1735 → 1
2026-05-13 01:57:24 - INFO -   Длина: 1545.49 м
2026-05-13 01:57:24 - INFO - 
Маршрут #1712
2026-05-13 01:57:24 - INFO -   1736 → 1
2026-05-13 01:57:24 - INFO -   Длина: 1824.07 м
2026-05-13 01:57:24 - INFO - 
Маршрут #1713
2026-05-13 01:57:24 - INFO -   1737 → 1
2026-05-13 01:57:24 - INFO -   Длина: 1847.94 м
2026-05-13 01:57:24 - INFO - 
Маршрут #1714
2026-05-13 01:57:24 - INFO -   1738 → 1
2026-05-13 01:57:24 - INFO -   Длина: 1966.60 м
2026-05-13 01:57:24 - INFO - 
Маршрут #1715
2026-05-13 01:57:24 - INFO -   1739 → 1
2026-05-13 01:57:24 - INFO -   Длина: 1348.24 м
2026-05-13 01:57:24 - INFO - 
Маршрут #1716
2026-05-13 01:57:24 - INFO -   1740 → 1
2026-05-13 01:57:24 - INFO -   Длина: 1242.81 м
2026-05-13 01:57:24 - INFO - 
Маршрут #1717
2026-05-13 01:57:24 - INFO -   1741 → 1
2026-05-13 01:57:24 - INFO -   Длина: 1327.09 м
2026-05-13 01:57:24 - INFO - 
Маршрут #1718
2026-05-13 01:57:24 - INFO -   1742 → 1
2026-05-13 01:57:24 - INFO -   Длина: 1311.94 м
2026-05-13 01:57:24 - INFO - 
Маршрут #1719
2026-05-13 01:57:24 - INFO -   1743 → 1
2026-05-13 01:57:24 - INFO -   Длина: 1408.79 м
2026-05-13 01:57:24 - INFO - 
Маршрут #1720
2026-05-13 01:57:24 - INFO -   1744 → 1
2026-05-13 01:57:24 - INFO -   Длина: 1491.96 м
2026-05-13 01:57:24 - INFO - 
Маршрут #1721
2026-05-13 01:57:24 - INFO -   1745 → 1
2026-05-13 01:57:24 - INFO -   Длина: 1502.65 м
2026-05-13 01:57:24 - INFO - 
Маршрут #1722
2026-05-13 01:57:24 - INFO -   1746 → 1
2026-05-13 01:57:24 - INFO -   Длина: 1466.95 м
2026-05-13 01:57:24 - INFO - 
Маршрут #1723
2026-05-13 01:57:24 - INFO -   1747 → 1
2026-05-13 01:57:24 - INFO -   Длина: 1487.55 м
2026-05-13 01:57:24 - INFO - 
Маршрут #1724
2026-05-13 01:57:24 - INFO -   1748 → 1
2026-05-13 01:57:24 - INFO -   Длина: 1527.06 м
2026-05-13 01:57:24 - INFO - 
Маршрут #1725
2026-05-13 01:57:24 - INFO -   1749 → 1
2026-05-13 01:57:24 - INFO -   Длина: 1576.20 м
2026-05-13 01:57:24 - INFO - 
Маршрут #1726
2026-05-13 01:57:24 - INFO -   1750 → 1
2026-05-13 01:57:24 - INFO -   Длина: 1538.42 м
2026-05-13 01:57:24 - INFO - 
Маршрут #1727
2026-05-13 01:57:24 - INFO -   1751 → 1
2026-05-13 01:57:24 - INFO -   Длина: 1566.99 м
2026-05-13 01:57:24 - INFO - 
Маршрут #1728
2026-05-13 01:57:24 - INFO -   1752 → 1
2026-05-13 01:57:24 - INFO -   Длина: 1633.62 м
2026-05-13 01:57:24 - INFO - 
Маршрут #1729
2026-05-13 01:57:24 - INFO -   1753 → 1
2026-05-13 01:57:24 - INFO -   Длина: 1995.12 м
2026-05-13 01:57:24 - INFO - 
Маршрут #1730
2026-05-13 01:57:24 - INFO -   1754 → 1
2026-05-13 01:57:24 - INFO -   Длина: 2029.28 м
2026-05-13 01:57:24 - INFO - 
Маршрут #1731
2026-05-13 01:57:24 - INFO -   1755 → 1
2026-05-13 01:57:24 - INFO -   Длина: 1949.38 м
2026-05-13 01:57:24 - INFO - 
Маршрут #1732
2026-05-13 01:57:24 - INFO -   1756 → 1
2026-05-13 01:57:24 - INFO -   Длина: 2052.54 м
2026-05-13 01:57:24 - INFO - 
Маршрут #1733
2026-05-13 01:57:24 - INFO -   1757 → 1
2026-05-13 01:57:24 - INFO -   Длина: 2491.33 м
2026-05-13 01:57:24 - INFO - 
Маршрут #1734
2026-05-13 01:57:24 - INFO -   1758 → 1
2026-05-13 01:57:24 - INFO -   Длина: 2188.92 м
2026-05-13 01:57:24 - INFO - 
Маршрут #1735
2026-05-13 01:57:24 - INFO -   1759 → 1
2026-05-13 01:57:24 - INFO -   Длина: 2469.61 м
2026-05-13 01:57:24 - INFO - 
Маршрут #1736
2026-05-13 01:57:24 - INFO -   1761 → 1
2026-05-13 01:57:24 - INFO -   Длина: 2622.40 м
2026-05-13 01:57:24 - INFO - 
Маршрут #1737
2026-05-13 01:57:24 - INFO -   1762 → 1
2026-05-13 01:57:24 - INFO -   Длина: 2617.98 м
2026-05-13 01:57:24 - INFO - 
Маршрут #1738
2026-05-13 01:57:24 - INFO -   1763 → 1
2026-05-13 01:57:24 - INFO -   Длина: 2825.25 м
2026-05-13 01:57:24 - INFO - 
Маршрут #1739
2026-05-13 01:57:24 - INFO -   1764 → 1
2026-05-13 01:57:24 - INFO -   Длина: 2653.21 м
2026-05-13 01:57:24 - INFO - 
Маршрут #1740
2026-05-13 01:57:24 - INFO -   1765 → 1
2026-05-13 01:57:24 - INFO -   Длина: 2611.73 м
2026-05-13 01:57:24 - INFO - 
Маршрут #1741
2026-05-13 01:57:24 - INFO -   1766 → 1
2026-05-13 01:57:24 - INFO -   Длина: 2831.04 м
2026-05-13 01:57:24 - INFO - 
Маршрут #1742
2026-05-13 01:57:24 - INFO -   1767 → 1
2026-05-13 01:57:24 - INFO -   Длина: 2589.30 м
2026-05-13 01:57:24 - INFO - 
Маршрут #1743
2026-05-13 01:57:24 - INFO -   1768 → 1
2026-05-13 01:57:24 - INFO -   Длина: 2368.18 м
2026-05-13 01:57:24 - INFO - 
Маршрут #1744
2026-05-13 01:57:24 - INFO -   1769 → 1
2026-05-13 01:57:24 - INFO -   Длина: 2433.25 м
2026-05-13 01:57:24 - INFO - 
Маршрут #1745
2026-05-13 01:57:24 - INFO -   1770 → 1
2026-05-13 01:57:24 - INFO -   Длина: 984.79 м
2026-05-13 01:57:24 - INFO - 
Маршрут #1746
2026-05-13 01:57:24 - INFO -   1771 → 1
2026-05-13 01:57:24 - INFO -   Длина: 832.22 м
2026-05-13 01:57:24 - INFO - 
Маршрут #1747
2026-05-13 01:57:24 - INFO -   1772 → 1
2026-05-13 01:57:24 - INFO -   Длина: 1087.93 м
2026-05-13 01:57:24 - INFO - 
Маршрут #1748
2026-05-13 01:57:24 - INFO -   1773 → 1
2026-05-13 01:57:24 - INFO -   Длина: 1071.43 м
2026-05-13 01:57:24 - INFO - 
Маршрут #1749
2026-05-13 01:57:24 - INFO -   1774 → 1
2026-05-13 01:57:24 - INFO -   Длина: 1015.46 м
2026-05-13 01:57:24 - INFO - 
Маршрут #1750
2026-05-13 01:57:24 - INFO -   1775 → 1
2026-05-13 01:57:24 - INFO -   Длина: 1141.22 м
2026-05-13 01:57:24 - INFO - 
Маршрут #1751
2026-05-13 01:57:24 - INFO -   1776 → 1
2026-05-13 01:57:24 - INFO -   Длина: 1150.73 м
2026-05-13 01:57:24 - INFO - 
Маршрут #1752
2026-05-13 01:57:24 - INFO -   1777 → 1
2026-05-13 01:57:24 - INFO -   Длина: 1232.55 м
2026-05-13 01:57:24 - INFO - 
Маршрут #1753
2026-05-13 01:57:24 - INFO -   1778 → 1
2026-05-13 01:57:24 - INFO -   Длина: 1421.70 м
2026-05-13 01:57:24 - INFO - 
Маршрут #1754
2026-05-13 01:57:24 - INFO -   1779 → 1
2026-05-13 01:57:24 - INFO -   Длина: 1466.03 м
2026-05-13 01:57:24 - INFO - 
Маршрут #1755
2026-05-13 01:57:24 - INFO -   1780 → 1
2026-05-13 01:57:24 - INFO -   Длина: 1382.00 м
2026-05-13 01:57:24 - INFO - 
Маршрут #1756
2026-05-13 01:57:24 - INFO -   1781 → 1
2026-05-13 01:57:24 - INFO -   Длина: 1573.25 м
2026-05-13 01:57:24 - INFO - 
Маршрут #1757
2026-05-13 01:57:24 - INFO -   1782 → 1
2026-05-13 01:57:24 - INFO -   Длина: 1409.00 м
2026-05-13 01:57:24 - INFO - 
Маршрут #1758
2026-05-13 01:57:24 - INFO -   1783 → 1
2026-05-13 01:57:24 - INFO -   Длина: 1482.87 м
2026-05-13 01:57:24 - INFO - 
Маршрут #1759
2026-05-13 01:57:24 - INFO -   1784 → 1
2026-05-13 01:57:24 - INFO -   Длина: 1412.57 м
2026-05-13 01:57:24 - INFO - 
Маршрут #1760
2026-05-13 01:57:24 - INFO -   1785 → 1
2026-05-13 01:57:24 - INFO -   Длина: 1428.41 м
2026-05-13 01:57:24 - INFO - 
Маршрут #1761
2026-05-13 01:57:24 - INFO -   1786 → 1
2026-05-13 01:57:24 - INFO -   Длина: 1532.16 м
2026-05-13 01:57:24 - INFO - 
Маршрут #1762
2026-05-13 01:57:24 - INFO -   1787 → 1
2026-05-13 01:57:24 - INFO -   Длина: 1560.34 м
2026-05-13 01:57:24 - INFO - 
Маршрут #1763
2026-05-13 01:57:24 - INFO -   1788 → 1
2026-05-13 01:57:24 - INFO -   Длина: 1626.50 м
2026-05-13 01:57:24 - INFO - 
Маршрут #1764
2026-05-13 01:57:24 - INFO -   1789 → 1
2026-05-13 01:57:24 - INFO -   Длина: 1526.31 м
2026-05-13 01:57:24 - INFO - 
Маршрут #1765
2026-05-13 01:57:24 - INFO -   1790 → 1
2026-05-13 01:57:24 - INFO -   Длина: 1489.68 м
2026-05-13 01:57:24 - INFO - 
Маршрут #1766
2026-05-13 01:57:24 - INFO -   1791 → 1
2026-05-13 01:57:24 - INFO -   Длина: 1693.55 м
2026-05-13 01:57:24 - INFO - 
Маршрут #1767
2026-05-13 01:57:24 - INFO -   1792 → 1
2026-05-13 01:57:24 - INFO -   Длина: 1774.08 м
2026-05-13 01:57:24 - INFO - 
Маршрут #1768
2026-05-13 01:57:24 - INFO -   1793 → 1
2026-05-13 01:57:24 - INFO -   Длина: 1692.43 м
2026-05-13 01:57:24 - INFO - 
Маршрут #1769
2026-05-13 01:57:24 - INFO -   1794 → 1
2026-05-13 01:57:24 - INFO -   Длина: 1736.73 м
2026-05-13 01:57:24 - INFO - 
Маршрут #1770
2026-05-13 01:57:24 - INFO -   1795 → 1
2026-05-13 01:57:24 - INFO -   Длина: 1716.11 м
2026-05-13 01:57:24 - INFO - 
Маршрут #1771
2026-05-13 01:57:24 - INFO -   1796 → 1
2026-05-13 01:57:24 - INFO -   Длина: 1868.01 м
2026-05-13 01:57:24 - INFO - 
Маршрут #1772
2026-05-13 01:57:24 - INFO -   1797 → 1
2026-05-13 01:57:24 - INFO -   Длина: 1997.01 м
2026-05-13 01:57:24 - INFO - 
Маршрут #1773
2026-05-13 01:57:24 - INFO -   1798 → 1
2026-05-13 01:57:24 - INFO -   Длина: 1923.75 м
2026-05-13 01:57:24 - INFO - 
Маршрут #1774
2026-05-13 01:57:24 - INFO -   1799 → 1
2026-05-13 01:57:24 - INFO -   Длина: 1839.71 м
2026-05-13 01:57:24 - INFO - 
Маршрут #1775
2026-05-13 01:57:24 - INFO -   1800 → 1
2026-05-13 01:57:24 - INFO -   Длина: 1878.43 м
2026-05-13 01:57:24 - INFO - 
Маршрут #1776
2026-05-13 01:57:24 - INFO -   1801 → 1
2026-05-13 01:57:24 - INFO -   Длина: 2061.78 м
2026-05-13 01:57:24 - INFO - 
Маршрут #1777
2026-05-13 01:57:24 - INFO -   1802 → 1
2026-05-13 01:57:24 - INFO -   Длина: 1963.73 м
2026-05-13 01:57:24 - INFO - 
Маршрут #1778
2026-05-13 01:57:24 - INFO -   1803 → 1
2026-05-13 01:57:24 - INFO -   Длина: 2141.31 м
2026-05-13 01:57:24 - INFO - 
Маршрут #1779
2026-05-13 01:57:24 - INFO -   1804 → 1
2026-05-13 01:57:24 - INFO -   Длина: 2223.95 м
2026-05-13 01:57:24 - INFO - 
Маршрут #1780
2026-05-13 01:57:24 - INFO -   1805 → 1
2026-05-13 01:57:24 - INFO -   Длина: 2127.25 м
2026-05-13 01:57:24 - INFO - 
Маршрут #1781
2026-05-13 01:57:24 - INFO -   1806 → 1
2026-05-13 01:57:24 - INFO -   Длина: 2152.27 м
2026-05-13 01:57:24 - INFO - 
Маршрут #1782
2026-05-13 01:57:24 - INFO -   1807 → 1
2026-05-13 01:57:24 - INFO -   Длина: 2047.99 м
2026-05-13 01:57:24 - INFO - 
Маршрут #1783
2026-05-13 01:57:24 - INFO -   1808 → 1
2026-05-13 01:57:24 - INFO -   Длина: 2257.10 м
2026-05-13 01:57:24 - INFO - 
Маршрут #1784
2026-05-13 01:57:24 - INFO -   1809 → 1
2026-05-13 01:57:24 - INFO -   Длина: 2229.69 м
2026-05-13 01:57:24 - INFO - 
Маршрут #1785
2026-05-13 01:57:24 - INFO -   1810 → 1
2026-05-13 01:57:24 - INFO -   Длина: 2149.57 м
2026-05-13 01:57:24 - INFO - 
Маршрут #1786
2026-05-13 01:57:24 - INFO -   1811 → 1
2026-05-13 01:57:24 - INFO -   Длина: 2149.94 м
2026-05-13 01:57:24 - INFO - 
Маршрут #1787
2026-05-13 01:57:24 - INFO -   1812 → 1
2026-05-13 01:57:24 - INFO -   Длина: 2193.58 м
2026-05-13 01:57:24 - INFO - 
Маршрут #1788
2026-05-13 01:57:24 - INFO -   1813 → 1
2026-05-13 01:57:24 - INFO -   Длина: 2214.56 м
2026-05-13 01:57:24 - INFO - 
Маршрут #1789
2026-05-13 01:57:24 - INFO -   1814 → 1
2026-05-13 01:57:24 - INFO -   Длина: 2383.68 м
2026-05-13 01:57:24 - INFO - 
Маршрут #1790
2026-05-13 01:57:24 - INFO -   1815 → 1
2026-05-13 01:57:24 - INFO -   Длина: 4137.59 м
2026-05-13 01:57:24 - INFO - 
Маршрут #1791
2026-05-13 01:57:24 - INFO -   1818 → 1
2026-05-13 01:57:24 - INFO -   Длина: 3619.06 м
2026-05-13 01:57:24 - INFO - 
Маршрут #1792
2026-05-13 01:57:24 - INFO -   1819 → 1
2026-05-13 01:57:24 - INFO -   Длина: 3412.15 м
2026-05-13 01:57:24 - INFO - 
Маршрут #1793
2026-05-13 01:57:24 - INFO -   1820 → 1
2026-05-13 01:57:24 - INFO -   Длина: 3487.45 м
2026-05-13 01:57:24 - INFO - 
Маршрут #1794
2026-05-13 01:57:24 - INFO -   1821 → 1
2026-05-13 01:57:24 - INFO -   Длина: 3880.27 м
2026-05-13 01:57:24 - INFO - 
Маршрут #1795
2026-05-13 01:57:24 - INFO -   1822 → 1
2026-05-13 01:57:24 - INFO -   Длина: 3373.47 м
2026-05-13 01:57:24 - INFO - 
Маршрут #1796
2026-05-13 01:57:24 - INFO -   1823 → 1
2026-05-13 01:57:24 - INFO -   Длина: 1797.18 м
2026-05-13 01:57:24 - INFO - 
Маршрут #1797
2026-05-13 01:57:24 - INFO -   1824 → 1
2026-05-13 01:57:24 - INFO -   Длина: 2308.47 м
2026-05-13 01:57:24 - INFO - 
Маршрут #1798
2026-05-13 01:57:24 - INFO -   1825 → 1
2026-05-13 01:57:24 - INFO -   Длина: 1959.70 м
2026-05-13 01:57:24 - INFO - 
Маршрут #1799
2026-05-13 01:57:24 - INFO -   1826 → 1
2026-05-13 01:57:24 - INFO -   Длина: 1972.18 м
2026-05-13 01:57:24 - INFO - 
Маршрут #1800
2026-05-13 01:57:24 - INFO -   1827 → 1
2026-05-13 01:57:24 - INFO -   Длина: 2115.75 м
2026-05-13 01:57:24 - INFO - 
Маршрут #1801
2026-05-13 01:57:24 - INFO -   1828 → 1
2026-05-13 01:57:24 - INFO -   Длина: 2083.48 м
2026-05-13 01:57:24 - INFO - 
Маршрут #1802
2026-05-13 01:57:24 - INFO -   1829 → 1
2026-05-13 01:57:24 - INFO -   Длина: 2016.13 м
2026-05-13 01:57:24 - INFO - 
Маршрут #1803
2026-05-13 01:57:24 - INFO -   1830 → 1
2026-05-13 01:57:24 - INFO -   Длина: 2143.65 м
2026-05-13 01:57:24 - INFO - 
Маршрут #1804
2026-05-13 01:57:24 - INFO -   1831 → 1
2026-05-13 01:57:24 - INFO -   Длина: 2353.50 м
2026-05-13 01:57:24 - INFO - 
Маршрут #1805
2026-05-13 01:57:24 - INFO -   1832 → 1
2026-05-13 01:57:24 - INFO -   Длина: 3048.51 м
2026-05-13 01:57:24 - INFO - 
Маршрут #1806
2026-05-13 01:57:24 - INFO -   1834 → 1
2026-05-13 01:57:24 - INFO -   Длина: 3265.06 м
2026-05-13 01:57:24 - INFO - 
Маршрут #1807
2026-05-13 01:57:24 - INFO -   1835 → 1
2026-05-13 01:57:24 - INFO -   Длина: 3462.10 м
2026-05-13 01:57:24 - INFO - 
Маршрут #1808
2026-05-13 01:57:24 - INFO -   1836 → 1
2026-05-13 01:57:24 - INFO -   Длина: 1476.79 м
2026-05-13 01:57:24 - INFO - 
Маршрут #1809
2026-05-13 01:57:24 - INFO -   1838 → 1
2026-05-13 01:57:24 - INFO -   Длина: 1491.70 м
2026-05-13 01:57:24 - INFO - 
Маршрут #1810
2026-05-13 01:57:24 - INFO -   1839 → 1
2026-05-13 01:57:24 - INFO -   Длина: 1524.47 м
2026-05-13 01:57:24 - INFO - 
Маршрут #1811
2026-05-13 01:57:24 - INFO -   1840 → 1
2026-05-13 01:57:24 - INFO -   Длина: 1830.41 м
2026-05-13 01:57:24 - INFO - 
Маршрут #1812
2026-05-13 01:57:24 - INFO -   1841 → 1
2026-05-13 01:57:24 - INFO -   Длина: 1484.33 м
2026-05-13 01:57:24 - INFO - 
Маршрут #1813
2026-05-13 01:57:24 - INFO -   1842 → 1
2026-05-13 01:57:24 - INFO -   Длина: 1558.43 м
2026-05-13 01:57:24 - INFO - 
Маршрут #1814
2026-05-13 01:57:24 - INFO -   1843 → 1
2026-05-13 01:57:24 - INFO -   Длина: 1536.25 м
2026-05-13 01:57:24 - INFO - 
Маршрут #1815
2026-05-13 01:57:24 - INFO -   1844 → 1
2026-05-13 01:57:24 - INFO -   Длина: 1614.32 м
2026-05-13 01:57:24 - INFO - 
Маршрут #1816
2026-05-13 01:57:24 - INFO -   1845 → 1
2026-05-13 01:57:24 - INFO -   Длина: 1657.12 м
2026-05-13 01:57:24 - INFO - 
Маршрут #1817
2026-05-13 01:57:24 - INFO -   1846 → 1
2026-05-13 01:57:24 - INFO -   Длина: 1893.77 м
2026-05-13 01:57:24 - INFO - 
Маршрут #1818
2026-05-13 01:57:24 - INFO -   1847 → 1
2026-05-13 01:57:24 - INFO -   Длина: 1641.88 м
2026-05-13 01:57:24 - INFO - 
Маршрут #1819
2026-05-13 01:57:24 - INFO -   1848 → 1
2026-05-13 01:57:24 - INFO -   Длина: 2010.30 м
2026-05-13 01:57:24 - INFO - 
Маршрут #1820
2026-05-13 01:57:24 - INFO -   1849 → 1
2026-05-13 01:57:24 - INFO -   Длина: 2113.75 м
2026-05-13 01:57:24 - INFO - 
Маршрут #1821
2026-05-13 01:57:24 - INFO -   1850 → 1
2026-05-13 01:57:24 - INFO -   Длина: 1707.01 м
2026-05-13 01:57:24 - INFO - 
Маршрут #1822
2026-05-13 01:57:24 - INFO -   1851 → 1
2026-05-13 01:57:24 - INFO -   Длина: 2069.33 м
2026-05-13 01:57:24 - INFO - 
Маршрут #1823
2026-05-13 01:57:24 - INFO -   1852 → 1
2026-05-13 01:57:24 - INFO -   Длина: 2126.73 м
2026-05-13 01:57:24 - INFO - 
Маршрут #1824
2026-05-13 01:57:24 - INFO -   1853 → 1
2026-05-13 01:57:24 - INFO -   Длина: 1858.46 м
2026-05-13 01:57:24 - INFO - 
Маршрут #1825
2026-05-13 01:57:24 - INFO -   1854 → 1
2026-05-13 01:57:24 - INFO -   Длина: 1892.56 м
2026-05-13 01:57:24 - INFO - 
Маршрут #1826
2026-05-13 01:57:24 - INFO -   1855 → 1
2026-05-13 01:57:24 - INFO -   Длина: 1941.59 м
2026-05-13 01:57:24 - INFO - 
Маршрут #1827
2026-05-13 01:57:24 - INFO -   1856 → 1
2026-05-13 01:57:24 - INFO -   Длина: 2045.95 м
2026-05-13 01:57:24 - INFO - 
Маршрут #1828
2026-05-13 01:57:24 - INFO -   1857 → 1
2026-05-13 01:57:24 - INFO -   Длина: 2390.12 м
2026-05-13 01:57:24 - INFO - 
Маршрут #1829
2026-05-13 01:57:24 - INFO -   1858 → 1
2026-05-13 01:57:24 - INFO -   Длина: 2390.12 м
2026-05-13 01:57:24 - INFO - 
Маршрут #1830
2026-05-13 01:57:24 - INFO -   1859 → 1
2026-05-13 01:57:24 - INFO -   Длина: 2128.92 м
2026-05-13 01:57:24 - INFO - 
Маршрут #1831
2026-05-13 01:57:24 - INFO -   1860 → 1
2026-05-13 01:57:24 - INFO -   Длина: 2338.08 м
2026-05-13 01:57:24 - INFO - 
Маршрут #1832
2026-05-13 01:57:24 - INFO -   1861 → 1
2026-05-13 01:57:24 - INFO -   Длина: 4321.45 м
2026-05-13 01:57:24 - INFO - 
Маршрут #1833
2026-05-13 01:57:24 - INFO -   1862 → 1
2026-05-13 01:57:24 - INFO -   Длина: 3369.51 м
2026-05-13 01:57:24 - INFO - 
Маршрут #1834
2026-05-13 01:57:24 - INFO -   1863 → 1
2026-05-13 01:57:24 - INFO -   Длина: 3422.67 м
2026-05-13 01:57:24 - INFO - 
Маршрут #1835
2026-05-13 01:57:24 - INFO -   1864 → 1
2026-05-13 01:57:24 - INFO -   Длина: 3463.49 м
2026-05-13 01:57:24 - INFO - 
Маршрут #1836
2026-05-13 01:57:24 - INFO -   1865 → 1
2026-05-13 01:57:24 - INFO -   Длина: 4005.05 м
2026-05-13 01:57:24 - INFO - 
Маршрут #1837
2026-05-13 01:57:24 - INFO -   1866 → 1
2026-05-13 01:57:24 - INFO -   Длина: 3573.85 м
2026-05-13 01:57:24 - INFO - 
Маршрут #1838
2026-05-13 01:57:24 - INFO -   1867 → 1
2026-05-13 01:57:24 - INFO -   Длина: 3559.87 м
2026-05-13 01:57:24 - INFO - 
Маршрут #1839
2026-05-13 01:57:24 - INFO -   1868 → 1
2026-05-13 01:57:24 - INFO -   Длина: 3928.17 м
2026-05-13 01:57:24 - INFO - 
Маршрут #1840
2026-05-13 01:57:24 - INFO -   1869 → 1
2026-05-13 01:57:24 - INFO -   Длина: 3619.96 м
2026-05-13 01:57:24 - INFO - 
Маршрут #1841
2026-05-13 01:57:24 - INFO -   1870 → 1
2026-05-13 01:57:24 - INFO -   Длина: 4241.60 м
2026-05-13 01:57:24 - INFO - 
Маршрут #1842
2026-05-13 01:57:24 - INFO -   1871 → 1
2026-05-13 01:57:24 - INFO -   Длина: 4321.14 м
2026-05-13 01:57:24 - INFO - 
Маршрут #1843
2026-05-13 01:57:24 - INFO -   1872 → 1
2026-05-13 01:57:24 - INFO -   Длина: 4366.75 м
2026-05-13 01:57:24 - INFO - 
Маршрут #1844
2026-05-13 01:57:24 - INFO -   1873 → 1
2026-05-13 01:57:24 - INFO -   Длина: 4395.02 м
2026-05-13 01:57:24 - INFO - 
Маршрут #1845
2026-05-13 01:57:24 - INFO -   1874 → 1
2026-05-13 01:57:24 - INFO -   Длина: 3889.13 м
2026-05-13 01:57:24 - INFO - 
Маршрут #1846
2026-05-13 01:57:24 - INFO -   1875 → 1
2026-05-13 01:57:24 - INFO -   Длина: 4395.02 м
2026-05-13 01:57:24 - INFO - 
Маршрут #1847
2026-05-13 01:57:24 - INFO -   1876 → 1
2026-05-13 01:57:24 - INFO -   Длина: 4317.38 м
2026-05-13 01:57:24 - INFO - 
Маршрут #1848
2026-05-13 01:57:24 - INFO -   1877 → 1
2026-05-13 01:57:24 - INFO -   Длина: 3445.16 м
2026-05-13 01:57:24 - INFO - 
Маршрут #1849
2026-05-13 01:57:24 - INFO -   1878 → 1
2026-05-13 01:57:24 - INFO -   Длина: 3594.72 м
2026-05-13 01:57:24 - INFO - 
Маршрут #1850
2026-05-13 01:57:24 - INFO -   1879 → 1
2026-05-13 01:57:24 - INFO -   Длина: 2698.66 м
2026-05-13 01:57:24 - INFO - 
Маршрут #1851
2026-05-13 01:57:24 - INFO -   1880 → 1
2026-05-13 01:57:24 - INFO -   Длина: 3747.28 м
2026-05-13 01:57:24 - INFO - 
Маршрут #1852
2026-05-13 01:57:24 - INFO -   1881 → 1
2026-05-13 01:57:24 - INFO -   Длина: 2993.09 м
2026-05-13 01:57:24 - INFO - 
Маршрут #1853
2026-05-13 01:57:24 - INFO -   1882 → 1
2026-05-13 01:57:24 - INFO -   Длина: 3024.88 м
2026-05-13 01:57:24 - INFO - 
Маршрут #1854
2026-05-13 01:57:24 - INFO -   1883 → 1
2026-05-13 01:57:24 - INFO -   Длина: 3068.96 м
2026-05-13 01:57:24 - INFO - 
Маршрут #1855
2026-05-13 01:57:24 - INFO -   1884 → 1
2026-05-13 01:57:24 - INFO -   Длина: 2579.13 м
2026-05-13 01:57:24 - INFO - 
Маршрут #1856
2026-05-13 01:57:24 - INFO -   1885 → 1
2026-05-13 01:57:24 - INFO -   Длина: 2602.19 м
2026-05-13 01:57:24 - INFO - 
Маршрут #1857
2026-05-13 01:57:24 - INFO -   1886 → 1
2026-05-13 01:57:24 - INFO -   Длина: 3015.71 м
2026-05-13 01:57:24 - INFO - 
Маршрут #1858
2026-05-13 01:57:24 - INFO -   1887 → 1
2026-05-13 01:57:24 - INFO -   Длина: 2984.51 м
2026-05-13 01:57:24 - INFO - 
Маршрут #1859
2026-05-13 01:57:24 - INFO -   1888 → 1
2026-05-13 01:57:24 - INFO -   Длина: 2864.79 м
2026-05-13 01:57:24 - INFO - 
Маршрут #1860
2026-05-13 01:57:24 - INFO -   1889 → 1
2026-05-13 01:57:24 - INFO -   Длина: 3016.17 м
2026-05-13 01:57:24 - INFO - 
Маршрут #1861
2026-05-13 01:57:24 - INFO -   1890 → 1
2026-05-13 01:57:24 - INFO -   Длина: 2864.79 м
2026-05-13 01:57:24 - INFO - 
Маршрут #1862
2026-05-13 01:57:24 - INFO -   1891 → 1
2026-05-13 01:57:24 - INFO -   Длина: 2843.22 м
2026-05-13 01:57:24 - INFO - 
Маршрут #1863
2026-05-13 01:57:24 - INFO -   1892 → 1
2026-05-13 01:57:24 - INFO -   Длина: 2891.83 м
2026-05-13 01:57:24 - INFO - 
Маршрут #1864
2026-05-13 01:57:24 - INFO -   1893 → 1
2026-05-13 01:57:24 - INFO -   Длина: 2954.16 м
2026-05-13 01:57:24 - INFO - 
Маршрут #1865
2026-05-13 01:57:24 - INFO -   1894 → 1
2026-05-13 01:57:24 - INFO -   Длина: 3181.10 м
2026-05-13 01:57:24 - INFO - 
Маршрут #1866
2026-05-13 01:57:24 - INFO -   1895 → 1
2026-05-13 01:57:24 - INFO -   Длина: 3282.33 м
2026-05-13 01:57:24 - INFO - 
Маршрут #1867
2026-05-13 01:57:24 - INFO -   1896 → 1
2026-05-13 01:57:24 - INFO -   Длина: 3485.96 м
2026-05-13 01:57:24 - INFO - 
Маршрут #1868
2026-05-13 01:57:24 - INFO -   1897 → 1
2026-05-13 01:57:24 - INFO -   Длина: 3445.79 м
2026-05-13 01:57:24 - INFO - 
Маршрут #1869
2026-05-13 01:57:24 - INFO -   1898 → 1
2026-05-13 01:57:24 - INFO -   Длина: 4304.51 м
2026-05-13 01:57:24 - INFO - 
Маршрут #1870
2026-05-13 01:57:24 - INFO -   1899 → 7
2026-05-13 01:57:24 - INFO -   Длина: 1503.56 м
2026-05-13 01:57:24 - INFO - 
Маршрут #1871
2026-05-13 01:57:24 - INFO -   1900 → 7
2026-05-13 01:57:24 - INFO -   Длина: 1848.37 м
2026-05-13 01:57:24 - INFO - 
Маршрут #1872
2026-05-13 01:57:24 - INFO -   1901 → 7
2026-05-13 01:57:24 - INFO -   Длина: 1892.94 м
2026-05-13 01:57:24 - INFO - 
Маршрут #1873
2026-05-13 01:57:24 - INFO -   1902 → 7
2026-05-13 01:57:24 - INFO -   Длина: 1434.01 м
2026-05-13 01:57:24 - INFO - 
Маршрут #1874
2026-05-13 01:57:24 - INFO -   1903 → 7
2026-05-13 01:57:24 - INFO -   Длина: 1427.31 м
2026-05-13 01:57:24 - INFO - 
Маршрут #1875
2026-05-13 01:57:24 - INFO -   1904 → 7
2026-05-13 01:57:24 - INFO -   Длина: 1845.16 м
2026-05-13 01:57:24 - INFO - 
Маршрут #1876
2026-05-13 01:57:24 - INFO -   1905 → 7
2026-05-13 01:57:24 - INFO -   Длина: 1471.14 м
2026-05-13 01:57:24 - INFO - 
Маршрут #1877
2026-05-13 01:57:24 - INFO -   1906 → 7
2026-05-13 01:57:24 - INFO -   Длина: 1650.37 м
2026-05-13 01:57:24 - INFO - 
Маршрут #1878
2026-05-13 01:57:24 - INFO -   1907 → 7
2026-05-13 01:57:24 - INFO -   Длина: 1851.93 м
2026-05-13 01:57:24 - INFO - 
Маршрут #1879
2026-05-13 01:57:24 - INFO -   1908 → 7
2026-05-13 01:57:24 - INFO -   Длина: 1637.96 м
2026-05-13 01:57:24 - INFO - 
Маршрут #1880
2026-05-13 01:57:24 - INFO -   1909 → 7
2026-05-13 01:57:24 - INFO -   Длина: 1891.46 м
2026-05-13 01:57:24 - INFO - 
Маршрут #1881
2026-05-13 01:57:24 - INFO -   1910 → 7
2026-05-13 01:57:24 - INFO -   Длина: 1832.21 м
2026-05-13 01:57:24 - INFO - 
Маршрут #1882
2026-05-13 01:57:24 - INFO -   1911 → 7
2026-05-13 01:57:24 - INFO -   Длина: 1604.63 м
2026-05-13 01:57:24 - INFO - 
Маршрут #1883
2026-05-13 01:57:24 - INFO -   1912 → 7
2026-05-13 01:57:24 - INFO -   Длина: 1818.41 м
2026-05-13 01:57:24 - INFO - 
Маршрут #1884
2026-05-13 01:57:24 - INFO -   1913 → 7
2026-05-13 01:57:24 - INFO -   Длина: 1897.22 м
2026-05-13 01:57:24 - INFO - 
Маршрут #1885
2026-05-13 01:57:24 - INFO -   1914 → 7
2026-05-13 01:57:24 - INFO -   Длина: 1828.61 м
2026-05-13 01:57:24 - INFO - 
Маршрут #1886
2026-05-13 01:57:24 - INFO -   1915 → 7
2026-05-13 01:57:24 - INFO -   Длина: 1885.67 м
2026-05-13 01:57:24 - INFO - 
Маршрут #1887
2026-05-13 01:57:24 - INFO -   1916 → 7
2026-05-13 01:57:24 - INFO -   Длина: 1587.89 м
2026-05-13 01:57:24 - INFO - 
Маршрут #1888
2026-05-13 01:57:24 - INFO -   1917 → 7
2026-05-13 01:57:24 - INFO -   Длина: 954.55 м
2026-05-13 01:57:24 - INFO - 
Маршрут #1889
2026-05-13 01:57:24 - INFO -   1918 → 7
2026-05-13 01:57:24 - INFO -   Длина: 1521.85 м
2026-05-13 01:57:24 - INFO - 
Маршрут #1890
2026-05-13 01:57:24 - INFO -   1919 → 7
2026-05-13 01:57:24 - INFO -   Длина: 1584.68 м
2026-05-13 01:57:24 - INFO - 
Маршрут #1891
2026-05-13 01:57:24 - INFO -   1920 → 7
2026-05-13 01:57:24 - INFO -   Длина: 1385.87 м
2026-05-13 01:57:24 - INFO - 
Маршрут #1892
2026-05-13 01:57:24 - INFO -   1921 → 7
2026-05-13 01:57:24 - INFO -   Длина: 1371.39 м
2026-05-13 01:57:24 - INFO - 
Маршрут #1893
2026-05-13 01:57:24 - INFO -   1922 → 7
2026-05-13 01:57:24 - INFO -   Длина: 1485.11 м
2026-05-13 01:57:24 - INFO - 
Маршрут #1894
2026-05-13 01:57:24 - INFO -   1923 → 7
2026-05-13 01:57:24 - INFO -   Длина: 1436.30 м
2026-05-13 01:57:24 - INFO - 
Маршрут #1895
2026-05-13 01:57:24 - INFO -   1924 → 7
2026-05-13 01:57:24 - INFO -   Длина: 962.75 м
2026-05-13 01:57:24 - INFO - 
Маршрут #1896
2026-05-13 01:57:24 - INFO -   1925 → 7
2026-05-13 01:57:24 - INFO -   Длина: 1322.63 м
2026-05-13 01:57:24 - INFO - 
Маршрут #1897
2026-05-13 01:57:24 - INFO -   1926 → 7
2026-05-13 01:57:24 - INFO -   Длина: 1254.45 м
2026-05-13 01:57:24 - INFO - 
Маршрут #1898
2026-05-13 01:57:24 - INFO -   1927 → 7
2026-05-13 01:57:24 - INFO -   Длина: 1538.52 м
2026-05-13 01:57:24 - INFO - 
Маршрут #1899
2026-05-13 01:57:24 - INFO -   1928 → 7
2026-05-13 01:57:24 - INFO -   Длина: 1592.66 м
2026-05-13 01:57:24 - INFO - 
Маршрут #1900
2026-05-13 01:57:24 - INFO -   1929 → 7
2026-05-13 01:57:24 - INFO -   Длина: 1278.56 м
2026-05-13 01:57:24 - INFO - 
Маршрут #1901
2026-05-13 01:57:24 - INFO -   1930 → 7
2026-05-13 01:57:24 - INFO -   Длина: 1190.66 м
2026-05-13 01:57:24 - INFO - 
Маршрут #1902
2026-05-13 01:57:24 - INFO -   1931 → 7
2026-05-13 01:57:24 - INFO -   Длина: 1586.52 м
2026-05-13 01:57:24 - INFO - 
Маршрут #1903
2026-05-13 01:57:24 - INFO -   1932 → 7
2026-05-13 01:57:24 - INFO -   Длина: 1328.76 м
2026-05-13 01:57:24 - INFO - 
Маршрут #1904
2026-05-13 01:57:24 - INFO -   1933 → 7
2026-05-13 01:57:24 - INFO -   Длина: 1413.54 м
2026-05-13 01:57:24 - INFO - 
Маршрут #1905
2026-05-13 01:57:24 - INFO -   1934 → 7
2026-05-13 01:57:24 - INFO -   Длина: 1568.62 м
2026-05-13 01:57:24 - INFO - 
Маршрут #1906
2026-05-13 01:57:24 - INFO -   1935 → 7
2026-05-13 01:57:24 - INFO -   Длина: 1348.53 м
2026-05-13 01:57:24 - INFO - 
Маршрут #1907
2026-05-13 01:57:24 - INFO -   1936 → 7
2026-05-13 01:57:24 - INFO -   Длина: 1396.45 м
2026-05-13 01:57:24 - INFO - 
Маршрут #1908
2026-05-13 01:57:24 - INFO -   1937 → 7
2026-05-13 01:57:24 - INFO -   Длина: 1320.48 м
2026-05-13 01:57:24 - INFO - 
Маршрут #1909
2026-05-13 01:57:24 - INFO -   1938 → 7
2026-05-13 01:57:24 - INFO -   Длина: 1408.51 м
2026-05-13 01:57:24 - INFO - 
Маршрут #1910
2026-05-13 01:57:24 - INFO -   1939 → 7
2026-05-13 01:57:24 - INFO -   Длина: 1462.12 м
2026-05-13 01:57:24 - INFO - 
Маршрут #1911
2026-05-13 01:57:24 - INFO -   1940 → 7
2026-05-13 01:57:24 - INFO -   Длина: 1441.57 м
2026-05-13 01:57:24 - INFO - 
Маршрут #1912
2026-05-13 01:57:24 - INFO -   1941 → 7
2026-05-13 01:57:24 - INFO -   Длина: 1438.91 м
2026-05-13 01:57:24 - INFO - 
Маршрут #1913
2026-05-13 01:57:24 - INFO -   1942 → 7
2026-05-13 01:57:24 - INFO -   Длина: 1578.21 м
2026-05-13 01:57:24 - INFO - 
Маршрут #1914
2026-05-13 01:57:24 - INFO -   1943 → 2
2026-05-13 01:57:24 - INFO -   Длина: 1825.59 м
2026-05-13 01:57:24 - INFO - 
Маршрут #1915
2026-05-13 01:57:24 - INFO -   1944 → 2
2026-05-13 01:57:24 - INFO -   Длина: 1713.88 м
2026-05-13 01:57:24 - INFO - 
Маршрут #1916
2026-05-13 01:57:24 - INFO -   1945 → 2
2026-05-13 01:57:24 - INFO -   Длина: 1666.10 м
2026-05-13 01:57:24 - INFO - 
Маршрут #1917
2026-05-13 01:57:24 - INFO -   1946 → 7
2026-05-13 01:57:24 - INFO -   Длина: 2150.30 м
2026-05-13 01:57:24 - INFO - 
Маршрут #1918
2026-05-13 01:57:24 - INFO -   1947 → 7
2026-05-13 01:57:24 - INFO -   Длина: 2122.16 м
2026-05-13 01:57:24 - INFO - 
Маршрут #1919
2026-05-13 01:57:24 - INFO -   1948 → 2
2026-05-13 01:57:24 - INFO -   Длина: 1629.97 м
2026-05-13 01:57:24 - INFO - 
Маршрут #1920
2026-05-13 01:57:24 - INFO -   1949 → 2
2026-05-13 01:57:24 - INFO -   Длина: 1730.85 м
2026-05-13 01:57:24 - INFO - 
Маршрут #1921
2026-05-13 01:57:24 - INFO -   1950 → 2
2026-05-13 01:57:24 - INFO -   Длина: 1754.18 м
2026-05-13 01:57:24 - INFO - 
Маршрут #1922
2026-05-13 01:57:24 - INFO -   1951 → 2
2026-05-13 01:57:24 - INFO -   Длина: 1502.77 м
2026-05-13 01:57:24 - INFO - 
Маршрут #1923
2026-05-13 01:57:24 - INFO -   1952 → 2
2026-05-13 01:57:24 - INFO -   Длина: 1655.64 м
2026-05-13 01:57:24 - INFO - 
Маршрут #1924
2026-05-13 01:57:24 - INFO -   1953 → 2
2026-05-13 01:57:24 - INFO -   Длина: 1633.33 м
2026-05-13 01:57:24 - INFO - 
Маршрут #1925
2026-05-13 01:57:24 - INFO -   1954 → 2
2026-05-13 01:57:24 - INFO -   Длина: 1709.85 м
2026-05-13 01:57:24 - INFO - 
Маршрут #1926
2026-05-13 01:57:24 - INFO -   1955 → 2
2026-05-13 01:57:24 - INFO -   Длина: 1255.47 м
2026-05-13 01:57:24 - INFO - 
Маршрут #1927
2026-05-13 01:57:24 - INFO -   1956 → 2
2026-05-13 01:57:24 - INFO -   Длина: 1531.81 м
2026-05-13 01:57:24 - INFO - 
Маршрут #1928
2026-05-13 01:57:24 - INFO -   1957 → 7
2026-05-13 01:57:24 - INFO -   Длина: 1523.16 м
2026-05-13 01:57:24 - INFO - 
Маршрут #1929
2026-05-13 01:57:24 - INFO -   1958 → 7
2026-05-13 01:57:24 - INFO -   Длина: 1552.68 м
2026-05-13 01:57:24 - INFO - 
Маршрут #1930
2026-05-13 01:57:24 - INFO -   1959 → 7
2026-05-13 01:57:24 - INFO -   Длина: 1588.53 м
2026-05-13 01:57:24 - INFO - 
Маршрут #1931
2026-05-13 01:57:24 - INFO -   1960 → 7
2026-05-13 01:57:24 - INFO -   Длина: 1799.22 м
2026-05-13 01:57:24 - INFO - 
Маршрут #1932
2026-05-13 01:57:24 - INFO -   1961 → 7
2026-05-13 01:57:24 - INFO -   Длина: 1602.59 м
2026-05-13 01:57:24 - INFO - 
Маршрут #1933
2026-05-13 01:57:24 - INFO -   1962 → 7
2026-05-13 01:57:24 - INFO -   Длина: 1747.51 м
2026-05-13 01:57:24 - INFO - 
Маршрут #1934
2026-05-13 01:57:24 - INFO -   1963 → 7
2026-05-13 01:57:24 - INFO -   Длина: 1593.61 м
2026-05-13 01:57:24 - INFO - 
Маршрут #1935
2026-05-13 01:57:24 - INFO -   1964 → 7
2026-05-13 01:57:24 - INFO -   Длина: 1675.02 м
2026-05-13 01:57:24 - INFO - 
Маршрут #1936
2026-05-13 01:57:24 - INFO -   1965 → 7
2026-05-13 01:57:24 - INFO -   Длина: 1761.71 м
2026-05-13 01:57:24 - INFO - 
Маршрут #1937
2026-05-13 01:57:24 - INFO -   1966 → 7
2026-05-13 01:57:24 - INFO -   Длина: 1743.69 м
2026-05-13 01:57:24 - INFO - 
Маршрут #1938
2026-05-13 01:57:24 - INFO -   1967 → 7
2026-05-13 01:57:24 - INFO -   Длина: 1715.72 м
2026-05-13 01:57:24 - INFO - 
Маршрут #1939
2026-05-13 01:57:24 - INFO -   1968 → 7
2026-05-13 01:57:24 - INFO -   Длина: 1739.58 м
2026-05-13 01:57:24 - INFO - 
Маршрут #1940
2026-05-13 01:57:24 - INFO -   1969 → 7
2026-05-13 01:57:24 - INFO -   Длина: 1760.96 м
2026-05-13 01:57:24 - INFO - 
Маршрут #1941
2026-05-13 01:57:24 - INFO -   1970 → 7
2026-05-13 01:57:24 - INFO -   Длина: 1717.18 м
2026-05-13 01:57:24 - INFO - 
Маршрут #1942
2026-05-13 01:57:24 - INFO -   1971 → 7
2026-05-13 01:57:24 - INFO -   Длина: 1851.54 м
2026-05-13 01:57:24 - INFO - 
Маршрут #1943
2026-05-13 01:57:24 - INFO -   1972 → 7
2026-05-13 01:57:24 - INFO -   Длина: 1914.60 м
2026-05-13 01:57:24 - INFO - 
Маршрут #1944
2026-05-13 01:57:24 - INFO -   1973 → 7
2026-05-13 01:57:24 - INFO -   Длина: 1876.45 м
2026-05-13 01:57:24 - INFO - 
Маршрут #1945
2026-05-13 01:57:24 - INFO -   1974 → 7
2026-05-13 01:57:24 - INFO -   Длина: 1956.77 м
2026-05-13 01:57:24 - INFO - 
Маршрут #1946
2026-05-13 01:57:24 - INFO -   1975 → 7
2026-05-13 01:57:24 - INFO -   Длина: 1828.65 м
2026-05-13 01:57:24 - INFO - 
Маршрут #1947
2026-05-13 01:57:24 - INFO -   1976 → 7
2026-05-13 01:57:24 - INFO -   Длина: 1995.41 м
2026-05-13 01:57:24 - INFO - 
Маршрут #1948
2026-05-13 01:57:24 - INFO -   1977 → 7
2026-05-13 01:57:24 - INFO -   Длина: 2079.09 м
2026-05-13 01:57:24 - INFO - 
Маршрут #1949
2026-05-13 01:57:24 - INFO -   1978 → 2
2026-05-13 01:57:24 - INFO -   Длина: 1105.65 м
2026-05-13 01:57:24 - INFO - 
Маршрут #1950
2026-05-13 01:57:24 - INFO -   1979 → 2
2026-05-13 01:57:24 - INFO -   Длина: 1073.36 м
2026-05-13 01:57:24 - INFO - 
Маршрут #1951
2026-05-13 01:57:24 - INFO -   1980 → 2
2026-05-13 01:57:24 - INFO -   Длина: 1082.67 м
2026-05-13 01:57:24 - INFO - 
Маршрут #1952
2026-05-13 01:57:24 - INFO -   1981 → 2
2026-05-13 01:57:24 - INFO -   Длина: 716.44 м
2026-05-13 01:57:24 - INFO - 
Маршрут #1953
2026-05-13 01:57:24 - INFO -   1982 → 2
2026-05-13 01:57:24 - INFO -   Длина: 565.07 м
2026-05-13 01:57:24 - INFO - 
Маршрут #1954
2026-05-13 01:57:24 - INFO -   1983 → 2
2026-05-13 01:57:24 - INFO -   Длина: 571.65 м
2026-05-13 01:57:24 - INFO - 
Маршрут #1955
2026-05-13 01:57:24 - INFO -   1984 → 2
2026-05-13 01:57:24 - INFO -   Длина: 592.69 м
2026-05-13 01:57:24 - INFO - 
Маршрут #1956
2026-05-13 01:57:24 - INFO -   1985 → 2
2026-05-13 01:57:24 - INFO -   Длина: 469.41 м
2026-05-13 01:57:24 - INFO - 
Маршрут #1957
2026-05-13 01:57:24 - INFO -   1986 → 2
2026-05-13 01:57:24 - INFO -   Длина: 355.46 м
2026-05-13 01:57:24 - INFO - 
Маршрут #1958
2026-05-13 01:57:24 - INFO -   1987 → 2
2026-05-13 01:57:24 - INFO -   Длина: 824.99 м
2026-05-13 01:57:24 - INFO - 
Маршрут #1959
2026-05-13 01:57:24 - INFO -   1988 → 2
2026-05-13 01:57:24 - INFO -   Длина: 911.17 м
2026-05-13 01:57:24 - INFO - 
Маршрут #1960
2026-05-13 01:57:24 - INFO -   1989 → 2
2026-05-13 01:57:24 - INFO -   Длина: 777.36 м
2026-05-13 01:57:24 - INFO - 
Маршрут #1961
2026-05-13 01:57:24 - INFO -   1990 → 2
2026-05-13 01:57:24 - INFO -   Длина: 427.08 м
2026-05-13 01:57:24 - INFO - 
Маршрут #1962
2026-05-13 01:57:24 - INFO -   1991 → 2
2026-05-13 01:57:24 - INFO -   Длина: 908.63 м
2026-05-13 01:57:24 - INFO - 
Маршрут #1963
2026-05-13 01:57:24 - INFO -   1992 → 7
2026-05-13 01:57:24 - INFO -   Длина: 1587.91 м
2026-05-13 01:57:24 - INFO - 
Маршрут #1964
2026-05-13 01:57:24 - INFO -   1993 → 7
2026-05-13 01:57:24 - INFO -   Длина: 1752.15 м
2026-05-13 01:57:24 - INFO - 
Маршрут #1965
2026-05-13 01:57:24 - INFO -   1994 → 7
2026-05-13 01:57:24 - INFO -   Длина: 1982.85 м
2026-05-13 01:57:24 - INFO - 
Маршрут #1966
2026-05-13 01:57:24 - INFO -   1995 → 7
2026-05-13 01:57:24 - INFO -   Длина: 1954.84 м
2026-05-13 01:57:24 - INFO - 
Маршрут #1967
2026-05-13 01:57:24 - INFO -   1996 → 7
2026-05-13 01:57:24 - INFO -   Длина: 2057.58 м
2026-05-13 01:57:24 - INFO - 
Маршрут #1968
2026-05-13 01:57:24 - INFO -   1997 → 7
2026-05-13 01:57:24 - INFO -   Длина: 1869.62 м
2026-05-13 01:57:24 - INFO - 
Маршрут #1969
2026-05-13 01:57:24 - INFO -   1998 → 7
2026-05-13 01:57:24 - INFO -   Длина: 1655.92 м
2026-05-13 01:57:24 - INFO - 
Маршрут #1970
2026-05-13 01:57:24 - INFO -   1999 → 7
2026-05-13 01:57:24 - INFO -   Длина: 1771.17 м
2026-05-13 01:57:24 - INFO - 
Маршрут #1971
2026-05-13 01:57:24 - INFO -   2000 → 7
2026-05-13 01:57:24 - INFO -   Длина: 2083.48 м
2026-05-13 01:57:24 - INFO - 
Маршрут #1972
2026-05-13 01:57:24 - INFO -   2001 → 7
2026-05-13 01:57:24 - INFO -   Длина: 2078.63 м
2026-05-13 01:57:24 - INFO - 
Маршрут #1973
2026-05-13 01:57:24 - INFO -   2002 → 7
2026-05-13 01:57:24 - INFO -   Длина: 2018.40 м
2026-05-13 01:57:24 - INFO - 
Маршрут #1974
2026-05-13 01:57:24 - INFO -   2003 → 7
2026-05-13 01:57:24 - INFO -   Длина: 1962.60 м
2026-05-13 01:57:24 - INFO - 
Маршрут #1975
2026-05-13 01:57:24 - INFO -   2004 → 7
2026-05-13 01:57:24 - INFO -   Длина: 1735.41 м
2026-05-13 01:57:24 - INFO - 
Маршрут #1976
2026-05-13 01:57:24 - INFO -   2005 → 7
2026-05-13 01:57:24 - INFO -   Длина: 1908.72 м
2026-05-13 01:57:24 - INFO - 
Маршрут #1977
2026-05-13 01:57:24 - INFO -   2006 → 7
2026-05-13 01:57:24 - INFO -   Длина: 1743.59 м
2026-05-13 01:57:24 - INFO - 
Маршрут #1978
2026-05-13 01:57:24 - INFO -   2007 → 2
2026-05-13 01:57:24 - INFO -   Длина: 1812.15 м
2026-05-13 01:57:24 - INFO - 
Маршрут #1979
2026-05-13 01:57:24 - INFO -   2008 → 7
2026-05-13 01:57:24 - INFO -   Длина: 1974.20 м
2026-05-13 01:57:24 - INFO - 
Маршрут #1980
2026-05-13 01:57:24 - INFO -   2009 → 7
2026-05-13 01:57:24 - INFO -   Длина: 1780.13 м
2026-05-13 01:57:24 - INFO - 
Маршрут #1981
2026-05-13 01:57:24 - INFO -   2010 → 2
2026-05-13 01:57:24 - INFO -   Длина: 1844.43 м
2026-05-13 01:57:24 - INFO - 
Маршрут #1982
2026-05-13 01:57:24 - INFO -   2011 → 7
2026-05-13 01:57:24 - INFO -   Длина: 1729.04 м
2026-05-13 01:57:24 - INFO - 
Маршрут #1983
2026-05-13 01:57:24 - INFO -   2012 → 2
2026-05-13 01:57:24 - INFO -   Длина: 1829.73 м
2026-05-13 01:57:24 - INFO - 
Маршрут #1984
2026-05-13 01:57:24 - INFO -   2013 → 2
2026-05-13 01:57:24 - INFO -   Длина: 1878.39 м
2026-05-13 01:57:24 - INFO - 
Маршрут #1985
2026-05-13 01:57:24 - INFO -   2014 → 2
2026-05-13 01:57:24 - INFO -   Длина: 1843.53 м
2026-05-13 01:57:24 - INFO - 
Маршрут #1986
2026-05-13 01:57:24 - INFO -   2015 → 7
2026-05-13 01:57:24 - INFO -   Длина: 1945.69 м
2026-05-13 01:57:24 - INFO - 
Маршрут #1987
2026-05-13 01:57:24 - INFO -   2016 → 7
2026-05-13 01:57:24 - INFO -   Длина: 2021.92 м
2026-05-13 01:57:24 - INFO - 
Маршрут #1988
2026-05-13 01:57:24 - INFO -   2017 → 2
2026-05-13 01:57:24 - INFO -   Длина: 1964.80 м
2026-05-13 01:57:24 - INFO - 
Маршрут #1989
2026-05-13 01:57:24 - INFO -   2018 → 7
2026-05-13 01:57:24 - INFO -   Длина: 2076.46 м
2026-05-13 01:57:24 - INFO - 
Маршрут #1990
2026-05-13 01:57:24 - INFO -   2019 → 2
2026-05-13 01:57:24 - INFO -   Длина: 1799.24 м
2026-05-13 01:57:24 - INFO - 
Маршрут #1991
2026-05-13 01:57:24 - INFO -   2020 → 2
2026-05-13 01:57:24 - INFO -   Длина: 1770.89 м
2026-05-13 01:57:24 - INFO - 
Маршрут #1992
2026-05-13 01:57:24 - INFO -   2021 → 7
2026-05-13 01:57:24 - INFO -   Длина: 2028.80 м
2026-05-13 01:57:24 - INFO - 
Маршрут #1993
2026-05-13 01:57:24 - INFO -   2022 → 7
2026-05-13 01:57:24 - INFO -   Длина: 2189.29 м
2026-05-13 01:57:24 - INFO - 
Маршрут #1994
2026-05-13 01:57:24 - INFO -   2023 → 2
2026-05-13 01:57:24 - INFO -   Длина: 1729.64 м
2026-05-13 01:57:24 - INFO - 
Маршрут #1995
2026-05-13 01:57:24 - INFO -   2024 → 7
2026-05-13 01:57:24 - INFO -   Длина: 2016.89 м
2026-05-13 01:57:24 - INFO - 
Маршрут #1996
2026-05-13 01:57:24 - INFO -   2025 → 7
2026-05-13 01:57:24 - INFO -   Длина: 2008.51 м
2026-05-13 01:57:24 - INFO - 
Маршрут #1997
2026-05-13 01:57:24 - INFO -   2026 → 5
2026-05-13 01:57:24 - INFO -   Длина: 1594.34 м
2026-05-13 01:57:24 - INFO - 
Маршрут #1998
2026-05-13 01:57:24 - INFO -   2027 → 5
2026-05-13 01:57:24 - INFO -   Длина: 1488.48 м
2026-05-13 01:57:24 - INFO - 
Маршрут #1999
2026-05-13 01:57:24 - INFO -   2028 → 5
2026-05-13 01:57:24 - INFO -   Длина: 1427.79 м
2026-05-13 01:57:24 - INFO - 
Маршрут #2000
2026-05-13 01:57:24 - INFO -   2029 → 5
2026-05-13 01:57:24 - INFO -   Длина: 1801.05 м
2026-05-13 01:57:24 - INFO - 
Маршрут #2001
2026-05-13 01:57:24 - INFO -   2030 → 5
2026-05-13 01:57:24 - INFO -   Длина: 1855.55 м
2026-05-13 01:57:24 - INFO - 
Маршрут #2002
2026-05-13 01:57:24 - INFO -   2031 → 5
2026-05-13 01:57:24 - INFO -   Длина: 2699.09 м
2026-05-13 01:57:24 - INFO - 
Маршрут #2003
2026-05-13 01:57:24 - INFO -   2032 → 3
2026-05-13 01:57:24 - INFO -   Длина: 4352.20 м
2026-05-13 01:57:24 - INFO - 
Маршрут #2004
2026-05-13 01:57:24 - INFO -   2033 → 5
2026-05-13 01:57:24 - INFO -   Длина: 3631.38 м
2026-05-13 01:57:24 - INFO - 
Маршрут #2005
2026-05-13 01:57:24 - INFO -   2034 → 5
2026-05-13 01:57:24 - INFO -   Длина: 3673.00 м
2026-05-13 01:57:24 - INFO - 
Маршрут #2006
2026-05-13 01:57:24 - INFO -   2035 → 3
2026-05-13 01:57:24 - INFO -   Длина: 4198.15 м
2026-05-13 01:57:24 - INFO - 
Маршрут #2007
2026-05-13 01:57:24 - INFO -   2036 → 5
2026-05-13 01:57:24 - INFO -   Длина: 3323.26 м
2026-05-13 01:57:24 - INFO - 
Маршрут #2008
2026-05-13 01:57:24 - INFO -   2037 → 5
2026-05-13 01:57:24 - INFO -   Длина: 3529.64 м
2026-05-13 01:57:24 - INFO - 
Маршрут #2009
2026-05-13 01:57:24 - INFO -   2038 → 5
2026-05-13 01:57:24 - INFO -   Длина: 3765.47 м
2026-05-13 01:57:24 - INFO - 
Маршрут #2010
2026-05-13 01:57:24 - INFO -   2040 → 5
2026-05-13 01:57:24 - INFO -   Длина: 4018.52 м
2026-05-13 01:57:24 - INFO - 
Маршрут #2011
2026-05-13 01:57:24 - INFO -   2041 → 5
2026-05-13 01:57:24 - INFO -   Длина: 3629.66 м
2026-05-13 01:57:24 - INFO - 
Маршрут #2012
2026-05-13 01:57:24 - INFO -   2042 → 5
2026-05-13 01:57:24 - INFO -   Длина: 3606.36 м
2026-05-13 01:57:24 - INFO - 
Маршрут #2013
2026-05-13 01:57:24 - INFO -   2043 → 5
2026-05-13 01:57:24 - INFO -   Длина: 3585.03 м
2026-05-13 01:57:24 - INFO - 
Маршрут #2014
2026-05-13 01:57:24 - INFO -   2044 → 5
2026-05-13 01:57:24 - INFO -   Длина: 3557.51 м
2026-05-13 01:57:24 - INFO - 
Маршрут #2015
2026-05-13 01:57:24 - INFO -   2045 → 5
2026-05-13 01:57:24 - INFO -   Длина: 3491.33 м
2026-05-13 01:57:24 - INFO - 
Маршрут #2016
2026-05-13 01:57:24 - INFO -   2046 → 5
2026-05-13 01:57:24 - INFO -   Длина: 4148.17 м
2026-05-13 01:57:24 - INFO - 
Маршрут #2017
2026-05-13 01:57:24 - INFO -   2047 → 5
2026-05-13 01:57:24 - INFO -   Длина: 4174.40 м
2026-05-13 01:57:24 - INFO - 
Маршрут #2018
2026-05-13 01:57:24 - INFO -   2048 → 5
2026-05-13 01:57:24 - INFO -   Длина: 4308.07 м
2026-05-13 01:57:24 - INFO - 
Маршрут #2019
2026-05-13 01:57:24 - INFO -   2049 → 5
2026-05-13 01:57:24 - INFO -   Длина: 4363.25 м
2026-05-13 01:57:24 - INFO - 
Маршрут #2020
2026-05-13 01:57:24 - INFO -   2054 → 5
2026-05-13 01:57:24 - INFO -   Длина: 4464.20 м
2026-05-13 01:57:24 - INFO - 
Маршрут #2021
2026-05-13 01:57:24 - INFO -   2055 → 5
2026-05-13 01:57:24 - INFO -   Длина: 4471.50 м
2026-05-13 01:57:24 - INFO - 
Маршрут #2022
2026-05-13 01:57:24 - INFO -   2057 → 3
2026-05-13 01:57:24 - INFO -   Длина: 3764.08 м
2026-05-13 01:57:24 - INFO - 
Маршрут #2023
2026-05-13 01:57:24 - INFO -   2058 → 5
2026-05-13 01:57:24 - INFO -   Длина: 2558.61 м
2026-05-13 01:57:24 - INFO - 
Маршрут #2024
2026-05-13 01:57:24 - INFO -   2059 → 5
2026-05-13 01:57:24 - INFO -   Длина: 2351.65 м
2026-05-13 01:57:24 - INFO - 
Маршрут #2025
2026-05-13 01:57:24 - INFO -   2060 → 5
2026-05-13 01:57:24 - INFO -   Длина: 2184.80 м
2026-05-13 01:57:24 - INFO - 
Маршрут #2026
2026-05-13 01:57:24 - INFO -   2061 → 5
2026-05-13 01:57:24 - INFO -   Длина: 1877.20 м
2026-05-13 01:57:24 - INFO - 
Маршрут #2027
2026-05-13 01:57:24 - INFO -   2062 → 5
2026-05-13 01:57:24 - INFO -   Длина: 1831.54 м
2026-05-13 01:57:24 - INFO - 
Маршрут #2028
2026-05-13 01:57:24 - INFO -   2063 → 3
2026-05-13 01:57:24 - INFO -   Длина: 1443.01 м
2026-05-13 01:57:24 - INFO - 
Маршрут #2029
2026-05-13 01:57:24 - INFO -   2064 → 5
2026-05-13 01:57:24 - INFO -   Длина: 1947.96 м
2026-05-13 01:57:24 - INFO - 
Маршрут #2030
2026-05-13 01:57:24 - INFO -   2065 → 5
2026-05-13 01:57:24 - INFO -   Длина: 1679.73 м
2026-05-13 01:57:24 - INFO - 
Маршрут #2031
2026-05-13 01:57:24 - INFO -   2066 → 5
2026-05-13 01:57:24 - INFO -   Длина: 1464.48 м
2026-05-13 01:57:24 - INFO - 
Маршрут #2032
2026-05-13 01:57:24 - INFO -   2067 → 5
2026-05-13 01:57:24 - INFO -   Длина: 1343.81 м
2026-05-13 01:57:24 - INFO - 
Маршрут #2033
2026-05-13 01:57:24 - INFO -   2068 → 5
2026-05-13 01:57:24 - INFO -   Длина: 1306.36 м
2026-05-13 01:57:24 - INFO - 
Маршрут #2034
2026-05-13 01:57:24 - INFO -   2069 → 5
2026-05-13 01:57:24 - INFO -   Длина: 1793.09 м
2026-05-13 01:57:24 - INFO - 
Маршрут #2035
2026-05-13 01:57:24 - INFO -   2070 → 5
2026-05-13 01:57:24 - INFO -   Длина: 2679.74 м
2026-05-13 01:57:24 - INFO - 
Маршрут #2036
2026-05-13 01:57:24 - INFO -   2071 → 5
2026-05-13 01:57:24 - INFO -   Длина: 2643.12 м
2026-05-13 01:57:24 - INFO - 
Маршрут #2037
2026-05-13 01:57:24 - INFO -   2072 → 5
2026-05-13 01:57:24 - INFO -   Длина: 2723.12 м
2026-05-13 01:57:24 - INFO - 
Маршрут #2038
2026-05-13 01:57:24 - INFO -   2073 → 5
2026-05-13 01:57:24 - INFO -   Длина: 2573.82 м
2026-05-13 01:57:24 - INFO - 
Маршрут #2039
2026-05-13 01:57:24 - INFO -   2074 → 5
2026-05-13 01:57:24 - INFO -   Длина: 2347.14 м
2026-05-13 01:57:24 - INFO - 
Маршрут #2040
2026-05-13 01:57:24 - INFO -   2075 → 5
2026-05-13 01:57:24 - INFO -   Длина: 2438.27 м
2026-05-13 01:57:24 - INFO - 
Маршрут #2041
2026-05-13 01:57:24 - INFO -   2076 → 5
2026-05-13 01:57:24 - INFO -   Длина: 2351.06 м
2026-05-13 01:57:24 - INFO - 
Маршрут #2042
2026-05-13 01:57:24 - INFO -   2077 → 5
2026-05-13 01:57:24 - INFO -   Длина: 2614.43 м
2026-05-13 01:57:24 - INFO - 
Маршрут #2043
2026-05-13 01:57:24 - INFO -   2078 → 5
2026-05-13 01:57:24 - INFO -   Длина: 3856.00 м
2026-05-13 01:57:24 - INFO - 
Маршрут #2044
2026-05-13 01:57:24 - INFO -   2079 → 5
2026-05-13 01:57:24 - INFO -   Длина: 3785.07 м
2026-05-13 01:57:24 - INFO - 
Маршрут #2045
2026-05-13 01:57:24 - INFO -   2080 → 5
2026-05-13 01:57:24 - INFO -   Длина: 2138.07 м
2026-05-13 01:57:24 - INFO - 
Маршрут #2046
2026-05-13 01:57:24 - INFO -   2081 → 5
2026-05-13 01:57:24 - INFO -   Длина: 3749.35 м
2026-05-13 01:57:24 - INFO - 
Маршрут #2047
2026-05-13 01:57:24 - INFO -   2082 → 5
2026-05-13 01:57:24 - INFO -   Длина: 3851.33 м
2026-05-13 01:57:24 - INFO - 
Маршрут #2048
2026-05-13 01:57:24 - INFO -   2083 → 5
2026-05-13 01:57:24 - INFO -   Длина: 3681.31 м
2026-05-13 01:57:24 - INFO - 
Маршрут #2049
2026-05-13 01:57:24 - INFO -   2084 → 5
2026-05-13 01:57:24 - INFO -   Длина: 3341.87 м
2026-05-13 01:57:24 - INFO - 
Маршрут #2050
2026-05-13 01:57:24 - INFO -   2085 → 5
2026-05-13 01:57:24 - INFO -   Длина: 2512.03 м
2026-05-13 01:57:24 - INFO - 
Маршрут #2051
2026-05-13 01:57:24 - INFO -   2086 → 5
2026-05-13 01:57:24 - INFO -   Длина: 2812.07 м
2026-05-13 01:57:24 - INFO - 
Маршрут #2052
2026-05-13 01:57:24 - INFO -   2087 → 5
2026-05-13 01:57:24 - INFO -   Длина: 3750.39 м
2026-05-13 01:57:24 - INFO - 
Маршрут #2053
2026-05-13 01:57:24 - INFO -   2088 → 5
2026-05-13 01:57:24 - INFO -   Длина: 3427.83 м
2026-05-13 01:57:24 - INFO - 
Маршрут #2054
2026-05-13 01:57:24 - INFO -   2089 → 5
2026-05-13 01:57:24 - INFO -   Длина: 4223.21 м
2026-05-13 01:57:24 - INFO - 
Маршрут #2055
2026-05-13 01:57:24 - INFO -   2090 → 5
2026-05-13 01:57:24 - INFO -   Длина: 4232.62 м
2026-05-13 01:57:24 - INFO - 
Маршрут #2056
2026-05-13 01:57:24 - INFO -   2091 → 5
2026-05-13 01:57:24 - INFO -   Длина: 4094.93 м
2026-05-13 01:57:24 - INFO - 
Маршрут #2057
2026-05-13 01:57:24 - INFO -   2092 → 5
2026-05-13 01:57:24 - INFO -   Длина: 4058.12 м
2026-05-13 01:57:24 - INFO - 
Маршрут #2058
2026-05-13 01:57:24 - INFO -   2093 → 5
2026-05-13 01:57:24 - INFO -   Длина: 3954.07 м
2026-05-13 01:57:24 - INFO - 
Маршрут #2059
2026-05-13 01:57:24 - INFO -   2094 → 5
2026-05-13 01:57:24 - INFO -   Длина: 5441.80 м
2026-05-13 01:57:24 - INFO - 
Маршрут #2060
2026-05-13 01:57:24 - INFO -   2095 → 5
2026-05-13 01:57:24 - INFO -   Длина: 5455.80 м
2026-05-13 01:57:24 - INFO - 
Маршрут #2061
2026-05-13 01:57:24 - INFO -   2096 → 5
2026-05-13 01:57:24 - INFO -   Длина: 5471.58 м
2026-05-13 01:57:24 - INFO - 
Маршрут #2062
2026-05-13 01:57:24 - INFO -   2097 → 5
2026-05-13 01:57:24 - INFO -   Длина: 2947.89 м
2026-05-13 01:57:24 - INFO - 
Маршрут #2063
2026-05-13 01:57:24 - INFO -   2098 → 5
2026-05-13 01:57:24 - INFO -   Длина: 3012.39 м
2026-05-13 01:57:24 - INFO - 
Маршрут #2064
2026-05-13 01:57:24 - INFO -   2099 → 5
2026-05-13 01:57:24 - INFO -   Длина: 2720.10 м
2026-05-13 01:57:24 - INFO - 
Маршрут #2065
2026-05-13 01:57:24 - INFO -   2100 → 5
2026-05-13 01:57:24 - INFO -   Длина: 1766.80 м
2026-05-13 01:57:24 - INFO - 
Маршрут #2066
2026-05-13 01:57:24 - INFO -   2101 → 5
2026-05-13 01:57:24 - INFO -   Длина: 2153.87 м
2026-05-13 01:57:24 - INFO - 
Маршрут #2067
2026-05-13 01:57:24 - INFO -   2102 → 5
2026-05-13 01:57:24 - INFO -   Длина: 2330.66 м
2026-05-13 01:57:24 - INFO - 
Маршрут #2068
2026-05-13 01:57:24 - INFO -   2103 → 5
2026-05-13 01:57:24 - INFO -   Длина: 3018.63 м
2026-05-13 01:57:24 - INFO - 
Маршрут #2069
2026-05-13 01:57:24 - INFO -   2104 → 5
2026-05-13 01:57:24 - INFO -   Длина: 1962.70 м
2026-05-13 01:57:24 - INFO - 
Маршрут #2070
2026-05-13 01:57:24 - INFO -   2105 → 5
2026-05-13 01:57:24 - INFO -   Длина: 1622.57 м
2026-05-13 01:57:24 - INFO - 
Маршрут #2071
2026-05-13 01:57:24 - INFO -   2106 → 5
2026-05-13 01:57:24 - INFO -   Длина: 2875.17 м
2026-05-13 01:57:24 - INFO - 
Маршрут #2072
2026-05-13 01:57:24 - INFO -   2107 → 5
2026-05-13 01:57:24 - INFO -   Длина: 2732.72 м
2026-05-13 01:57:24 - INFO - 
Маршрут #2073
2026-05-13 01:57:24 - INFO -   2108 → 5
2026-05-13 01:57:24 - INFO -   Длина: 2335.89 м
2026-05-13 01:57:24 - INFO - 
Маршрут #2074
2026-05-13 01:57:24 - INFO -   2109 → 5
2026-05-13 01:57:24 - INFO -   Длина: 1890.62 м
2026-05-13 01:57:24 - INFO - 
Маршрут #2075
2026-05-13 01:57:24 - INFO -   2110 → 5
2026-05-13 01:57:24 - INFO -   Длина: 1661.53 м
2026-05-13 01:57:24 - INFO - 
Маршрут #2076
2026-05-13 01:57:24 - INFO -   2111 → 5
2026-05-13 01:57:24 - INFO -   Длина: 365.63 м
2026-05-13 01:57:24 - INFO - 
Маршрут #2077
2026-05-13 01:57:24 - INFO -   2112 → 5
2026-05-13 01:57:24 - INFO -   Длина: 909.55 м
2026-05-13 01:57:24 - INFO - 
Маршрут #2078
2026-05-13 01:57:24 - INFO -   2113 → 5
2026-05-13 01:57:24 - INFO -   Длина: 279.62 м
2026-05-13 01:57:24 - INFO - 
Маршрут #2079
2026-05-13 01:57:24 - INFO -   2114 → 5
2026-05-13 01:57:24 - INFO -   Длина: 348.55 м
2026-05-13 01:57:24 - INFO - 
Маршрут #2080
2026-05-13 01:57:24 - INFO -   2115 → 5
2026-05-13 01:57:24 - INFO -   Длина: 716.84 м
2026-05-13 01:57:24 - INFO - 
Маршрут #2081
2026-05-13 01:57:24 - INFO -   2116 → 5
2026-05-13 01:57:24 - INFO -   Длина: 1030.24 м
2026-05-13 01:57:24 - INFO - 
Маршрут #2082
2026-05-13 01:57:24 - INFO -   2117 → 5
2026-05-13 01:57:24 - INFO -   Длина: 1045.16 м
2026-05-13 01:57:24 - INFO - 
Маршрут #2083
2026-05-13 01:57:24 - INFO -   2118 → 5
2026-05-13 01:57:24 - INFO -   Длина: 734.75 м
2026-05-13 01:57:24 - INFO - 
Маршрут #2084
2026-05-13 01:57:24 - INFO -   2119 → 5
2026-05-13 01:57:24 - INFO -   Длина: 589.79 м
2026-05-13 01:57:24 - INFO - 
Маршрут #2085
2026-05-13 01:57:24 - INFO -   2120 → 5
2026-05-13 01:57:24 - INFO -   Длина: 540.70 м
2026-05-13 01:57:24 - INFO - 
Маршрут #2086
2026-05-13 01:57:24 - INFO -   2121 → 5
2026-05-13 01:57:24 - INFO -   Длина: 760.05 м
2026-05-13 01:57:24 - INFO - 
Маршрут #2087
2026-05-13 01:57:24 - INFO -   2122 → 5
2026-05-13 01:57:24 - INFO -   Длина: 1492.99 м
2026-05-13 01:57:24 - INFO - 
Маршрут #2088
2026-05-13 01:57:24 - INFO -   2123 → 5
2026-05-13 01:57:24 - INFO -   Длина: 842.53 м
2026-05-13 01:57:24 - INFO - 
Маршрут #2089
2026-05-13 01:57:24 - INFO -   2124 → 5
2026-05-13 01:57:24 - INFO -   Длина: 697.78 м
2026-05-13 01:57:24 - INFO - 
Маршрут #2090
2026-05-13 01:57:24 - INFO -   2125 → 5
2026-05-13 01:57:24 - INFO -   Длина: 1130.83 м
2026-05-13 01:57:24 - INFO - 
Маршрут #2091
2026-05-13 01:57:24 - INFO -   2126 → 5
2026-05-13 01:57:24 - INFO -   Длина: 664.85 м
2026-05-13 01:57:24 - INFO - 
Маршрут #2092
2026-05-13 01:57:24 - INFO -   2127 → 5
2026-05-13 01:57:24 - INFO -   Длина: 894.75 м
2026-05-13 01:57:24 - INFO - 
Маршрут #2093
2026-05-13 01:57:24 - INFO -   2128 → 5
2026-05-13 01:57:24 - INFO -   Длина: 826.70 м
2026-05-13 01:57:24 - INFO - 
Маршрут #2094
2026-05-13 01:57:24 - INFO -   2129 → 5
2026-05-13 01:57:24 - INFO -   Длина: 787.83 м
2026-05-13 01:57:24 - INFO - 
Маршрут #2095
2026-05-13 01:57:24 - INFO -   2130 → 5
2026-05-13 01:57:24 - INFO -   Длина: 946.87 м
2026-05-13 01:57:24 - INFO - 
Маршрут #2096
2026-05-13 01:57:24 - INFO -   2131 → 5
2026-05-13 01:57:24 - INFO -   Длина: 1490.76 м
2026-05-13 01:57:24 - INFO - 
Маршрут #2097
2026-05-13 01:57:24 - INFO -   2132 → 5
2026-05-13 01:57:24 - INFO -   Длина: 1171.81 м
2026-05-13 01:57:24 - INFO - 
Маршрут #2098
2026-05-13 01:57:24 - INFO -   2133 → 5
2026-05-13 01:57:24 - INFO -   Длина: 1257.31 м
2026-05-13 01:57:24 - INFO - 
Маршрут #2099
2026-05-13 01:57:24 - INFO -   2134 → 5
2026-05-13 01:57:24 - INFO -   Длина: 1951.18 м
2026-05-13 01:57:24 - INFO - 
Маршрут #2100
2026-05-13 01:57:24 - INFO -   2135 → 5
2026-05-13 01:57:24 - INFO -   Длина: 1534.93 м
2026-05-13 01:57:24 - INFO - 
Маршрут #2101
2026-05-13 01:57:24 - INFO -   2136 → 5
2026-05-13 01:57:24 - INFO -   Длина: 1357.30 м
2026-05-13 01:57:24 - INFO - 
Маршрут #2102
2026-05-13 01:57:24 - INFO -   2137 → 5
2026-05-13 01:57:24 - INFO -   Длина: 1743.73 м
2026-05-13 01:57:24 - INFO - 
Маршрут #2103
2026-05-13 01:57:24 - INFO -   2138 → 5
2026-05-13 01:57:24 - INFO -   Длина: 1735.51 м
2026-05-13 01:57:24 - INFO - 
Маршрут #2104
2026-05-13 01:57:24 - INFO -   2139 → 5
2026-05-13 01:57:24 - INFO -   Длина: 1982.02 м
2026-05-13 01:57:24 - INFO - 
Маршрут #2105
2026-05-13 01:57:24 - INFO -   2140 → 5
2026-05-13 01:57:24 - INFO -   Длина: 2123.71 м
2026-05-13 01:57:24 - INFO - 
Маршрут #2106
2026-05-13 01:57:24 - INFO -   2141 → 5
2026-05-13 01:57:24 - INFO -   Длина: 1580.02 м
2026-05-13 01:57:24 - INFO - 
Маршрут #2107
2026-05-13 01:57:24 - INFO -   2142 → 5
2026-05-13 01:57:24 - INFO -   Длина: 1922.34 м
2026-05-13 01:57:24 - INFO - 
Маршрут #2108
2026-05-13 01:57:24 - INFO -   2143 → 5
2026-05-13 01:57:24 - INFO -   Длина: 2184.25 м
2026-05-13 01:57:24 - INFO - 
Маршрут #2109
2026-05-13 01:57:24 - INFO -   2144 → 5
2026-05-13 01:57:24 - INFO -   Длина: 2140.31 м
2026-05-13 01:57:24 - INFO - 
Маршрут #2110
2026-05-13 01:57:24 - INFO -   2145 → 5
2026-05-13 01:57:24 - INFO -   Длина: 2444.39 м
2026-05-13 01:57:24 - INFO - 
Маршрут #2111
2026-05-13 01:57:24 - INFO -   2146 → 5
2026-05-13 01:57:24 - INFO -   Длина: 1776.87 м
2026-05-13 01:57:24 - INFO - 
Маршрут #2112
2026-05-13 01:57:24 - INFO -   2147 → 5
2026-05-13 01:57:24 - INFO -   Длина: 2477.91 м
2026-05-13 01:57:24 - INFO - 
Маршрут #2113
2026-05-13 01:57:24 - INFO -   2148 → 5
2026-05-13 01:57:24 - INFO -   Длина: 2431.91 м
2026-05-13 01:57:24 - INFO - 
Маршрут #2114
2026-05-13 01:57:24 - INFO -   2149 → 5
2026-05-13 01:57:24 - INFO -   Длина: 912.74 м
2026-05-13 01:57:24 - INFO - 
Маршрут #2115
2026-05-13 01:57:24 - INFO -   2150 → 5
2026-05-13 01:57:24 - INFO -   Длина: 1304.00 м
2026-05-13 01:57:24 - INFO - 
Маршрут #2116
2026-05-13 01:57:24 - INFO -   2151 → 5
2026-05-13 01:57:24 - INFO -   Длина: 1049.86 м
2026-05-13 01:57:24 - INFO - 
Маршрут #2117
2026-05-13 01:57:24 - INFO -   2152 → 5
2026-05-13 01:57:24 - INFO -   Длина: 1179.79 м
2026-05-13 01:57:24 - INFO - 
Маршрут #2118
2026-05-13 01:57:24 - INFO -   2153 → 5
2026-05-13 01:57:24 - INFO -   Длина: 1072.25 м
2026-05-13 01:57:24 - INFO - 
Маршрут #2119
2026-05-13 01:57:24 - INFO -   2154 → 5
2026-05-13 01:57:24 - INFO -   Длина: 1035.73 м
2026-05-13 01:57:24 - INFO - 
Маршрут #2120
2026-05-13 01:57:24 - INFO -   2155 → 5
2026-05-13 01:57:24 - INFO -   Длина: 1185.44 м
2026-05-13 01:57:24 - INFO - 
Маршрут #2121
2026-05-13 01:57:24 - INFO -   2156 → 5
2026-05-13 01:57:24 - INFO -   Длина: 1241.78 м
2026-05-13 01:57:24 - INFO - 
Маршрут #2122
2026-05-13 01:57:24 - INFO -   2157 → 5
2026-05-13 01:57:24 - INFO -   Длина: 1221.60 м
2026-05-13 01:57:24 - INFO - 
Маршрут #2123
2026-05-13 01:57:24 - INFO -   2158 → 5
2026-05-13 01:57:24 - INFO -   Длина: 1462.61 м
2026-05-13 01:57:24 - INFO - 
Маршрут #2124
2026-05-13 01:57:24 - INFO -   2159 → 5
2026-05-13 01:57:24 - INFO -   Длина: 1516.49 м
2026-05-13 01:57:24 - INFO - 
Маршрут #2125
2026-05-13 01:57:24 - INFO -   2160 → 5
2026-05-13 01:57:24 - INFO -   Длина: 1458.76 м
2026-05-13 01:57:24 - INFO - 
Маршрут #2126
2026-05-13 01:57:24 - INFO -   2161 → 5
2026-05-13 01:57:24 - INFO -   Длина: 1418.87 м
2026-05-13 01:57:24 - INFO - 
Маршрут #2127
2026-05-13 01:57:24 - INFO -   2162 → 5
2026-05-13 01:57:24 - INFO -   Длина: 1572.73 м
2026-05-13 01:57:24 - INFO - 
Маршрут #2128
2026-05-13 01:57:24 - INFO -   2163 → 5
2026-05-13 01:57:24 - INFO -   Длина: 1733.80 м
2026-05-13 01:57:24 - INFO - 
Маршрут #2129
2026-05-13 01:57:24 - INFO -   2164 → 5
2026-05-13 01:57:24 - INFO -   Длина: 1791.21 м
2026-05-13 01:57:24 - INFO - 
Маршрут #2130
2026-05-13 01:57:24 - INFO -   2165 → 5
2026-05-13 01:57:24 - INFO -   Длина: 1904.61 м
2026-05-13 01:57:24 - INFO - 
Маршрут #2131
2026-05-13 01:57:24 - INFO -   2166 → 5
2026-05-13 01:57:24 - INFO -   Длина: 1711.92 м
2026-05-13 01:57:24 - INFO - 
Маршрут #2132
2026-05-13 01:57:24 - INFO -   2167 → 5
2026-05-13 01:57:24 - INFO -   Длина: 1783.99 м
2026-05-13 01:57:24 - INFO - 
Маршрут #2133
2026-05-13 01:57:24 - INFO -   2168 → 5
2026-05-13 01:57:24 - INFO -   Длина: 1831.10 м
2026-05-13 01:57:24 - INFO - 
Маршрут #2134
2026-05-13 01:57:24 - INFO -   2169 → 5
2026-05-13 01:57:24 - INFO -   Длина: 2017.90 м
2026-05-13 01:57:24 - INFO - 
Маршрут #2135
2026-05-13 01:57:24 - INFO -   2170 → 5
2026-05-13 01:57:24 - INFO -   Длина: 1954.42 м
2026-05-13 01:57:24 - INFO - 
Маршрут #2136
2026-05-13 01:57:24 - INFO -   2171 → 5
2026-05-13 01:57:24 - INFO -   Длина: 2138.23 м
2026-05-13 01:57:24 - INFO - 
Маршрут #2137
2026-05-13 01:57:24 - INFO -   2172 → 5
2026-05-13 01:57:24 - INFO -   Длина: 2279.27 м
2026-05-13 01:57:24 - INFO - 
Маршрут #2138
2026-05-13 01:57:24 - INFO -   2173 → 5
2026-05-13 01:57:24 - INFO -   Длина: 3097.74 м
2026-05-13 01:57:24 - INFO - 
Маршрут #2139
2026-05-13 01:57:24 - INFO -   2174 → 5
2026-05-13 01:57:24 - INFO -   Длина: 2390.57 м
2026-05-13 01:57:24 - INFO - 
Маршрут #2140
2026-05-13 01:57:24 - INFO -   2176 → 5
2026-05-13 01:57:24 - INFO -   Длина: 1955.03 м
2026-05-13 01:57:24 - INFO - 
Маршрут #2141
2026-05-13 01:57:24 - INFO -   2177 → 5
2026-05-13 01:57:24 - INFO -   Длина: 2056.19 м
2026-05-13 01:57:24 - INFO - 
Маршрут #2142
2026-05-13 01:57:24 - INFO -   2178 → 5
2026-05-13 01:57:24 - INFO -   Длина: 2767.97 м
2026-05-13 01:57:24 - INFO - 
Маршрут #2143
2026-05-13 01:57:24 - INFO -   2179 → 5
2026-05-13 01:57:24 - INFO -   Длина: 2007.71 м
2026-05-13 01:57:24 - INFO - 
Маршрут #2144
2026-05-13 01:57:24 - INFO -   2180 → 5
2026-05-13 01:57:24 - INFO -   Длина: 2092.70 м
2026-05-13 01:57:24 - INFO - 
Маршрут #2145
2026-05-13 01:57:24 - INFO -   2181 → 5
2026-05-13 01:57:24 - INFO -   Длина: 2153.94 м
2026-05-13 01:57:24 - INFO - 
Маршрут #2146
2026-05-13 01:57:24 - INFO -   2182 → 5
2026-05-13 01:57:24 - INFO -   Длина: 2164.11 м
2026-05-13 01:57:24 - INFO - 
Маршрут #2147
2026-05-13 01:57:24 - INFO -   2183 → 5
2026-05-13 01:57:24 - INFO -   Длина: 2653.73 м
2026-05-13 01:57:24 - INFO - 
Маршрут #2148
2026-05-13 01:57:24 - INFO -   2184 → 5
2026-05-13 01:57:24 - INFO -   Длина: 1853.54 м
2026-05-13 01:57:24 - INFO - 
Маршрут #2149
2026-05-13 01:57:24 - INFO -   2185 → 5
2026-05-13 01:57:24 - INFO -   Длина: 2346.67 м
2026-05-13 01:57:24 - INFO - 
Маршрут #2150
2026-05-13 01:57:24 - INFO -   2186 → 5
2026-05-13 01:57:24 - INFO -   Длина: 3443.77 м
2026-05-13 01:57:24 - INFO - 
Маршрут #2151
2026-05-13 01:57:24 - INFO -   2187 → 5
2026-05-13 01:57:24 - INFO -   Длина: 2517.74 м
2026-05-13 01:57:24 - INFO - 
Маршрут #2152
2026-05-13 01:57:24 - INFO -   2188 → 5
2026-05-13 01:57:24 - INFO -   Длина: 2552.84 м
2026-05-13 01:57:24 - INFO - 
Маршрут #2153
2026-05-13 01:57:24 - INFO -   2189 → 5
2026-05-13 01:57:24 - INFO -   Длина: 2268.08 м
2026-05-13 01:57:24 - INFO - 
Маршрут #2154
2026-05-13 01:57:24 - INFO -   2190 → 5
2026-05-13 01:57:24 - INFO -   Длина: 2246.89 м
2026-05-13 01:57:24 - INFO - 
Маршрут #2155
2026-05-13 01:57:24 - INFO -   2191 → 5
2026-05-13 01:57:24 - INFO -   Длина: 2311.38 м
2026-05-13 01:57:24 - INFO - 
Маршрут #2156
2026-05-13 01:57:24 - INFO -   2192 → 5
2026-05-13 01:57:24 - INFO -   Длина: 2625.26 м
2026-05-13 01:57:24 - INFO - 
Маршрут #2157
2026-05-13 01:57:24 - INFO -   2193 → 5
2026-05-13 01:57:24 - INFO -   Длина: 3510.46 м
2026-05-13 01:57:24 - INFO - 
Маршрут #2158
2026-05-13 01:57:24 - INFO -   2194 → 5
2026-05-13 01:57:24 - INFO -   Длина: 2491.19 м
2026-05-13 01:57:24 - INFO - 
Маршрут #2159
2026-05-13 01:57:24 - INFO -   2195 → 5
2026-05-13 01:57:24 - INFO -   Длина: 2353.66 м
2026-05-13 01:57:24 - INFO - 
Маршрут #2160
2026-05-13 01:57:24 - INFO -   2196 → 5
2026-05-13 01:57:24 - INFO -   Длина: 2573.67 м
2026-05-13 01:57:24 - INFO - 
Маршрут #2161
2026-05-13 01:57:24 - INFO -   2197 → 5
2026-05-13 01:57:24 - INFO -   Длина: 3605.16 м
2026-05-13 01:57:24 - INFO - 
Маршрут #2162
2026-05-13 01:57:24 - INFO -   2198 → 5
2026-05-13 01:57:24 - INFO -   Длина: 3709.92 м
2026-05-13 01:57:24 - INFO - 
Маршрут #2163
2026-05-13 01:57:24 - INFO -   2199 → 5
2026-05-13 01:57:24 - INFO -   Длина: 2569.01 м
2026-05-13 01:57:24 - INFO - 
Маршрут #2164
2026-05-13 01:57:24 - INFO -   2200 → 5
2026-05-13 01:57:24 - INFO -   Длина: 3793.90 м
2026-05-13 01:57:24 - INFO - 
Маршрут #2165
2026-05-13 01:57:24 - INFO -   2201 → 5
2026-05-13 01:57:24 - INFO -   Длина: 2814.78 м
2026-05-13 01:57:24 - INFO - 
Маршрут #2166
2026-05-13 01:57:24 - INFO -   2202 → 5
2026-05-13 01:57:24 - INFO -   Длина: 2559.92 м
2026-05-13 01:57:24 - INFO - 
Маршрут #2167
2026-05-13 01:57:24 - INFO -   2203 → 5
2026-05-13 01:57:24 - INFO -   Длина: 2795.49 м
2026-05-13 01:57:24 - INFO - 
Маршрут #2168
2026-05-13 01:57:24 - INFO -   2204 → 5
2026-05-13 01:57:24 - INFO -   Длина: 2553.80 м
2026-05-13 01:57:24 - INFO - 
Маршрут #2169
2026-05-13 01:57:24 - INFO -   2205 → 5
2026-05-13 01:57:24 - INFO -   Длина: 2748.51 м
2026-05-13 01:57:24 - INFO - 
Маршрут #2170
2026-05-13 01:57:24 - INFO -   2206 → 5
2026-05-13 01:57:24 - INFO -   Длина: 2653.01 м
2026-05-13 01:57:24 - INFO - 
Маршрут #2171
2026-05-13 01:57:24 - INFO -   2207 → 5
2026-05-13 01:57:24 - INFO -   Длина: 3750.45 м
2026-05-13 01:57:24 - INFO - 
Маршрут #2172
2026-05-13 01:57:24 - INFO -   2208 → 5
2026-05-13 01:57:24 - INFO -   Длина: 2802.56 м
2026-05-13 01:57:24 - INFO - 
Маршрут #2173
2026-05-13 01:57:24 - INFO -   2209 → 5
2026-05-13 01:57:24 - INFO -   Длина: 2695.82 м
2026-05-13 01:57:24 - INFO - 
Маршрут #2174
2026-05-13 01:57:24 - INFO -   2210 → 5
2026-05-13 01:57:24 - INFO -   Длина: 2919.83 м
2026-05-13 01:57:24 - INFO - 
Маршрут #2175
2026-05-13 01:57:24 - INFO -   2211 → 5
2026-05-13 01:57:24 - INFO -   Длина: 2884.02 м
2026-05-13 01:57:24 - INFO - 
Маршрут #2176
2026-05-13 01:57:24 - INFO -   2212 → 5
2026-05-13 01:57:24 - INFO -   Длина: 2618.52 м
2026-05-13 01:57:24 - INFO - 
Маршрут #2177
2026-05-13 01:57:24 - INFO -   2213 → 5
2026-05-13 01:57:24 - INFO -   Длина: 2900.44 м
2026-05-13 01:57:24 - INFO - 
Маршрут #2178
2026-05-13 01:57:24 - INFO -   2214 → 5
2026-05-13 01:57:24 - INFO -   Длина: 4176.18 м
2026-05-13 01:57:24 - INFO - 
Маршрут #2179
2026-05-13 01:57:24 - INFO -   2215 → 5
2026-05-13 01:57:24 - INFO -   Длина: 2829.31 м
2026-05-13 01:57:24 - INFO - 
Маршрут #2180
2026-05-13 01:57:24 - INFO -   2216 → 5
2026-05-13 01:57:24 - INFO -   Длина: 4225.95 м
2026-05-13 01:57:24 - INFO - 
Маршрут #2181
2026-05-13 01:57:24 - INFO -   2217 → 5
2026-05-13 01:57:24 - INFO -   Длина: 2169.17 м
2026-05-13 01:57:24 - INFO - 
Маршрут #2182
2026-05-13 01:57:24 - INFO -   2218 → 5
2026-05-13 01:57:24 - INFO -   Длина: 2283.61 м
2026-05-13 01:57:24 - INFO - 
Маршрут #2183
2026-05-13 01:57:24 - INFO -   2219 → 5
2026-05-13 01:57:24 - INFO -   Длина: 2213.22 м
2026-05-13 01:57:24 - INFO - 
Маршрут #2184
2026-05-13 01:57:24 - INFO -   2220 → 5
2026-05-13 01:57:24 - INFO -   Длина: 2230.47 м
2026-05-13 01:57:24 - INFO - 
Маршрут #2185
2026-05-13 01:57:24 - INFO -   2221 → 5
2026-05-13 01:57:24 - INFO -   Длина: 2204.38 м
2026-05-13 01:57:24 - INFO - 
Маршрут #2186
2026-05-13 01:57:24 - INFO -   2222 → 5
2026-05-13 01:57:24 - INFO -   Длина: 2093.13 м
2026-05-13 01:57:24 - INFO - 
Маршрут #2187
2026-05-13 01:57:24 - INFO -   2223 → 5
2026-05-13 01:57:24 - INFO -   Длина: 2352.25 м
2026-05-13 01:57:24 - INFO - 
Маршрут #2188
2026-05-13 01:57:24 - INFO -   2224 → 5
2026-05-13 01:57:24 - INFO -   Длина: 2117.90 м
2026-05-13 01:57:24 - INFO - 
Маршрут #2189
2026-05-13 01:57:24 - INFO -   2225 → 5
2026-05-13 01:57:24 - INFO -   Длина: 2252.65 м
2026-05-13 01:57:24 - INFO - 
Маршрут #2190
2026-05-13 01:57:24 - INFO -   2226 → 5
2026-05-13 01:57:24 - INFO -   Длина: 2172.23 м
2026-05-13 01:57:24 - INFO - 
Маршрут #2191
2026-05-13 01:57:24 - INFO -   2227 → 5
2026-05-13 01:57:24 - INFO -   Длина: 2224.32 м
2026-05-13 01:57:24 - INFO - 
Маршрут #2192
2026-05-13 01:57:24 - INFO -   2228 → 5
2026-05-13 01:57:24 - INFO -   Длина: 1812.98 м
2026-05-13 01:57:24 - INFO - 
Маршрут #2193
2026-05-13 01:57:24 - INFO -   2229 → 5
2026-05-13 01:57:24 - INFO -   Длина: 3310.00 м
2026-05-13 01:57:24 - INFO - 
Маршрут #2194
2026-05-13 01:57:24 - INFO -   2230 → 5
2026-05-13 01:57:24 - INFO -   Длина: 2356.13 м
2026-05-13 01:57:24 - INFO - 
Маршрут #2195
2026-05-13 01:57:24 - INFO -   2231 → 5
2026-05-13 01:57:24 - INFO -   Длина: 1738.94 м
2026-05-13 01:57:24 - INFO - 
Маршрут #2196
2026-05-13 01:57:24 - INFO -   2232 → 5
2026-05-13 01:57:24 - INFO -   Длина: 2635.59 м
2026-05-13 01:57:24 - INFO - 
Маршрут #2197
2026-05-13 01:57:24 - INFO -   2233 → 5
2026-05-13 01:57:24 - INFO -   Длина: 2460.65 м
2026-05-13 01:57:24 - INFO - 
Маршрут #2198
2026-05-13 01:57:24 - INFO -   2234 → 5
2026-05-13 01:57:24 - INFO -   Длина: 2549.88 м
2026-05-13 01:57:24 - INFO - 
Маршрут #2199
2026-05-13 01:57:24 - INFO -   2235 → 5
2026-05-13 01:57:24 - INFO -   Длина: 2376.13 м
2026-05-13 01:57:24 - INFO - 
Маршрут #2200
2026-05-13 01:57:24 - INFO -   2236 → 5
2026-05-13 01:57:24 - INFO -   Длина: 3334.37 м
2026-05-13 01:57:24 - INFO - 
Маршрут #2201
2026-05-13 01:57:24 - INFO -   2237 → 5
2026-05-13 01:57:24 - INFO -   Длина: 3104.28 м
2026-05-13 01:57:24 - INFO - 
Маршрут #2202
2026-05-13 01:57:24 - INFO -   2238 → 5
2026-05-13 01:57:24 - INFO -   Длина: 3194.06 м
2026-05-13 01:57:24 - INFO - 
Маршрут #2203
2026-05-13 01:57:24 - INFO -   2239 → 5
2026-05-13 01:57:24 - INFO -   Длина: 3252.77 м
2026-05-13 01:57:24 - INFO - 
Маршрут #2204
2026-05-13 01:57:24 - INFO -   2240 → 5
2026-05-13 01:57:24 - INFO -   Длина: 2345.71 м
2026-05-13 01:57:24 - INFO - 
Маршрут #2205
2026-05-13 01:57:24 - INFO -   2241 → 5
2026-05-13 01:57:24 - INFO -   Длина: 2291.37 м
2026-05-13 01:57:24 - INFO - 
Маршрут #2206
2026-05-13 01:57:24 - INFO -   2242 → 5
2026-05-13 01:57:24 - INFO -   Длина: 3185.30 м
2026-05-13 01:57:24 - INFO - 
Маршрут #2207
2026-05-13 01:57:24 - INFO -   2243 → 5
2026-05-13 01:57:24 - INFO -   Длина: 2723.66 м
2026-05-13 01:57:24 - INFO - 
Маршрут #2208
2026-05-13 01:57:24 - INFO -   2244 → 5
2026-05-13 01:57:24 - INFO -   Длина: 3100.70 м
2026-05-13 01:57:24 - INFO - 
Маршрут #2209
2026-05-13 01:57:24 - INFO -   2245 → 5
2026-05-13 01:57:24 - INFO -   Длина: 3385.63 м
2026-05-13 01:57:24 - INFO - 
Маршрут #2210
2026-05-13 01:57:24 - INFO -   2246 → 5
2026-05-13 01:57:24 - INFO -   Длина: 3595.06 м
2026-05-13 01:57:24 - INFO - 
Маршрут #2211
2026-05-13 01:57:24 - INFO -   2247 → 5
2026-05-13 01:57:24 - INFO -   Длина: 2812.77 м
2026-05-13 01:57:24 - INFO - 
Маршрут #2212
2026-05-13 01:57:24 - INFO -   2248 → 5
2026-05-13 01:57:24 - INFO -   Длина: 3342.50 м
2026-05-13 01:57:24 - INFO - 
Маршрут #2213
2026-05-13 01:57:24 - INFO -   2249 → 5
2026-05-13 01:57:24 - INFO -   Длина: 3320.11 м
2026-05-13 01:57:24 - INFO - 
Маршрут #2214
2026-05-13 01:57:24 - INFO -   2250 → 5
2026-05-13 01:57:24 - INFO -   Длина: 3384.60 м
2026-05-13 01:57:24 - INFO - 
Маршрут #2215
2026-05-13 01:57:24 - INFO -   2251 → 5
2026-05-13 01:57:24 - INFO -   Длина: 4118.33 м
2026-05-13 01:57:24 - INFO - 
Маршрут #2216
2026-05-13 01:57:24 - INFO -   2252 → 5
2026-05-13 01:57:24 - INFO -   Длина: 3424.96 м
2026-05-13 01:57:24 - INFO - 
Маршрут #2217
2026-05-13 01:57:24 - INFO -   2253 → 5
2026-05-13 01:57:24 - INFO -   Длина: 4113.77 м
2026-05-13 01:57:24 - INFO - 
Маршрут #2218
2026-05-13 01:57:24 - INFO -   2254 → 5
2026-05-13 01:57:24 - INFO -   Длина: 3277.01 м
2026-05-13 01:57:24 - INFO - 
Маршрут #2219
2026-05-13 01:57:24 - INFO -   2255 → 5
2026-05-13 01:57:24 - INFO -   Длина: 3169.26 м
2026-05-13 01:57:24 - INFO - 
Маршрут #2220
2026-05-13 01:57:24 - INFO -   2256 → 5
2026-05-13 01:57:24 - INFO -   Длина: 3191.47 м
2026-05-13 01:57:24 - INFO - 
Маршрут #2221
2026-05-13 01:57:24 - INFO -   2257 → 5
2026-05-13 01:57:24 - INFO -   Длина: 3128.86 м
2026-05-13 01:57:24 - INFO - 
Маршрут #2222
2026-05-13 01:57:24 - INFO -   2258 → 5
2026-05-13 01:57:24 - INFO -   Длина: 3740.41 м
2026-05-13 01:57:24 - INFO - 
Маршрут #2223
2026-05-13 01:57:24 - INFO -   2259 → 5
2026-05-13 01:57:24 - INFO -   Длина: 3938.84 м
2026-05-13 01:57:24 - INFO - 
Маршрут #2224
2026-05-13 01:57:24 - INFO -   2260 → 5
2026-05-13 01:57:24 - INFO -   Длина: 3816.83 м
2026-05-13 01:57:24 - INFO - 
Маршрут #2225
2026-05-13 01:57:24 - INFO -   2261 → 5
2026-05-13 01:57:24 - INFO -   Длина: 3869.21 м
2026-05-13 01:57:24 - INFO - 
Маршрут #2226
2026-05-13 01:57:24 - INFO -   2262 → 5
2026-05-13 01:57:24 - INFO -   Длина: 3701.64 м
2026-05-13 01:57:24 - INFO - 
Маршрут #2227
2026-05-13 01:57:24 - INFO -   2263 → 5
2026-05-13 01:57:24 - INFO -   Длина: 3684.56 м
2026-05-13 01:57:24 - INFO - 
Маршрут #2228
2026-05-13 01:57:24 - INFO -   2264 → 5
2026-05-13 01:57:24 - INFO -   Длина: 3522.25 м
2026-05-13 01:57:24 - INFO - 
Маршрут #2229
2026-05-13 01:57:24 - INFO -   2265 → 5
2026-05-13 01:57:24 - INFO -   Длина: 3889.36 м
2026-05-13 01:57:24 - INFO - 
Маршрут #2230
2026-05-13 01:57:24 - INFO -   2266 → 5
2026-05-13 01:57:24 - INFO -   Длина: 2987.36 м
2026-05-13 01:57:24 - INFO - 
Маршрут #2231
2026-05-13 01:57:24 - INFO -   2267 → 5
2026-05-13 01:57:24 - INFO -   Длина: 2858.32 м
2026-05-13 01:57:24 - INFO - 
Маршрут #2232
2026-05-13 01:57:24 - INFO -   2268 → 5
2026-05-13 01:57:24 - INFO -   Длина: 2845.79 м
2026-05-13 01:57:24 - INFO - 
Маршрут #2233
2026-05-13 01:57:24 - INFO -   2269 → 5
2026-05-13 01:57:24 - INFO -   Длина: 2805.41 м
2026-05-13 01:57:24 - INFO - 
Маршрут #2234
2026-05-13 01:57:24 - INFO -   2270 → 5
2026-05-13 01:57:24 - INFO -   Длина: 2800.22 м
2026-05-13 01:57:24 - INFO - 
Маршрут #2235
2026-05-13 01:57:24 - INFO -   2271 → 5
2026-05-13 01:57:24 - INFO -   Длина: 3108.83 м
2026-05-13 01:57:24 - INFO - 
Маршрут #2236
2026-05-13 01:57:24 - INFO -   2272 → 5
2026-05-13 01:57:24 - INFO -   Длина: 2731.33 м
2026-05-13 01:57:24 - INFO - 
Маршрут #2237
2026-05-13 01:57:24 - INFO -   2273 → 5
2026-05-13 01:57:24 - INFO -   Длина: 3163.50 м
2026-05-13 01:57:24 - INFO - 
Маршрут #2238
2026-05-13 01:57:24 - INFO -   2274 → 5
2026-05-13 01:57:24 - INFO -   Длина: 2691.61 м
2026-05-13 01:57:24 - INFO - 
Маршрут #2239
2026-05-13 01:57:24 - INFO -   2275 → 5
2026-05-13 01:57:24 - INFO -   Длина: 3201.32 м
2026-05-13 01:57:24 - INFO - 
Маршрут #2240
2026-05-13 01:57:24 - INFO -   2276 → 5
2026-05-13 01:57:24 - INFO -   Длина: 3426.69 м
2026-05-13 01:57:24 - INFO - 
Маршрут #2241
2026-05-13 01:57:24 - INFO -   2277 → 5
2026-05-13 01:57:24 - INFO -   Длина: 3541.47 м
2026-05-13 01:57:24 - INFO - 
Маршрут #2242
2026-05-13 01:57:24 - INFO -   2278 → 5
2026-05-13 01:57:24 - INFO -   Длина: 2762.86 м
2026-05-13 01:57:24 - INFO - 
Маршрут #2243
2026-05-13 01:57:24 - INFO -   2279 → 5
2026-05-13 01:57:24 - INFO -   Длина: 3960.54 м
2026-05-13 01:57:24 - INFO - 
Маршрут #2244
2026-05-13 01:57:24 - INFO -   2280 → 5
2026-05-13 01:57:24 - INFO -   Длина: 3970.05 м
2026-05-13 01:57:24 - INFO - 
Маршрут #2245
2026-05-13 01:57:24 - INFO -   2281 → 5
2026-05-13 01:57:24 - INFO -   Длина: 2817.44 м
2026-05-13 01:57:24 - INFO - 
Маршрут #2246
2026-05-13 01:57:24 - INFO -   2282 → 5
2026-05-13 01:57:24 - INFO -   Длина: 3540.01 м
2026-05-13 01:57:24 - INFO - 
Маршрут #2247
2026-05-13 01:57:24 - INFO -   2283 → 5
2026-05-13 01:57:24 - INFO -   Длина: 3635.55 м
2026-05-13 01:57:24 - INFO - 
Маршрут #2248
2026-05-13 01:57:24 - INFO -   2284 → 5
2026-05-13 01:57:24 - INFO -   Длина: 3504.48 м
2026-05-13 01:57:24 - INFO - 
Маршрут #2249
2026-05-13 01:57:24 - INFO -   2285 → 5
2026-05-13 01:57:24 - INFO -   Длина: 3897.86 м
2026-05-13 01:57:24 - INFO - 
Маршрут #2250
2026-05-13 01:57:24 - INFO -   2286 → 5
2026-05-13 01:57:24 - INFO -   Длина: 3861.07 м
2026-05-13 01:57:24 - INFO - 
Маршрут #2251
2026-05-13 01:57:24 - INFO -   2287 → 5
2026-05-13 01:57:24 - INFO -   Длина: 3894.32 м
2026-05-13 01:57:24 - INFO - 
Маршрут #2252
2026-05-13 01:57:24 - INFO -   2288 → 5
2026-05-13 01:57:24 - INFO -   Длина: 3891.28 м
2026-05-13 01:57:24 - INFO - 
Маршрут #2253
2026-05-13 01:57:24 - INFO -   2289 → 5
2026-05-13 01:57:24 - INFO -   Длина: 3865.82 м
2026-05-13 01:57:24 - INFO - 
Маршрут #2254
2026-05-13 01:57:24 - INFO -   2290 → 5
2026-05-13 01:57:24 - INFO -   Длина: 4077.90 м
2026-05-13 01:57:24 - INFO - 
Маршрут #2255
2026-05-13 01:57:24 - INFO -   2291 → 5
2026-05-13 01:57:24 - INFO -   Длина: 3910.74 м
2026-05-13 01:57:24 - INFO - 
Маршрут #2256
2026-05-13 01:57:24 - INFO -   2292 → 5
2026-05-13 01:57:24 - INFO -   Длина: 4059.15 м
2026-05-13 01:57:24 - INFO - 
Маршрут #2257
2026-05-13 01:57:24 - INFO -   2293 → 5
2026-05-13 01:57:24 - INFO -   Длина: 3688.67 м
2026-05-13 01:57:24 - INFO - 
Маршрут #2258
2026-05-13 01:57:24 - INFO -   2294 → 5
2026-05-13 01:57:24 - INFO -   Длина: 3696.46 м
2026-05-13 01:57:24 - INFO - 
Маршрут #2259
2026-05-13 01:57:24 - INFO -   2295 → 2
2026-05-13 01:57:24 - INFO -   Длина: 3346.83 м
2026-05-13 01:57:24 - INFO - 
Маршрут #2260
2026-05-13 01:57:24 - INFO -   2296 → 5
2026-05-13 01:57:24 - INFO -   Длина: 3597.19 м
2026-05-13 01:57:24 - INFO - 
Маршрут #2261
2026-05-13 01:57:24 - INFO -   2297 → 5
2026-05-13 01:57:24 - INFO -   Длина: 3617.93 м
2026-05-13 01:57:24 - INFO - 
Маршрут #2262
2026-05-13 01:57:24 - INFO -   2298 → 5
2026-05-13 01:57:24 - INFO -   Длина: 4075.49 м
2026-05-13 01:57:24 - INFO - 
Маршрут #2263
2026-05-13 01:57:24 - INFO -   2299 → 5
2026-05-13 01:57:24 - INFO -   Длина: 3070.94 м
2026-05-13 01:57:24 - INFO - 
Маршрут #2264
2026-05-13 01:57:24 - INFO -   2300 → 5
2026-05-13 01:57:24 - INFO -   Длина: 2943.27 м
2026-05-13 01:57:24 - INFO - 
Маршрут #2265
2026-05-13 01:57:24 - INFO -   2301 → 5
2026-05-13 01:57:24 - INFO -   Длина: 3032.33 м
2026-05-13 01:57:24 - INFO - 
Маршрут #2266
2026-05-13 01:57:24 - INFO -   2302 → 5
2026-05-13 01:57:24 - INFO -   Длина: 2806.76 м
2026-05-13 01:57:24 - INFO - 
Маршрут #2267
2026-05-13 01:57:24 - INFO -   2303 → 5
2026-05-13 01:57:24 - INFO -   Длина: 3458.95 м
2026-05-13 01:57:24 - INFO - 
Маршрут #2268
2026-05-13 01:57:24 - INFO -   2304 → 5
2026-05-13 01:57:24 - INFO -   Длина: 3597.49 м
2026-05-13 01:57:24 - INFO - 
Маршрут #2269
2026-05-13 01:57:24 - INFO -   2305 → 5
2026-05-13 01:57:24 - INFO -   Длина: 3560.00 м
2026-05-13 01:57:24 - INFO - 
Маршрут #2270
2026-05-13 01:57:24 - INFO -   2306 → 2
2026-05-13 01:57:24 - INFO -   Длина: 2774.86 м
2026-05-13 01:57:24 - INFO - 
Маршрут #2271
2026-05-13 01:57:24 - INFO -   2307 → 2
2026-05-13 01:57:24 - INFO -   Длина: 2656.07 м
2026-05-13 01:57:24 - INFO - 
Маршрут #2272
2026-05-13 01:57:24 - INFO -   2308 → 2
2026-05-13 01:57:24 - INFO -   Длина: 2433.48 м
2026-05-13 01:57:24 - INFO - 
Маршрут #2273
2026-05-13 01:57:24 - INFO -   2309 → 2
2026-05-13 01:57:24 - INFO -   Длина: 2728.48 м
2026-05-13 01:57:24 - INFO - 
Маршрут #2274
2026-05-13 01:57:24 - INFO -   2310 → 2
2026-05-13 01:57:24 - INFO -   Длина: 2759.48 м
2026-05-13 01:57:24 - INFO - 
Маршрут #2275
2026-05-13 01:57:24 - INFO -   2311 → 2
2026-05-13 01:57:24 - INFO -   Длина: 2686.31 м
2026-05-13 01:57:24 - INFO - 
Маршрут #2276
2026-05-13 01:57:24 - INFO -   2312 → 2
2026-05-13 01:57:24 - INFO -   Длина: 2312.65 м
2026-05-13 01:57:24 - INFO - 
Маршрут #2277
2026-05-13 01:57:24 - INFO -   2313 → 2
2026-05-13 01:57:24 - INFO -   Длина: 2471.57 м
2026-05-13 01:57:24 - INFO - 
Маршрут #2278
2026-05-13 01:57:24 - INFO -   2314 → 2
2026-05-13 01:57:24 - INFO -   Длина: 3198.35 м
2026-05-13 01:57:24 - INFO - 
Маршрут #2279
2026-05-13 01:57:24 - INFO -   2315 → 2
2026-05-13 01:57:24 - INFO -   Длина: 3113.21 м
2026-05-13 01:57:24 - INFO - 
Маршрут #2280
2026-05-13 01:57:24 - INFO -   2316 → 2
2026-05-13 01:57:24 - INFO -   Длина: 3083.03 м
2026-05-13 01:57:24 - INFO - 
Маршрут #2281
2026-05-13 01:57:24 - INFO -   2317 → 2
2026-05-13 01:57:24 - INFO -   Длина: 3247.11 м
2026-05-13 01:57:24 - INFO - 
Маршрут #2282
2026-05-13 01:57:24 - INFO -   2318 → 5
2026-05-13 01:57:24 - INFO -   Длина: 3390.50 м
2026-05-13 01:57:24 - INFO - 
Маршрут #2283
2026-05-13 01:57:24 - INFO -   2319 → 2
2026-05-13 01:57:24 - INFO -   Длина: 2664.93 м
2026-05-13 01:57:24 - INFO - 
Маршрут #2284
2026-05-13 01:57:24 - INFO -   2320 → 2
2026-05-13 01:57:24 - INFO -   Длина: 2572.91 м
2026-05-13 01:57:24 - INFO - 
Маршрут #2285
2026-05-13 01:57:24 - INFO -   2321 → 5
2026-05-13 01:57:24 - INFO -   Длина: 3359.35 м
2026-05-13 01:57:24 - INFO - 
Маршрут #2286
2026-05-13 01:57:24 - INFO -   2322 → 5
2026-05-13 01:57:24 - INFO -   Длина: 3827.93 м
2026-05-13 01:57:24 - INFO - 
Маршрут #2287
2026-05-13 01:57:24 - INFO -   2323 → 5
2026-05-13 01:57:24 - INFO -   Длина: 3829.76 м
2026-05-13 01:57:24 - INFO - 
Маршрут #2288
2026-05-13 01:57:24 - INFO -   2324 → 5
2026-05-13 01:57:24 - INFO -   Длина: 3698.20 м
2026-05-13 01:57:24 - INFO - 
Маршрут #2289
2026-05-13 01:57:24 - INFO -   2325 → 5
2026-05-13 01:57:24 - INFO -   Длина: 3822.74 м
2026-05-13 01:57:24 - INFO - 
Маршрут #2290
2026-05-13 01:57:24 - INFO -   2326 → 5
2026-05-13 01:57:24 - INFO -   Длина: 3619.31 м
2026-05-13 01:57:24 - INFO - 
Маршрут #2291
2026-05-13 01:57:24 - INFO -   2327 → 5
2026-05-13 01:57:24 - INFO -   Длина: 3794.24 м
2026-05-13 01:57:24 - INFO - 
Маршрут #2292
2026-05-13 01:57:24 - INFO -   2328 → 5
2026-05-13 01:57:24 - INFO -   Длина: 3562.84 м
2026-05-13 01:57:24 - INFO - 
Маршрут #2293
2026-05-13 01:57:24 - INFO -   2329 → 5
2026-05-13 01:57:24 - INFO -   Длина: 4156.56 м
2026-05-13 01:57:24 - INFO - 
Маршрут #2294
2026-05-13 01:57:24 - INFO -   2330 → 5
2026-05-13 01:57:24 - INFO -   Длина: 3798.63 м
2026-05-13 01:57:24 - INFO - 
Маршрут #2295
2026-05-13 01:57:24 - INFO -   2331 → 5
2026-05-13 01:57:24 - INFO -   Длина: 3580.46 м
2026-05-13 01:57:24 - INFO - 
Маршрут #2296
2026-05-13 01:57:24 - INFO -   2332 → 5
2026-05-13 01:57:24 - INFO -   Длина: 3775.50 м
2026-05-13 01:57:24 - INFO - 
Маршрут #2297
2026-05-13 01:57:24 - INFO -   2333 → 5
2026-05-13 01:57:24 - INFO -   Длина: 3610.88 м
2026-05-13 01:57:24 - INFO - 
Маршрут #2298
2026-05-13 01:57:24 - INFO -   2334 → 5
2026-05-13 01:57:24 - INFO -   Длина: 3951.83 м
2026-05-13 01:57:24 - INFO - 
Маршрут #2299
2026-05-13 01:57:24 - INFO -   2335 → 5
2026-05-13 01:57:24 - INFO -   Длина: 3905.86 м
2026-05-13 01:57:24 - INFO - 
Маршрут #2300
2026-05-13 01:57:24 - INFO -   2336 → 5
2026-05-13 01:57:24 - INFO -   Длина: 3852.19 м
2026-05-13 01:57:24 - INFO - 
Маршрут #2301
2026-05-13 01:57:24 - INFO -   2337 → 5
2026-05-13 01:57:24 - INFO -   Длина: 3681.40 м
2026-05-13 01:57:24 - INFO - 
Маршрут #2302
2026-05-13 01:57:24 - INFO -   2338 → 5
2026-05-13 01:57:24 - INFO -   Длина: 4231.41 м
2026-05-13 01:57:24 - INFO - 
Маршрут #2303
2026-05-13 01:57:24 - INFO -   2339 → 5
2026-05-13 01:57:24 - INFO -   Длина: 3985.23 м
2026-05-13 01:57:24 - INFO - 
Маршрут #2304
2026-05-13 01:57:24 - INFO -   2340 → 5
2026-05-13 01:57:24 - INFO -   Длина: 3986.34 м
2026-05-13 01:57:24 - INFO - 
Маршрут #2305
2026-05-13 01:57:24 - INFO -   2341 → 5
2026-05-13 01:57:24 - INFO -   Длина: 3956.94 м
2026-05-13 01:57:24 - INFO - 
Маршрут #2306
2026-05-13 01:57:24 - INFO -   2342 → 5
2026-05-13 01:57:24 - INFO -   Длина: 3965.69 м
2026-05-13 01:57:24 - INFO - 
Маршрут #2307
2026-05-13 01:57:24 - INFO -   2343 → 5
2026-05-13 01:57:24 - INFO -   Длина: 3849.38 м
2026-05-13 01:57:24 - INFO - 
Маршрут #2308
2026-05-13 01:57:24 - INFO -   2344 → 5
2026-05-13 01:57:24 - INFO -   Длина: 3981.06 м
2026-05-13 01:57:24 - INFO - 
Маршрут #2309
2026-05-13 01:57:24 - INFO -   2345 → 5
2026-05-13 01:57:24 - INFO -   Длина: 3843.35 м
2026-05-13 01:57:24 - INFO - 
Маршрут #2310
2026-05-13 01:57:24 - INFO -   2346 → 5
2026-05-13 01:57:24 - INFO -   Длина: 3927.07 м
2026-05-13 01:57:24 - INFO - 
Маршрут #2311
2026-05-13 01:57:24 - INFO -   2347 → 5
2026-05-13 01:57:24 - INFO -   Длина: 3885.51 м
2026-05-13 01:57:24 - INFO - 
Маршрут #2312
2026-05-13 01:57:24 - INFO -   2348 → 5
2026-05-13 01:57:24 - INFO -   Длина: 3858.82 м
2026-05-13 01:57:24 - INFO - 
Маршрут #2313
2026-05-13 01:57:24 - INFO -   2349 → 5
2026-05-13 01:57:24 - INFO -   Длина: 3879.24 м
2026-05-13 01:57:24 - INFO - 
Маршрут #2314
2026-05-13 01:57:24 - INFO -   2350 → 5
2026-05-13 01:57:24 - INFO -   Длина: 4435.80 м
2026-05-13 01:57:24 - INFO - 
Маршрут #2315
2026-05-13 01:57:24 - INFO -   2351 → 5
2026-05-13 01:57:24 - INFO -   Длина: 4442.26 м
2026-05-13 01:57:24 - INFO - 
Маршрут #2316
2026-05-13 01:57:24 - INFO -   2352 → 5
2026-05-13 01:57:24 - INFO -   Длина: 4563.86 м
2026-05-13 01:57:24 - INFO - 
Маршрут #2317
2026-05-13 01:57:24 - INFO -   2353 → 5
2026-05-13 01:57:24 - INFO -   Длина: 4692.26 м
2026-05-13 01:57:24 - INFO - 
Маршрут #2318
2026-05-13 01:57:24 - INFO -   2354 → 5
2026-05-13 01:57:24 - INFO -   Длина: 3528.27 м
2026-05-13 01:57:24 - INFO - 
Маршрут #2319
2026-05-13 01:57:24 - INFO -   2355 → 5
2026-05-13 01:57:24 - INFO -   Длина: 3803.25 м
2026-05-13 01:57:24 - INFO - 
Маршрут #2320
2026-05-13 01:57:24 - INFO -   2356 → 5
2026-05-13 01:57:24 - INFO -   Длина: 3591.08 м
2026-05-13 01:57:24 - INFO - 
Маршрут #2321
2026-05-13 01:57:24 - INFO -   2357 → 5
2026-05-13 01:57:24 - INFO -   Длина: 3847.45 м
2026-05-13 01:57:24 - INFO - 
Маршрут #2322
2026-05-13 01:57:24 - INFO -   2358 → 5
2026-05-13 01:57:24 - INFO -   Длина: 4126.39 м
2026-05-13 01:57:24 - INFO - 
Маршрут #2323
2026-05-13 01:57:24 - INFO -   2359 → 5
2026-05-13 01:57:24 - INFO -   Длина: 3819.21 м
2026-05-13 01:57:24 - INFO - 
Маршрут #2324
2026-05-13 01:57:24 - INFO -   2360 → 5
2026-05-13 01:57:24 - INFO -   Длина: 3648.98 м
2026-05-13 01:57:24 - INFO - 
Маршрут #2325
2026-05-13 01:57:24 - INFO -   2361 → 5
2026-05-13 01:57:24 - INFO -   Длина: 3787.05 м
2026-05-13 01:57:24 - INFO - 
Маршрут #2326
2026-05-13 01:57:24 - INFO -   2363 → 3
2026-05-13 01:57:24 - INFO -   Длина: 8150.25 м
2026-05-13 01:57:24 - INFO - 
Маршрут #2327
2026-05-13 01:57:24 - INFO -   2364 → 3
2026-05-13 01:57:24 - INFO -   Длина: 7115.67 м
2026-05-13 01:57:24 - INFO - 
Маршрут #2328
2026-05-13 01:57:24 - INFO -   2365 → 3
2026-05-13 01:57:24 - INFO -   Длина: 6826.15 м
2026-05-13 01:57:24 - INFO - 
Маршрут #2329
2026-05-13 01:57:24 - INFO -   2366 → 3
2026-05-13 01:57:24 - INFO -   Длина: 7575.44 м
2026-05-13 01:57:24 - INFO - 
Маршрут #2330
2026-05-13 01:57:24 - INFO -   2367 → 3
2026-05-13 01:57:24 - INFO -   Длина: 3077.09 м
2026-05-13 01:57:24 - INFO - 
Маршрут #2331
2026-05-13 01:57:24 - INFO -   2368 → 3
2026-05-13 01:57:24 - INFO -   Длина: 2788.18 м
2026-05-13 01:57:24 - INFO - 
Маршрут #2332
2026-05-13 01:57:24 - INFO -   2369 → 3
2026-05-13 01:57:24 - INFO -   Длина: 3856.64 м
2026-05-13 01:57:24 - INFO - 
Маршрут #2333
2026-05-13 01:57:24 - INFO -   2370 → 3
2026-05-13 01:57:24 - INFO -   Длина: 3042.25 м
2026-05-13 01:57:24 - INFO - 
Маршрут #2334
2026-05-13 01:57:24 - INFO -   2371 → 3
2026-05-13 01:57:24 - INFO -   Длина: 1943.64 м
2026-05-13 01:57:24 - INFO - 
Маршрут #2335
2026-05-13 01:57:24 - INFO -   2372 → 3
2026-05-13 01:57:24 - INFO -   Длина: 1713.38 м
2026-05-13 01:57:24 - INFO - 
Маршрут #2336
2026-05-13 01:57:24 - INFO -   2373 → 3
2026-05-13 01:57:24 - INFO -   Длина: 2046.69 м
2026-05-13 01:57:24 - INFO - 
Маршрут #2337
2026-05-13 01:57:24 - INFO -   2374 → 3
2026-05-13 01:57:24 - INFO -   Длина: 3871.40 м
2026-05-13 01:57:24 - INFO - 
Маршрут #2338
2026-05-13 01:57:24 - INFO -   2375 → 3
2026-05-13 01:57:24 - INFO -   Длина: 3666.60 м
2026-05-13 01:57:24 - INFO - 
Маршрут #2339
2026-05-13 01:57:24 - INFO -   2376 → 3
2026-05-13 01:57:24 - INFO -   Длина: 5244.13 м
2026-05-13 01:57:24 - INFO - 
Маршрут #2340
2026-05-13 01:57:24 - INFO -   2377 → 3
2026-05-13 01:57:24 - INFO -   Длина: 5674.95 м
2026-05-13 01:57:24 - INFO - 
Маршрут #2341
2026-05-13 01:57:24 - INFO -   2378 → 3
2026-05-13 01:57:24 - INFO -   Длина: 5696.56 м
2026-05-13 01:57:24 - INFO - 
Маршрут #2342
2026-05-13 01:57:24 - INFO -   2379 → 3
2026-05-13 01:57:24 - INFO -   Длина: 4098.99 м
2026-05-13 01:57:24 - INFO - 
Маршрут #2343
2026-05-13 01:57:24 - INFO -   2380 → 3
2026-05-13 01:57:24 - INFO -   Длина: 4355.24 м
2026-05-13 01:57:24 - INFO - 
Маршрут #2344
2026-05-13 01:57:24 - INFO -   2381 → 3
2026-05-13 01:57:24 - INFO -   Длина: 4018.63 м
2026-05-13 01:57:24 - INFO - 
Маршрут #2345
2026-05-13 01:57:24 - INFO -   2382 → 3
2026-05-13 01:57:24 - INFO -   Длина: 3049.56 м
2026-05-13 01:57:24 - INFO - 
Маршрут #2346
2026-05-13 01:57:24 - INFO -   2383 → 3
2026-05-13 01:57:24 - INFO -   Длина: 2894.44 м
2026-05-13 01:57:24 - INFO - 
Маршрут #2347
2026-05-13 01:57:24 - INFO -   2384 → 3
2026-05-13 01:57:24 - INFO -   Длина: 1824.69 м
2026-05-13 01:57:24 - INFO - 
Маршрут #2348
2026-05-13 01:57:24 - INFO -   2385 → 7
2026-05-13 01:57:24 - INFO -   Длина: 3428.99 м
2026-05-13 01:57:24 - INFO - 
Маршрут #2349
2026-05-13 01:57:24 - INFO -   2386 → 2
2026-05-13 01:57:24 - INFO -   Длина: 2959.89 м
2026-05-13 01:57:24 - INFO - 
Маршрут #2350
2026-05-13 01:57:24 - INFO -   2387 → 2
2026-05-13 01:57:24 - INFO -   Длина: 1434.61 м
2026-05-13 01:57:24 - INFO - 
Маршрут #2351
2026-05-13 01:57:24 - INFO -   2388 → 1
2026-05-13 01:57:24 - INFO -   Длина: 1359.71 м
2026-05-13 01:57:24 - INFO - 
Маршрут #2352
2026-05-13 01:57:24 - INFO -   2389 → 1
2026-05-13 01:57:24 - INFO -   Длина: 1658.67 м
2026-05-13 01:57:24 - INFO - 
Маршрут #2353
2026-05-13 01:57:24 - INFO -   2390 → 1
2026-05-13 01:57:24 - INFO -   Длина: 1711.60 м
2026-05-13 01:57:24 - INFO - 
Маршрут #2354
2026-05-13 01:57:24 - INFO -   2391 → 2
2026-05-13 01:57:24 - INFO -   Длина: 1563.95 м
2026-05-13 01:57:24 - INFO - 
Маршрут #2355
2026-05-13 01:57:24 - INFO -   2392 → 1
2026-05-13 01:57:24 - INFO -   Длина: 1567.34 м
2026-05-13 01:57:24 - INFO - 
Маршрут #2356
2026-05-13 01:57:24 - INFO -   2393 → 1
2026-05-13 01:57:24 - INFO -   Длина: 1648.08 м
2026-05-13 01:57:24 - INFO - 
Маршрут #2357
2026-05-13 01:57:24 - INFO -   2394 → 1
2026-05-13 01:57:24 - INFO -   Длина: 1700.60 м
2026-05-13 01:57:24 - INFO - 
Маршрут #2358
2026-05-13 01:57:24 - INFO -   2395 → 2
2026-05-13 01:57:24 - INFO -   Длина: 1618.33 м
2026-05-13 01:57:24 - INFO - 
Маршрут #2359
2026-05-13 01:57:24 - INFO -   2396 → 1
2026-05-13 01:57:24 - INFO -   Длина: 1775.40 м
2026-05-13 01:57:24 - INFO - 
Маршрут #2360
2026-05-13 01:57:24 - INFO -   2397 → 1
2026-05-13 01:57:24 - INFO -   Длина: 1764.63 м
2026-05-13 01:57:24 - INFO - 
Маршрут #2361
2026-05-13 01:57:24 - INFO -   2398 → 1
2026-05-13 01:57:24 - INFO -   Длина: 1951.06 м
2026-05-13 01:57:24 - INFO - 
Маршрут #2362
2026-05-13 01:57:24 - INFO -   2399 → 2
2026-05-13 01:57:24 - INFO -   Длина: 1336.34 м
2026-05-13 01:57:24 - INFO - 
Маршрут #2363
2026-05-13 01:57:24 - INFO -   2400 → 1
2026-05-13 01:57:24 - INFO -   Длина: 1811.03 м
2026-05-13 01:57:24 - INFO - 
Маршрут #2364
2026-05-13 01:57:24 - INFO -   2401 → 2
2026-05-13 01:57:24 - INFO -   Длина: 713.17 м
2026-05-13 01:57:24 - INFO - 
Маршрут #2365
2026-05-13 01:57:24 - INFO -   2402 → 2
2026-05-13 01:57:24 - INFO -   Длина: 487.06 м
2026-05-13 01:57:24 - INFO - 
Маршрут #2366
2026-05-13 01:57:24 - INFO -   2403 → 2
2026-05-13 01:57:24 - INFO -   Длина: 604.09 м
2026-05-13 01:57:24 - INFO - 
Маршрут #2367
2026-05-13 01:57:24 - INFO -   2404 → 2
2026-05-13 01:57:24 - INFO -   Длина: 712.15 м
2026-05-13 01:57:24 - INFO - 
Маршрут #2368
2026-05-13 01:57:24 - INFO -   2405 → 2
2026-05-13 01:57:24 - INFO -   Длина: 799.26 м
2026-05-13 01:57:24 - INFO - 
Маршрут #2369
2026-05-13 01:57:24 - INFO -   2406 → 1
2026-05-13 01:57:24 - INFO -   Длина: 1158.50 м
2026-05-13 01:57:24 - INFO - 
Маршрут #2370
2026-05-13 01:57:24 - INFO -   2407 → 1
2026-05-13 01:57:24 - INFO -   Длина: 1219.80 м
2026-05-13 01:57:24 - INFO - 
Маршрут #2371
2026-05-13 01:57:24 - INFO -   2408 → 1
2026-05-13 01:57:24 - INFO -   Длина: 1245.34 м
2026-05-13 01:57:24 - INFO - 
Маршрут #2372
2026-05-13 01:57:24 - INFO -   2409 → 1
2026-05-13 01:57:24 - INFO -   Длина: 911.15 м
2026-05-13 01:57:24 - INFO - 
Маршрут #2373
2026-05-13 01:57:24 - INFO -   2410 → 1
2026-05-13 01:57:24 - INFO -   Длина: 865.19 м
2026-05-13 01:57:24 - INFO - 
Маршрут #2374
2026-05-13 01:57:24 - INFO -   2411 → 2
2026-05-13 01:57:24 - INFO -   Длина: 918.61 м
2026-05-13 01:57:24 - INFO - 
Маршрут #2375
2026-05-13 01:57:24 - INFO -   2412 → 2
2026-05-13 01:57:24 - INFO -   Длина: 999.89 м
2026-05-13 01:57:24 - INFO - 
Маршрут #2376
2026-05-13 01:57:24 - INFO -   2413 → 1
2026-05-13 01:57:24 - INFO -   Длина: 1920.06 м
2026-05-13 01:57:24 - INFO - 
Маршрут #2377
2026-05-13 01:57:24 - INFO -   2414 → 1
2026-05-13 01:57:24 - INFO -   Длина: 744.27 м
2026-05-13 01:57:24 - INFO - 
Маршрут #2378
2026-05-13 01:57:24 - INFO -   2415 → 1
2026-05-13 01:57:24 - INFO -   Длина: 633.71 м
2026-05-13 01:57:24 - INFO - 
Маршрут #2379
2026-05-13 01:57:24 - INFO -   2416 → 1
2026-05-13 01:57:24 - INFO -   Длина: 1219.10 м
2026-05-13 01:57:24 - INFO - 
Маршрут #2380
2026-05-13 01:57:24 - INFO -   2417 → 1
2026-05-13 01:57:24 - INFO -   Длина: 1052.74 м
2026-05-13 01:57:24 - INFO - 
Маршрут #2381
2026-05-13 01:57:24 - INFO -   2418 → 1
2026-05-13 01:57:24 - INFO -   Длина: 944.76 м
2026-05-13 01:57:24 - INFO - 
Маршрут #2382
2026-05-13 01:57:24 - INFO -   2419 → 1
2026-05-13 01:57:24 - INFO -   Длина: 906.01 м
2026-05-13 01:57:24 - INFO - 
Маршрут #2383
2026-05-13 01:57:24 - INFO -   2420 → 1
2026-05-13 01:57:24 - INFO -   Длина: 772.38 м
2026-05-13 01:57:24 - INFO - 
Маршрут #2384
2026-05-13 01:57:24 - INFO -   2421 → 1
2026-05-13 01:57:24 - INFO -   Длина: 1655.40 м
2026-05-13 01:57:24 - INFO - 
Маршрут #2385
2026-05-13 01:57:24 - INFO -   2422 → 1
2026-05-13 01:57:24 - INFO -   Длина: 1614.97 м
2026-05-13 01:57:24 - INFO - 
Маршрут #2386
2026-05-13 01:57:24 - INFO -   2423 → 1
2026-05-13 01:57:24 - INFO -   Длина: 1650.01 м
2026-05-13 01:57:24 - INFO - 
Маршрут #2387
2026-05-13 01:57:24 - INFO -   2424 → 1
2026-05-13 01:57:24 - INFO -   Длина: 1698.96 м
2026-05-13 01:57:24 - INFO - 
Маршрут #2388
2026-05-13 01:57:24 - INFO -   2425 → 1
2026-05-13 01:57:24 - INFO -   Длина: 993.70 м
2026-05-13 01:57:24 - INFO - 
Маршрут #2389
2026-05-13 01:57:24 - INFO -   2426 → 1
2026-05-13 01:57:24 - INFO -   Длина: 1045.56 м
2026-05-13 01:57:24 - INFO - 
Маршрут #2390
2026-05-13 01:57:24 - INFO -   2427 → 1
2026-05-13 01:57:24 - INFO -   Длина: 1321.08 м
2026-05-13 01:57:24 - INFO - 
Маршрут #2391
2026-05-13 01:57:24 - INFO -   2428 → 1
2026-05-13 01:57:24 - INFO -   Длина: 1325.34 м
2026-05-13 01:57:24 - INFO - 
Маршрут #2392
2026-05-13 01:57:24 - INFO -   2429 → 1
2026-05-13 01:57:24 - INFO -   Длина: 1849.25 м
2026-05-13 01:57:24 - INFO - 
Маршрут #2393
2026-05-13 01:57:24 - INFO -   2430 → 1
2026-05-13 01:57:24 - INFO -   Длина: 1070.94 м
2026-05-13 01:57:24 - INFO - 
Маршрут #2394
2026-05-13 01:57:24 - INFO -   2431 → 1
2026-05-13 01:57:24 - INFO -   Длина: 1141.48 м
2026-05-13 01:57:24 - INFO - 
Маршрут #2395
2026-05-13 01:57:24 - INFO -   2432 → 1
2026-05-13 01:57:24 - INFO -   Длина: 1366.50 м
2026-05-13 01:57:24 - INFO - 
Маршрут #2396
2026-05-13 01:57:24 - INFO -   2433 → 1
2026-05-13 01:57:24 - INFO -   Длина: 1610.54 м
2026-05-13 01:57:24 - INFO - 
Маршрут #2397
2026-05-13 01:57:24 - INFO -   2434 → 1
2026-05-13 01:57:24 - INFO -   Длина: 1578.90 м
2026-05-13 01:57:24 - INFO - 
Маршрут #2398
2026-05-13 01:57:24 - INFO -   2435 → 1
2026-05-13 01:57:24 - INFO -   Длина: 1748.73 м
2026-05-13 01:57:24 - INFO - 
Маршрут #2399
2026-05-13 01:57:24 - INFO -   2436 → 2
2026-05-13 01:57:24 - INFO -   Длина: 520.34 м
2026-05-13 01:57:24 - INFO - 
Маршрут #2400
2026-05-13 01:57:24 - INFO -   2437 → 2
2026-05-13 01:57:24 - INFO -   Длина: 2985.08 м
2026-05-13 01:57:24 - INFO - 
Маршрут #2401
2026-05-13 01:57:24 - INFO -   2438 → 5
2026-05-13 01:57:24 - INFO -   Длина: 3347.06 м
2026-05-13 01:57:24 - INFO - 
Маршрут #2402
2026-05-13 01:57:24 - INFO -   2439 → 2
2026-05-13 01:57:24 - INFO -   Длина: 2711.04 м
2026-05-13 01:57:24 - INFO - 
Маршрут #2403
2026-05-13 01:57:24 - INFO -   2440 → 2
2026-05-13 01:57:24 - INFO -   Длина: 2959.80 м
2026-05-13 01:57:24 - INFO - 
Маршрут #2404
2026-05-13 01:57:24 - INFO -   2441 → 2
2026-05-13 01:57:24 - INFO -   Длина: 3009.92 м
2026-05-13 01:57:24 - INFO - 
Маршрут #2405
2026-05-13 01:57:24 - INFO -   2442 → 5
2026-05-13 01:57:24 - INFO -   Длина: 3467.77 м
2026-05-13 01:57:24 - INFO - 
Маршрут #2406
2026-05-13 01:57:24 - INFO -   2443 → 7
2026-05-13 01:57:24 - INFO -   Длина: 2385.95 м
2026-05-13 01:57:24 - INFO - 
Маршрут #2407
2026-05-13 01:57:24 - INFO -   2444 → 2
2026-05-13 01:57:24 - INFO -   Длина: 1701.81 м
2026-05-13 01:57:24 - INFO - 
Маршрут #2408
2026-05-13 01:57:24 - INFO -   2445 → 2
2026-05-13 01:57:24 - INFO -   Длина: 1909.15 м
2026-05-13 01:57:24 - INFO - 
Маршрут #2409
2026-05-13 01:57:24 - INFO -   2446 → 2
2026-05-13 01:57:24 - INFO -   Длина: 2222.76 м
2026-05-13 01:57:24 - INFO - 
Маршрут #2410
2026-05-13 01:57:24 - INFO -   2447 → 2
2026-05-13 01:57:24 - INFO -   Длина: 2254.33 м
2026-05-13 01:57:24 - INFO - 
Маршрут #2411
2026-05-13 01:57:24 - INFO -   2448 → 2
2026-05-13 01:57:24 - INFO -   Длина: 2708.01 м
2026-05-13 01:57:24 - INFO - 
Маршрут #2412
2026-05-13 01:57:24 - INFO -   2449 → 2
2026-05-13 01:57:24 - INFO -   Длина: 2716.75 м
2026-05-13 01:57:24 - INFO - 
Маршрут #2413
2026-05-13 01:57:24 - INFO -   2450 → 2
2026-05-13 01:57:24 - INFO -   Длина: 2589.95 м
2026-05-13 01:57:24 - INFO - 
Маршрут #2414
2026-05-13 01:57:24 - INFO -   2451 → 2
2026-05-13 01:57:24 - INFO -   Длина: 2465.91 м
2026-05-13 01:57:24 - INFO - 
Маршрут #2415
2026-05-13 01:57:24 - INFO -   2452 → 2
2026-05-13 01:57:24 - INFO -   Длина: 2203.99 м
2026-05-13 01:57:24 - INFO - 
Маршрут #2416
2026-05-13 01:57:24 - INFO -   2453 → 2
2026-05-13 01:57:24 - INFO -   Длина: 1263.20 м
2026-05-13 01:57:24 - INFO - 
Маршрут #2417
2026-05-13 01:57:24 - INFO -   2454 → 2
2026-05-13 01:57:24 - INFO -   Длина: 1041.70 м
2026-05-13 01:57:24 - INFO - 
Маршрут #2418
2026-05-13 01:57:24 - INFO -   2455 → 2
2026-05-13 01:57:24 - INFO -   Длина: 1067.11 м
2026-05-13 01:57:24 - INFO - 
Маршрут #2419
2026-05-13 01:57:24 - INFO -   2456 → 2
2026-05-13 01:57:24 - INFO -   Длина: 1876.71 м
2026-05-13 01:57:24 - INFO - 
Маршрут #2420
2026-05-13 01:57:24 - INFO -   2457 → 2
2026-05-13 01:57:24 - INFO -   Длина: 1649.68 м
2026-05-13 01:57:24 - INFO - 
Маршрут #2421
2026-05-13 01:57:24 - INFO -   2458 → 2
2026-05-13 01:57:24 - INFO -   Длина: 1799.75 м
2026-05-13 01:57:24 - INFO - 
Маршрут #2422
2026-05-13 01:57:24 - INFO -   2459 → 2
2026-05-13 01:57:24 - INFO -   Длина: 1532.83 м
2026-05-13 01:57:24 - INFO - 
Маршрут #2423
2026-05-13 01:57:24 - INFO -   2460 → 2
2026-05-13 01:57:24 - INFO -   Длина: 1549.92 м
2026-05-13 01:57:24 - INFO - 
Маршрут #2424
2026-05-13 01:57:24 - INFO -   2461 → 2
2026-05-13 01:57:24 - INFO -   Длина: 1372.24 м
2026-05-13 01:57:24 - INFO - 
Маршрут #2425
2026-05-13 01:57:24 - INFO -   2462 → 2
2026-05-13 01:57:24 - INFO -   Длина: 1341.89 м
2026-05-13 01:57:24 - INFO - 
Маршрут #2426
2026-05-13 01:57:24 - INFO -   2463 → 2
2026-05-13 01:57:24 - INFO -   Длина: 1285.81 м
2026-05-13 01:57:24 - INFO - 
Маршрут #2427
2026-05-13 01:57:24 - INFO -   2464 → 2
2026-05-13 01:57:24 - INFO -   Длина: 1382.98 м
2026-05-13 01:57:24 - INFO - 
Маршрут #2428
2026-05-13 01:57:24 - INFO -   2465 → 2
2026-05-13 01:57:24 - INFO -   Длина: 1312.91 м
2026-05-13 01:57:24 - INFO - 
Маршрут #2429
2026-05-13 01:57:24 - INFO -   2466 → 2
2026-05-13 01:57:24 - INFO -   Длина: 1164.79 м
2026-05-13 01:57:24 - INFO - 
Маршрут #2430
2026-05-13 01:57:24 - INFO -   2467 → 2
2026-05-13 01:57:24 - INFO -   Длина: 1215.07 м
2026-05-13 01:57:24 - INFO - 
Маршрут #2431
2026-05-13 01:57:24 - INFO -   2468 → 2
2026-05-13 01:57:24 - INFO -   Длина: 1551.68 м
2026-05-13 01:57:24 - INFO - 
Маршрут #2432
2026-05-13 01:57:24 - INFO -   2469 → 2
2026-05-13 01:57:24 - INFO -   Длина: 1558.64 м
2026-05-13 01:57:24 - INFO - 
Маршрут #2433
2026-05-13 01:57:24 - INFO -   2470 → 2
2026-05-13 01:57:24 - INFO -   Длина: 1303.35 м
2026-05-13 01:57:24 - INFO - 
Маршрут #2434
2026-05-13 01:57:24 - INFO -   2471 → 2
2026-05-13 01:57:24 - INFO -   Длина: 1287.67 м
2026-05-13 01:57:24 - INFO - 
Маршрут #2435
2026-05-13 01:57:24 - INFO -   2472 → 2
2026-05-13 01:57:24 - INFO -   Длина: 1626.38 м
2026-05-13 01:57:24 - INFO - 
Маршрут #2436
2026-05-13 01:57:24 - INFO -   2473 → 2
2026-05-13 01:57:24 - INFO -   Длина: 1762.00 м
2026-05-13 01:57:24 - INFO - 
Маршрут #2437
2026-05-13 01:57:24 - INFO -   2474 → 2
2026-05-13 01:57:24 - INFO -   Длина: 2277.07 м
2026-05-13 01:57:24 - INFO - 
Маршрут #2438
2026-05-13 01:57:24 - INFO -   2475 → 2
2026-05-13 01:57:24 - INFO -   Длина: 1762.98 м
2026-05-13 01:57:24 - INFO - 
Маршрут #2439
2026-05-13 01:57:24 - INFO -   2476 → 2
2026-05-13 01:57:24 - INFO -   Длина: 1152.53 м
2026-05-13 01:57:24 - INFO - 
Маршрут #2440
2026-05-13 01:57:24 - INFO -   2477 → 2
2026-05-13 01:57:24 - INFO -   Длина: 1210.87 м
2026-05-13 01:57:24 - INFO - 
Маршрут #2441
2026-05-13 01:57:24 - INFO -   2478 → 2
2026-05-13 01:57:24 - INFO -   Длина: 824.43 м
2026-05-13 01:57:24 - INFO - 
Маршрут #2442
2026-05-13 01:57:24 - INFO -   2479 → 2
2026-05-13 01:57:24 - INFO -   Длина: 760.79 м
2026-05-13 01:57:24 - INFO - 
Маршрут #2443
2026-05-13 01:57:24 - INFO -   2480 → 2
2026-05-13 01:57:24 - INFO -   Длина: 550.21 м
2026-05-13 01:57:24 - INFO - 
Маршрут #2444
2026-05-13 01:57:24 - INFO -   2481 → 2
2026-05-13 01:57:24 - INFO -   Длина: 749.65 м
2026-05-13 01:57:24 - INFO - 
Маршрут #2445
2026-05-13 01:57:24 - INFO -   2482 → 3
2026-05-13 01:57:24 - INFO -   Длина: 7876.74 м
2026-05-13 01:57:24 - INFO - 
Маршрут #2446
2026-05-13 01:57:24 - INFO -   2484 → 3
2026-05-13 01:57:24 - INFO -   Длина: 5961.69 м
2026-05-13 01:57:24 - INFO - 
Маршрут #2447
2026-05-13 01:57:24 - INFO -   2485 → 3
2026-05-13 01:57:24 - INFO -   Длина: 6290.62 м
2026-05-13 01:57:24 - INFO - 
Маршрут #2448
2026-05-13 01:57:24 - INFO -   2486 → 3
2026-05-13 01:57:24 - INFO -   Длина: 2927.82 м
2026-05-13 01:57:24 - INFO - 
Маршрут #2449
2026-05-13 01:57:24 - INFO -   2487 → 3
2026-05-13 01:57:24 - INFO -   Длина: 3174.20 м
2026-05-13 01:57:24 - INFO - 
Маршрут #2450
2026-05-13 01:57:24 - INFO -   2488 → 3
2026-05-13 01:57:24 - INFO -   Длина: 2741.03 м
2026-05-13 01:57:24 - INFO - 
Маршрут #2451
2026-05-13 01:57:24 - INFO -   2489 → 3
2026-05-13 01:57:24 - INFO -   Длина: 4779.08 м
2026-05-13 01:57:24 - INFO - 
Маршрут #2452
2026-05-13 01:57:24 - INFO -   2490 → 7
2026-05-13 01:57:24 - INFO -   Длина: 2928.38 м
2026-05-13 01:57:24 - INFO - 
Маршрут #2453
2026-05-13 01:57:24 - INFO -   2491 → 7
2026-05-13 01:57:24 - INFO -   Длина: 3388.84 м
2026-05-13 01:57:24 - INFO - 
Маршрут #2454
2026-05-13 01:57:24 - INFO -   2492 → 7
2026-05-13 01:57:24 - INFO -   Длина: 3101.84 м
2026-05-13 01:57:24 - INFO - 
Маршрут #2455
2026-05-13 01:57:24 - INFO -   2493 → 7
2026-05-13 01:57:24 - INFO -   Длина: 2556.84 м
2026-05-13 01:57:24 - INFO - 
Маршрут #2456
2026-05-13 01:57:24 - INFO -   2494 → 7
2026-05-13 01:57:24 - INFO -   Длина: 2728.83 м
2026-05-13 01:57:24 - INFO - 
Маршрут #2457
2026-05-13 01:57:24 - INFO -   2495 → 7
2026-05-13 01:57:24 - INFO -   Длина: 2785.07 м
2026-05-13 01:57:24 - INFO - 
Маршрут #2458
2026-05-13 01:57:24 - INFO -   2496 → 7
2026-05-13 01:57:24 - INFO -   Длина: 3143.39 м
2026-05-13 01:57:24 - INFO - 
Маршрут #2459
2026-05-13 01:57:24 - INFO -   2497 → 7
2026-05-13 01:57:24 - INFO -   Длина: 3202.27 м
2026-05-13 01:57:24 - INFO - 
Маршрут #2460
2026-05-13 01:57:24 - INFO -   2498 → 7
2026-05-13 01:57:24 - INFO -   Длина: 3688.07 м
2026-05-13 01:57:24 - INFO - 
Маршрут #2461
2026-05-13 01:57:24 - INFO -   2499 → 7
2026-05-13 01:57:24 - INFO -   Длина: 3594.86 м
2026-05-13 01:57:24 - INFO - 
Маршрут #2462
2026-05-13 01:57:24 - INFO -   2500 → 3
2026-05-13 01:57:24 - INFO -   Длина: 3412.57 м
2026-05-13 01:57:24 - INFO - 
Маршрут #2463
2026-05-13 01:57:24 - INFO -   2501 → 7
2026-05-13 01:57:24 - INFO -   Длина: 3629.03 м
2026-05-13 01:57:24 - INFO - 
Маршрут #2464
2026-05-13 01:57:24 - INFO -   2502 → 3
2026-05-13 01:57:24 - INFO -   Длина: 3372.78 м
2026-05-13 01:57:24 - INFO - 
Маршрут #2465
2026-05-13 01:57:24 - INFO -   2503 → 3
2026-05-13 01:57:24 - INFO -   Длина: 3630.41 м
2026-05-13 01:57:24 - INFO - 
Маршрут #2466
2026-05-13 01:57:24 - INFO -   2504 → 7
2026-05-13 01:57:24 - INFO -   Длина: 3503.55 м
2026-05-13 01:57:24 - INFO - 
Маршрут #2467
2026-05-13 01:57:24 - INFO -   2505 → 7
2026-05-13 01:57:24 - INFO -   Длина: 3247.99 м
2026-05-13 01:57:24 - INFO - 
Маршрут #2468
2026-05-13 01:57:24 - INFO -   2506 → 7
2026-05-13 01:57:24 - INFO -   Длина: 2055.79 м
2026-05-13 01:57:24 - INFO - 
Маршрут #2469
2026-05-13 01:57:24 - INFO -   2507 → 3
2026-05-13 01:57:24 - INFO -   Длина: 3506.86 м
2026-05-13 01:57:24 - INFO - 
Маршрут #2470
2026-05-13 01:57:24 - INFO -   2508 → 7
2026-05-13 01:57:24 - INFO -   Длина: 3081.44 м
2026-05-13 01:57:24 - INFO - 
Маршрут #2471
2026-05-13 01:57:24 - INFO -   2509 → 7
2026-05-13 01:57:24 - INFO -   Длина: 2799.79 м
2026-05-13 01:57:24 - INFO - 
Маршрут #2472
2026-05-13 01:57:24 - INFO -   2510 → 7
2026-05-13 01:57:24 - INFO -   Длина: 2560.88 м
2026-05-13 01:57:24 - INFO - 
Маршрут #2473
2026-05-13 01:57:24 - INFO -   2511 → 7
2026-05-13 01:57:24 - INFO -   Длина: 3141.42 м
2026-05-13 01:57:24 - INFO - 
Маршрут #2474
2026-05-13 01:57:24 - INFO -   2512 → 7
2026-05-13 01:57:24 - INFO -   Длина: 3281.98 м
2026-05-13 01:57:24 - INFO - 
Маршрут #2475
2026-05-13 01:57:24 - INFO -   2513 → 7
2026-05-13 01:57:24 - INFO -   Длина: 2049.71 м
2026-05-13 01:57:24 - INFO - 
Маршрут #2476
2026-05-13 01:57:24 - INFO -   2514 → 7
2026-05-13 01:57:24 - INFO -   Длина: 2275.07 м
2026-05-13 01:57:24 - INFO - 
Маршрут #2477
2026-05-13 01:57:24 - INFO -   2515 → 7
2026-05-13 01:57:24 - INFO -   Длина: 2051.60 м
2026-05-13 01:57:24 - INFO - 
Маршрут #2478
2026-05-13 01:57:24 - INFO -   2516 → 7
2026-05-13 01:57:24 - INFO -   Длина: 850.80 м
2026-05-13 01:57:24 - INFO - 
Маршрут #2479
2026-05-13 01:57:24 - INFO -   2517 → 7
2026-05-13 01:57:24 - INFO -   Длина: 1815.97 м
2026-05-13 01:57:24 - INFO - 
Маршрут #2480
2026-05-13 01:57:24 - INFO -   2518 → 7
2026-05-13 01:57:24 - INFO -   Длина: 1487.59 м
2026-05-13 01:57:24 - INFO - 
Маршрут #2481
2026-05-13 01:57:24 - INFO -   2519 → 7
2026-05-13 01:57:24 - INFO -   Длина: 2438.11 м
2026-05-13 01:57:24 - INFO - 
Маршрут #2482
2026-05-13 01:57:24 - INFO -   2520 → 7
2026-05-13 01:57:24 - INFO -   Длина: 1730.21 м
2026-05-13 01:57:24 - INFO - 
Маршрут #2483
2026-05-13 01:57:24 - INFO -   2521 → 7
2026-05-13 01:57:24 - INFO -   Длина: 2946.15 м
2026-05-13 01:57:24 - INFO - 
Маршрут #2484
2026-05-13 01:57:24 - INFO -   2522 → 7
2026-05-13 01:57:24 - INFO -   Длина: 1222.79 м
2026-05-13 01:57:24 - INFO - 
Маршрут #2485
2026-05-13 01:57:24 - INFO -   2523 → 7
2026-05-13 01:57:24 - INFO -   Длина: 1476.29 м
2026-05-13 01:57:24 - INFO - 
Маршрут #2486
2026-05-13 01:57:24 - INFO -   2524 → 3
2026-05-13 01:57:24 - INFO -   Длина: 4894.15 м
2026-05-13 01:57:24 - INFO - 
Маршрут #2487
2026-05-13 01:57:24 - INFO -   2525 → 3
2026-05-13 01:57:24 - INFO -   Длина: 5820.02 м
2026-05-13 01:57:24 - INFO - 
Маршрут #2488
2026-05-13 01:57:24 - INFO -   2526 → 3
2026-05-13 01:57:24 - INFO -   Длина: 4282.46 м
2026-05-13 01:57:24 - INFO - 
Маршрут #2489
2026-05-13 01:57:24 - INFO -   2527 → 7
2026-05-13 01:57:24 - INFO -   Длина: 1245.16 м
2026-05-13 01:57:24 - INFO - 
Маршрут #2490
2026-05-13 01:57:24 - INFO -   2528 → 7
2026-05-13 01:57:24 - INFO -   Длина: 549.23 м
2026-05-13 01:57:24 - INFO - 
Маршрут #2491
2026-05-13 01:57:24 - INFO -   2529 → 7
2026-05-13 01:57:24 - INFO -   Длина: 853.44 м
2026-05-13 01:57:24 - INFO - 
Маршрут #2492
2026-05-13 01:57:24 - INFO -   2530 → 7
2026-05-13 01:57:24 - INFO -   Длина: 951.17 м
2026-05-13 01:57:24 - INFO - 
Маршрут #2493
2026-05-13 01:57:24 - INFO -   2531 → 7
2026-05-13 01:57:24 - INFO -   Длина: 2608.98 м
2026-05-13 01:57:24 - INFO - 
Маршрут #2494
2026-05-13 01:57:24 - INFO -   2532 → 7
2026-05-13 01:57:24 - INFO -   Длина: 1668.13 м
2026-05-13 01:57:24 - INFO - 
Маршрут #2495
2026-05-13 01:57:24 - INFO -   2533 → 2
2026-05-13 01:57:24 - INFO -   Длина: 1286.98 м
2026-05-13 01:57:24 - INFO - 
Маршрут #2496
2026-05-13 01:57:24 - INFO -   2534 → 1
2026-05-13 01:57:24 - INFO -   Длина: 1239.74 м
2026-05-13 01:57:24 - INFO - 
Маршрут #2497
2026-05-13 01:57:24 - INFO -   2535 → 2
2026-05-13 01:57:24 - INFO -   Длина: 1108.87 м
2026-05-13 01:57:24 - INFO - 
Маршрут #2498
2026-05-13 01:57:24 - INFO -   2536 → 2
2026-05-13 01:57:24 - INFO -   Длина: 1241.16 м
2026-05-13 01:57:24 - INFO - 
Маршрут #2499
2026-05-13 01:57:24 - INFO -   2537 → 2
2026-05-13 01:57:24 - INFO -   Длина: 1063.78 м
2026-05-13 01:57:24 - INFO - 
Маршрут #2500
2026-05-13 01:57:24 - INFO -   2538 → 2
2026-05-13 01:57:24 - INFO -   Длина: 1017.36 м
2026-05-13 01:57:24 - INFO - 
Маршрут #2501
2026-05-13 01:57:24 - INFO -   2539 → 2
2026-05-13 01:57:24 - INFO -   Длина: 1198.01 м
2026-05-13 01:57:24 - INFO - 
Маршрут #2502
2026-05-13 01:57:24 - INFO -   2540 → 2
2026-05-13 01:57:24 - INFO -   Длина: 946.26 м
2026-05-13 01:57:24 - INFO - 
Маршрут #2503
2026-05-13 01:57:24 - INFO -   2541 → 1
2026-05-13 01:57:24 - INFO -   Длина: 1098.69 м
2026-05-13 01:57:24 - INFO - 
Маршрут #2504
2026-05-13 01:57:24 - INFO -   2542 → 2
2026-05-13 01:57:24 - INFO -   Длина: 1138.22 м
2026-05-13 01:57:24 - INFO - 
Маршрут #2505
2026-05-13 01:57:24 - INFO -   2543 → 2
2026-05-13 01:57:24 - INFO -   Длина: 1096.80 м
2026-05-13 01:57:24 - INFO - 
Маршрут #2506
2026-05-13 01:57:24 - INFO -   2544 → 2
2026-05-13 01:57:24 - INFO -   Длина: 795.30 м
2026-05-13 01:57:24 - INFO - 
Маршрут #2507
2026-05-13 01:57:24 - INFO -   2545 → 2
2026-05-13 01:57:24 - INFO -   Длина: 1202.82 м
2026-05-13 01:57:24 - INFO - 
Маршрут #2508
2026-05-13 01:57:24 - INFO -   2546 → 2
2026-05-13 01:57:24 - INFO -   Длина: 1121.74 м
2026-05-13 01:57:24 - INFO - 
Маршрут #2509
2026-05-13 01:57:24 - INFO -   2547 → 2
2026-05-13 01:57:24 - INFO -   Длина: 977.09 м
2026-05-13 01:57:24 - INFO - 
Маршрут #2510
2026-05-13 01:57:24 - INFO -   2548 → 2
2026-05-13 01:57:24 - INFO -   Длина: 274.77 м
2026-05-13 01:57:24 - INFO - 
Маршрут #2511
2026-05-13 01:57:24 - INFO -   2549 → 2
2026-05-13 01:57:24 - INFO -   Длина: 477.04 м
2026-05-13 01:57:24 - INFO - 
Маршрут #2512
2026-05-13 01:57:24 - INFO -   2550 → 2
2026-05-13 01:57:24 - INFO -   Длина: 520.15 м
2026-05-13 01:57:24 - INFO - 
Маршрут #2513
2026-05-13 01:57:24 - INFO -   2551 → 7
2026-05-13 01:57:24 - INFO -   Длина: 2411.27 м
2026-05-13 01:57:24 - INFO - 
Маршрут #2514
2026-05-13 01:57:24 - INFO -   2552 → 7
2026-05-13 01:57:24 - INFO -   Длина: 2646.86 м
2026-05-13 01:57:24 - INFO - 
Маршрут #2515
2026-05-13 01:57:24 - INFO -   2553 → 7
2026-05-13 01:57:24 - INFO -   Длина: 2671.86 м
2026-05-13 01:57:24 - INFO - 
Маршрут #2516
2026-05-13 01:57:24 - INFO -   2554 → 1
2026-05-13 01:57:24 - INFO -   Длина: 1843.10 м
2026-05-13 01:57:24 - INFO - 
Маршрут #2517
2026-05-13 01:57:24 - INFO -   2555 → 1
2026-05-13 01:57:24 - INFO -   Длина: 1793.62 м
2026-05-13 01:57:24 - INFO - 
Маршрут #2518
2026-05-13 01:57:24 - INFO -   2556 → 1
2026-05-13 01:57:24 - INFO -   Длина: 1541.47 м
2026-05-13 01:57:24 - INFO - 
Маршрут #2519
2026-05-13 01:57:24 - INFO -   2557 → 1
2026-05-13 01:57:24 - INFO -   Длина: 1763.31 м
2026-05-13 01:57:24 - INFO - 
Маршрут #2520
2026-05-13 01:57:24 - INFO -   2558 → 1
2026-05-13 01:57:24 - INFO -   Длина: 2087.85 м
2026-05-13 01:57:24 - INFO - 
Маршрут #2521
2026-05-13 01:57:24 - INFO -   2559 → 1
2026-05-13 01:57:24 - INFO -   Длина: 1910.79 м
2026-05-13 01:57:24 - INFO - 
Маршрут #2522
2026-05-13 01:57:24 - INFO -   2560 → 7
2026-05-13 01:57:24 - INFO -   Длина: 2608.96 м
2026-05-13 01:57:24 - INFO - 
Маршрут #2523
2026-05-13 01:57:24 - INFO -   2561 → 7
2026-05-13 01:57:24 - INFO -   Длина: 2487.22 м
2026-05-13 01:57:24 - INFO - 
Маршрут #2524
2026-05-13 01:57:24 - INFO -   2562 → 7
2026-05-13 01:57:24 - INFO -   Длина: 2652.53 м
2026-05-13 01:57:24 - INFO - 
Маршрут #2525
2026-05-13 01:57:24 - INFO -   2563 → 1
2026-05-13 01:57:24 - INFO -   Длина: 1981.54 м
2026-05-13 01:57:24 - INFO - 
Маршрут #2526
2026-05-13 01:57:24 - INFO -   2564 → 2
2026-05-13 01:57:24 - INFO -   Длина: 765.23 м
2026-05-13 01:57:24 - INFO - 
Маршрут #2527
2026-05-13 01:57:24 - INFO -   2565 → 2
2026-05-13 01:57:24 - INFO -   Длина: 670.14 м
2026-05-13 01:57:24 - INFO - 
Маршрут #2528
2026-05-13 01:57:24 - INFO -   2566 → 1
2026-05-13 01:57:24 - INFO -   Длина: 883.71 м
2026-05-13 01:57:24 - INFO - 
Маршрут #2529
2026-05-13 01:57:24 - INFO -   2567 → 2
2026-05-13 01:57:24 - INFO -   Длина: 577.76 м
2026-05-13 01:57:24 - INFO - 
Маршрут #2530
2026-05-13 01:57:24 - INFO -   2568 → 1
2026-05-13 01:57:24 - INFO -   Длина: 505.57 м
2026-05-13 01:57:24 - INFO - 
Маршрут #2531
2026-05-13 01:57:24 - INFO -   2569 → 1
2026-05-13 01:57:24 - INFO -   Длина: 482.11 м
2026-05-13 01:57:24 - INFO - 
Маршрут #2532
2026-05-13 01:57:24 - INFO -   2570 → 1
2026-05-13 01:57:24 - INFO -   Длина: 1575.75 м
2026-05-13 01:57:24 - INFO - 
Маршрут #2533
2026-05-13 01:57:24 - INFO -   2571 → 1
2026-05-13 01:57:24 - INFO -   Длина: 1772.87 м
2026-05-13 01:57:24 - INFO - 
Маршрут #2534
2026-05-13 01:57:24 - INFO -   2572 → 1
2026-05-13 01:57:24 - INFO -   Длина: 1806.28 м
2026-05-13 01:57:24 - INFO - 
Маршрут #2535
2026-05-13 01:57:24 - INFO -   2573 → 1
2026-05-13 01:57:24 - INFO -   Длина: 1972.16 м
2026-05-13 01:57:24 - INFO - 
Маршрут #2536
2026-05-13 01:57:24 - INFO -   2574 → 1
2026-05-13 01:57:24 - INFO -   Длина: 1516.27 м
2026-05-13 01:57:24 - INFO - 
Маршрут #2537
2026-05-13 01:57:24 - INFO -   2575 → 1
2026-05-13 01:57:24 - INFO -   Длина: 1704.53 м
2026-05-13 01:57:24 - INFO - 
Маршрут #2538
2026-05-13 01:57:24 - INFO -   2576 → 1
2026-05-13 01:57:24 - INFO -   Длина: 1283.23 м
2026-05-13 01:57:24 - INFO - 
Маршрут #2539
2026-05-13 01:57:24 - INFO -   2577 → 1
2026-05-13 01:57:24 - INFO -   Длина: 1649.08 м
2026-05-13 01:57:24 - INFO - 
Маршрут #2540
2026-05-13 01:57:24 - INFO -   2578 → 1
2026-05-13 01:57:24 - INFO -   Длина: 2093.71 м
2026-05-13 01:57:24 - INFO - 
Маршрут #2541
2026-05-13 01:57:24 - INFO -   2579 → 1
2026-05-13 01:57:24 - INFO -   Длина: 1664.58 м
2026-05-13 01:57:24 - INFO - 
Маршрут #2542
2026-05-13 01:57:24 - INFO -   2580 → 1
2026-05-13 01:57:24 - INFO -   Длина: 1914.20 м
2026-05-13 01:57:24 - INFO - 
Маршрут #2543
2026-05-13 01:57:24 - INFO -   2581 → 1
2026-05-13 01:57:24 - INFO -   Длина: 1571.01 м
2026-05-13 01:57:24 - INFO - 
Маршрут #2544
2026-05-13 01:57:24 - INFO -   2582 → 1
2026-05-13 01:57:24 - INFO -   Длина: 1939.71 м
2026-05-13 01:57:24 - INFO - 
Маршрут #2545
2026-05-13 01:57:24 - INFO -   2583 → 1
2026-05-13 01:57:24 - INFO -   Длина: 2082.34 м
2026-05-13 01:57:24 - INFO - 
Маршрут #2546
2026-05-13 01:57:24 - INFO -   2584 → 1
2026-05-13 01:57:24 - INFO -   Длина: 774.20 м
2026-05-13 01:57:24 - INFO - 
Маршрут #2547
2026-05-13 01:57:24 - INFO -   2585 → 1
2026-05-13 01:57:24 - INFO -   Длина: 795.82 м
2026-05-13 01:57:24 - INFO - 
Маршрут #2548
2026-05-13 01:57:24 - INFO -   2586 → 1
2026-05-13 01:57:24 - INFO -   Длина: 715.00 м
2026-05-13 01:57:24 - INFO - 
Маршрут #2549
2026-05-13 01:57:24 - INFO -   2587 → 1
2026-05-13 01:57:24 - INFO -   Длина: 1125.49 м
2026-05-13 01:57:24 - INFO - 
Маршрут #2550
2026-05-13 01:57:24 - INFO -   2588 → 1
2026-05-13 01:57:24 - INFO -   Длина: 482.06 м
2026-05-13 01:57:24 - INFO - 
Маршрут #2551
2026-05-13 01:57:24 - INFO -   2589 → 1
2026-05-13 01:57:24 - INFO -   Длина: 565.54 м
2026-05-13 01:57:24 - INFO - 
Маршрут #2552
2026-05-13 01:57:24 - INFO -   2590 → 1
2026-05-13 01:57:24 - INFO -   Длина: 792.70 м
2026-05-13 01:57:24 - INFO - 
Маршрут #2553
2026-05-13 01:57:24 - INFO -   2591 → 1
2026-05-13 01:57:24 - INFO -   Длина: 1125.49 м
2026-05-13 01:57:24 - INFO - 
Маршрут #2554
2026-05-13 01:57:24 - INFO -   2592 → 1
2026-05-13 01:57:24 - INFO -   Длина: 1083.11 м
2026-05-13 01:57:24 - INFO - 
Маршрут #2555
2026-05-13 01:57:24 - INFO -   2593 → 1
2026-05-13 01:57:24 - INFO -   Длина: 1102.43 м
2026-05-13 01:57:24 - INFO - 
Маршрут #2556
2026-05-13 01:57:24 - INFO -   2594 → 1
2026-05-13 01:57:24 - INFO -   Длина: 1198.41 м
2026-05-13 01:57:24 - INFO - 
Маршрут #2557
2026-05-13 01:57:24 - INFO -   2595 → 1
2026-05-13 01:57:24 - INFO -   Длина: 1208.61 м
2026-05-13 01:57:24 - INFO - 
Маршрут #2558
2026-05-13 01:57:24 - INFO -   2596 → 1
2026-05-13 01:57:24 - INFO -   Длина: 1189.10 м
2026-05-13 01:57:24 - INFO - 
Маршрут #2559
2026-05-13 01:57:24 - INFO -   2597 → 1
2026-05-13 01:57:24 - INFO -   Длина: 1555.67 м
2026-05-13 01:57:24 - INFO - 
Маршрут #2560
2026-05-13 01:57:24 - INFO -   2598 → 1
2026-05-13 01:57:24 - INFO -   Длина: 1431.04 м
2026-05-13 01:57:24 - INFO - 
Маршрут #2561
2026-05-13 01:57:24 - INFO -   2599 → 1
2026-05-13 01:57:24 - INFO -   Длина: 1081.19 м
2026-05-13 01:57:24 - INFO - 
Маршрут #2562
2026-05-13 01:57:24 - INFO -   2600 → 1
2026-05-13 01:57:24 - INFO -   Длина: 1256.21 м
2026-05-13 01:57:24 - INFO - 
Маршрут #2563
2026-05-13 01:57:24 - INFO -   2601 → 1
2026-05-13 01:57:24 - INFO -   Длина: 1402.55 м
2026-05-13 01:57:24 - INFO - 
Маршрут #2564
2026-05-13 01:57:24 - INFO -   2602 → 1
2026-05-13 01:57:24 - INFO -   Длина: 1460.66 м
2026-05-13 01:57:24 - INFO - 
Маршрут #2565
2026-05-13 01:57:24 - INFO -   2603 → 1
2026-05-13 01:57:24 - INFO -   Длина: 1524.08 м
2026-05-13 01:57:24 - INFO - 
Маршрут #2566
2026-05-13 01:57:24 - INFO -   2604 → 1
2026-05-13 01:57:24 - INFO -   Длина: 1634.16 м
2026-05-13 01:57:24 - INFO - 
Маршрут #2567
2026-05-13 01:57:24 - INFO -   2605 → 1
2026-05-13 01:57:24 - INFO -   Длина: 1734.40 м
2026-05-13 01:57:24 - INFO - 
Маршрут #2568
2026-05-13 01:57:24 - INFO -   2606 → 1
2026-05-13 01:57:24 - INFO -   Длина: 1758.04 м
2026-05-13 01:57:24 - INFO - 
Маршрут #2569
2026-05-13 01:57:24 - INFO -   2607 → 1
2026-05-13 01:57:24 - INFO -   Длина: 1679.54 м
2026-05-13 01:57:24 - INFO - 
Маршрут #2570
2026-05-13 01:57:24 - INFO -   2608 → 1
2026-05-13 01:57:24 - INFO -   Длина: 1743.54 м
2026-05-13 01:57:24 - INFO - 
Маршрут #2571
2026-05-13 01:57:24 - INFO -   2609 → 1
2026-05-13 01:57:24 - INFO -   Длина: 2051.76 м
2026-05-13 01:57:24 - INFO - 
Маршрут #2572
2026-05-13 01:57:24 - INFO -   2610 → 1
2026-05-13 01:57:24 - INFO -   Длина: 2064.44 м
2026-05-13 01:57:24 - INFO - 
Маршрут #2573
2026-05-13 01:57:24 - INFO -   2611 → 1
2026-05-13 01:57:24 - INFO -   Длина: 1771.53 м
2026-05-13 01:57:24 - INFO - 
Маршрут #2574
2026-05-13 01:57:24 - INFO -   2612 → 1
2026-05-13 01:57:24 - INFO -   Длина: 1689.58 м
2026-05-13 01:57:24 - INFO - 
Маршрут #2575
2026-05-13 01:57:24 - INFO -   2613 → 1
2026-05-13 01:57:24 - INFO -   Длина: 1883.28 м
2026-05-13 01:57:24 - INFO - 
Маршрут #2576
2026-05-13 01:57:24 - INFO -   2614 → 1
2026-05-13 01:57:24 - INFO -   Длина: 2438.83 м
2026-05-13 01:57:24 - INFO - 
Маршрут #2577
2026-05-13 01:57:24 - INFO -   2615 → 1
2026-05-13 01:57:24 - INFO -   Длина: 1718.57 м
2026-05-13 01:57:24 - INFO - 
Маршрут #2578
2026-05-13 01:57:24 - INFO -   2616 → 1
2026-05-13 01:57:24 - INFO -   Длина: 1074.23 м
2026-05-13 01:57:24 - INFO - 
Маршрут #2579
2026-05-13 01:57:24 - INFO -   2617 → 1
2026-05-13 01:57:24 - INFO -   Длина: 1095.97 м
2026-05-13 01:57:24 - INFO - 
Маршрут #2580
2026-05-13 01:57:24 - INFO -   2618 → 1
2026-05-13 01:57:24 - INFO -   Длина: 1162.49 м
2026-05-13 01:57:24 - INFO - 
Маршрут #2581
2026-05-13 01:57:24 - INFO -   2619 → 1
2026-05-13 01:57:24 - INFO -   Длина: 1329.16 м
2026-05-13 01:57:24 - INFO - 
Маршрут #2582
2026-05-13 01:57:24 - INFO -   2620 → 1
2026-05-13 01:57:24 - INFO -   Длина: 1311.27 м
2026-05-13 01:57:24 - INFO - 
Маршрут #2583
2026-05-13 01:57:24 - INFO -   2621 → 1
2026-05-13 01:57:24 - INFO -   Длина: 1402.49 м
2026-05-13 01:57:24 - INFO - 
Маршрут #2584
2026-05-13 01:57:24 - INFO -   2622 → 1
2026-05-13 01:57:24 - INFO -   Длина: 1328.47 м
2026-05-13 01:57:24 - INFO - 
Маршрут #2585
2026-05-13 01:57:24 - INFO -   2623 → 1
2026-05-13 01:57:24 - INFO -   Длина: 1379.25 м
2026-05-13 01:57:24 - INFO - 
Маршрут #2586
2026-05-13 01:57:24 - INFO -   2624 → 1
2026-05-13 01:57:24 - INFO -   Длина: 1485.78 м
2026-05-13 01:57:24 - INFO - 
Маршрут #2587
2026-05-13 01:57:24 - INFO -   2625 → 1
2026-05-13 01:57:24 - INFO -   Длина: 1434.19 м
2026-05-13 01:57:24 - INFO - 
Маршрут #2588
2026-05-13 01:57:24 - INFO -   2626 → 1
2026-05-13 01:57:24 - INFO -   Длина: 1667.81 м
2026-05-13 01:57:24 - INFO - 
Маршрут #2589
2026-05-13 01:57:24 - INFO -   2627 → 1
2026-05-13 01:57:24 - INFO -   Длина: 1806.06 м
2026-05-13 01:57:24 - INFO - 
Маршрут #2590
2026-05-13 01:57:24 - INFO -   2628 → 1
2026-05-13 01:57:24 - INFO -   Длина: 1741.28 м
2026-05-13 01:57:24 - INFO - 
Маршрут #2591
2026-05-13 01:57:24 - INFO -   2629 → 1
2026-05-13 01:57:24 - INFO -   Длина: 1783.10 м
2026-05-13 01:57:24 - INFO - 
Маршрут #2592
2026-05-13 01:57:24 - INFO -   2630 → 1
2026-05-13 01:57:24 - INFO -   Длина: 1716.63 м
2026-05-13 01:57:24 - INFO - 
Маршрут #2593
2026-05-13 01:57:24 - INFO -   2631 → 1
2026-05-13 01:57:24 - INFO -   Длина: 1993.73 м
2026-05-13 01:57:24 - INFO - 
Маршрут #2594
2026-05-13 01:57:24 - INFO -   2632 → 1
2026-05-13 01:57:24 - INFO -   Длина: 2045.76 м
2026-05-13 01:57:24 - INFO - 
Маршрут #2595
2026-05-13 01:57:24 - INFO -   2633 → 1
2026-05-13 01:57:24 - INFO -   Длина: 2116.22 м
2026-05-13 01:57:24 - INFO - 
Маршрут #2596
2026-05-13 01:57:24 - INFO -   2634 → 1
2026-05-13 01:57:24 - INFO -   Длина: 1840.58 м
2026-05-13 01:57:24 - INFO - 
Маршрут #2597
2026-05-13 01:57:24 - INFO -   2635 → 1
2026-05-13 01:57:24 - INFO -   Длина: 2037.70 м
2026-05-13 01:57:24 - INFO - 
Маршрут #2598
2026-05-13 01:57:24 - INFO -   2636 → 1
2026-05-13 01:57:24 - INFO -   Длина: 2194.16 м
2026-05-13 01:57:24 - INFO - 
Маршрут #2599
2026-05-13 01:57:24 - INFO -   2638 → 1
2026-05-13 01:57:24 - INFO -   Длина: 1799.51 м
2026-05-13 01:57:24 - INFO - 
Маршрут #2600
2026-05-13 01:57:24 - INFO -   2639 → 1
2026-05-13 01:57:24 - INFO -   Длина: 4032.29 м
2026-05-13 01:57:24 - INFO - 
Маршрут #2601
2026-05-13 01:57:24 - INFO -   2640 → 1
2026-05-13 01:57:24 - INFO -   Длина: 2325.16 м
2026-05-13 01:57:24 - INFO - 
Маршрут #2602
2026-05-13 01:57:24 - INFO -   2641 → 1
2026-05-13 01:57:24 - INFO -   Длина: 2051.01 м
2026-05-13 01:57:24 - INFO - 
Маршрут #2603
2026-05-13 01:57:24 - INFO -   2642 → 1
2026-05-13 01:57:24 - INFO -   Длина: 1864.23 м
2026-05-13 01:57:24 - INFO - 
Маршрут #2604
2026-05-13 01:57:24 - INFO -   2643 → 1
2026-05-13 01:57:24 - INFO -   Длина: 2115.23 м
2026-05-13 01:57:24 - INFO - 
Маршрут #2605
2026-05-13 01:57:24 - INFO -   2644 → 1
2026-05-13 01:57:24 - INFO -   Длина: 4053.86 м
2026-05-13 01:57:24 - INFO - 
Маршрут #2606
2026-05-13 01:57:24 - INFO -   2645 → 1
2026-05-13 01:57:24 - INFO -   Длина: 2193.93 м
2026-05-13 01:57:24 - INFO - 
Маршрут #2607
2026-05-13 01:57:24 - INFO -   2646 → 1
2026-05-13 01:57:24 - INFO -   Длина: 2153.89 м
2026-05-13 01:57:24 - INFO - 
Маршрут #2608
2026-05-13 01:57:24 - INFO -   2647 → 1
2026-05-13 01:57:24 - INFO -   Длина: 2059.82 м
2026-05-13 01:57:24 - INFO - 
Маршрут #2609
2026-05-13 01:57:24 - INFO -   2648 → 1
2026-05-13 01:57:24 - INFO -   Длина: 3852.20 м
2026-05-13 01:57:24 - INFO - 
Маршрут #2610
2026-05-13 01:57:24 - INFO -   2649 → 1
2026-05-13 01:57:24 - INFO -   Длина: 3399.96 м
2026-05-13 01:57:24 - INFO - 
Маршрут #2611
2026-05-13 01:57:24 - INFO -   2650 → 1
2026-05-13 01:57:24 - INFO -   Длина: 4399.09 м
2026-05-13 01:57:24 - INFO - 
Маршрут #2612
2026-05-13 01:57:24 - INFO -   2651 → 1
2026-05-13 01:57:24 - INFO -   Длина: 3987.18 м
2026-05-13 01:57:24 - INFO - 
Маршрут #2613
2026-05-13 01:57:24 - INFO -   2652 → 1
2026-05-13 01:57:24 - INFO -   Длина: 2914.63 м
2026-05-13 01:57:24 - INFO - 
Маршрут #2614
2026-05-13 01:57:24 - INFO -   2653 → 1
2026-05-13 01:57:24 - INFO -   Длина: 2096.02 м
2026-05-13 01:57:24 - INFO - 
Маршрут #2615
2026-05-13 01:57:24 - INFO -   2654 → 1
2026-05-13 01:57:24 - INFO -   Длина: 2493.34 м
2026-05-13 01:57:24 - INFO - 
Маршрут #2616
2026-05-13 01:57:24 - INFO -   2655 → 1
2026-05-13 01:57:24 - INFO -   Длина: 2596.96 м
2026-05-13 01:57:24 - INFO - 
Маршрут #2617
2026-05-13 01:57:24 - INFO -   2656 → 1
2026-05-13 01:57:24 - INFO -   Длина: 3717.29 м
2026-05-13 01:57:24 - INFO - 
Маршрут #2618
2026-05-13 01:57:24 - INFO -   2657 → 1
2026-05-13 01:57:24 - INFO -   Длина: 217.48 м
2026-05-13 01:57:24 - INFO - 
Маршрут #2619
2026-05-13 01:57:24 - INFO -   2658 → 1
2026-05-13 01:57:24 - INFO -   Длина: 300.62 м
2026-05-13 01:57:24 - INFO - 
Маршрут #2620
2026-05-13 01:57:24 - INFO -   2659 → 1
2026-05-13 01:57:24 - INFO -   Длина: 422.25 м
2026-05-13 01:57:24 - INFO - 
Маршрут #2621
2026-05-13 01:57:24 - INFO -   2660 → 1
2026-05-13 01:57:24 - INFO -   Длина: 345.89 м
2026-05-13 01:57:24 - INFO - 
Маршрут #2622
2026-05-13 01:57:24 - INFO -   2661 → 7
2026-05-13 01:57:24 - INFO -   Длина: 2111.54 м
2026-05-13 01:57:24 - INFO - 
Маршрут #2623
2026-05-13 01:57:24 - INFO -   2662 → 7
2026-05-13 01:57:24 - INFO -   Длина: 1760.15 м
2026-05-13 01:57:24 - INFO - 
Маршрут #2624
2026-05-13 01:57:24 - INFO -   2663 → 7
2026-05-13 01:57:24 - INFO -   Длина: 2440.55 м
2026-05-13 01:57:24 - INFO - 
Маршрут #2625
2026-05-13 01:57:24 - INFO -   2664 → 7
2026-05-13 01:57:24 - INFO -   Длина: 804.36 м
2026-05-13 01:57:24 - INFO - 
Маршрут #2626
2026-05-13 01:57:24 - INFO -   2665 → 7
2026-05-13 01:57:24 - INFO -   Длина: 230.97 м
2026-05-13 01:57:24 - INFO - 
Маршрут #2627
2026-05-13 01:57:24 - INFO -   2666 → 7
2026-05-13 01:57:24 - INFO -   Длина: 2052.97 м
2026-05-13 01:57:24 - INFO - 
Маршрут #2628
2026-05-13 01:57:24 - INFO -   2667 → 7
2026-05-13 01:57:24 - INFO -   Длина: 686.24 м
2026-05-13 01:57:24 - INFO - 
Маршрут #2629
2026-05-13 01:57:24 - INFO -   2668 → 8
2026-05-13 01:57:24 - INFO -   Длина: 588.96 м
2026-05-13 01:57:24 - INFO - 
Маршрут #2630
2026-05-13 01:57:24 - INFO -   2669 → 8
2026-05-13 01:57:24 - INFO -   Длина: 736.36 м
2026-05-13 01:57:24 - INFO - 
Маршрут #2631
2026-05-13 01:57:24 - INFO -   2670 → 7
2026-05-13 01:57:24 - INFO -   Длина: 912.28 м
2026-05-13 01:57:24 - INFO - 
Маршрут #2632
2026-05-13 01:57:24 - INFO -   2671 → 7
2026-05-13 01:57:24 - INFO -   Длина: 1092.47 м
2026-05-13 01:57:24 - INFO - 
Маршрут #2633
2026-05-13 01:57:24 - INFO -   2672 → 7
2026-05-13 01:57:24 - INFO -   Длина: 1391.17 м
2026-05-13 01:57:24 - INFO - 
Маршрут #2634
2026-05-13 01:57:24 - INFO -   2673 → 7
2026-05-13 01:57:24 - INFO -   Длина: 2042.46 м
2026-05-13 01:57:24 - INFO - 
Маршрут #2635
2026-05-13 01:57:24 - INFO -   2674 → 7
2026-05-13 01:57:24 - INFO -   Длина: 1859.35 м
2026-05-13 01:57:24 - INFO - 
Маршрут #2636
2026-05-13 01:57:24 - INFO -   2675 → 2
2026-05-13 01:57:24 - INFO -   Длина: 1698.85 м
2026-05-13 01:57:24 - INFO - 
Маршрут #2637
2026-05-13 01:57:24 - INFO -   2676 → 7
2026-05-13 01:57:24 - INFO -   Длина: 1921.68 м
2026-05-13 01:57:24 - INFO - 
Маршрут #2638
2026-05-13 01:57:24 - INFO -   2677 → 7
2026-05-13 01:57:24 - INFO -   Длина: 1344.61 м
2026-05-13 01:57:24 - INFO - 
Маршрут #2639
2026-05-13 01:57:24 - INFO -   2678 → 7
2026-05-13 01:57:24 - INFO -   Длина: 1622.21 м
2026-05-13 01:57:24 - INFO - 
Маршрут #2640
2026-05-13 01:57:24 - INFO -   2679 → 7
2026-05-13 01:57:24 - INFO -   Длина: 1949.11 м
2026-05-13 01:57:24 - INFO - 
Маршрут #2641
2026-05-13 01:57:24 - INFO -   2680 → 7
2026-05-13 01:57:24 - INFO -   Длина: 1604.82 м
2026-05-13 01:57:24 - INFO - 
Маршрут #2642
2026-05-13 01:57:24 - INFO -   2681 → 7
2026-05-13 01:57:24 - INFO -   Длина: 1520.46 м
2026-05-13 01:57:24 - INFO - 
Маршрут #2643
2026-05-13 01:57:24 - INFO -   2682 → 7
2026-05-13 01:57:24 - INFO -   Длина: 1353.69 м
2026-05-13 01:57:24 - INFO - 
Маршрут #2644
2026-05-13 01:57:24 - INFO -   2683 → 2
2026-05-13 01:57:24 - INFO -   Длина: 1658.39 м
2026-05-13 01:57:24 - INFO - 
Маршрут #2645
2026-05-13 01:57:24 - INFO -   2684 → 2
2026-05-13 01:57:24 - INFO -   Длина: 1422.94 м
2026-05-13 01:57:24 - INFO - 
Маршрут #2646
2026-05-13 01:57:24 - INFO -   2685 → 2
2026-05-13 01:57:24 - INFO -   Длина: 1615.95 м
2026-05-13 01:57:24 - INFO - 
Маршрут #2647
2026-05-13 01:57:24 - INFO -   2686 → 2
2026-05-13 01:57:24 - INFO -   Длина: 1380.69 м
2026-05-13 01:57:24 - INFO - 
Маршрут #2648
2026-05-13 01:57:24 - INFO -   2687 → 7
2026-05-13 01:57:24 - INFO -   Длина: 2056.07 м
2026-05-13 01:57:24 - INFO - 
Маршрут #2649
2026-05-13 01:57:24 - INFO -   2688 → 7
2026-05-13 01:57:24 - INFO -   Длина: 1910.96 м
2026-05-13 01:57:24 - INFO - 
Маршрут #2650
2026-05-13 01:57:24 - INFO -   2689 → 7
2026-05-13 01:57:24 - INFO -   Длина: 1887.29 м
2026-05-13 01:57:24 - INFO - 
Маршрут #2651
2026-05-13 01:57:24 - INFO -   2690 → 7
2026-05-13 01:57:24 - INFO -   Длина: 1921.71 м
2026-05-13 01:57:24 - INFO - 
Маршрут #2652
2026-05-13 01:57:24 - INFO -   2691 → 7
2026-05-13 01:57:24 - INFO -   Длина: 1610.84 м
2026-05-13 01:57:24 - INFO - 
Маршрут #2653
2026-05-13 01:57:24 - INFO -   2692 → 2
2026-05-13 01:57:24 - INFO -   Длина: 1601.93 м
2026-05-13 01:57:24 - INFO - 
Маршрут #2654
2026-05-13 01:57:24 - INFO -   2693 → 2
2026-05-13 01:57:24 - INFO -   Длина: 1212.50 м
2026-05-13 01:57:24 - INFO - 
Маршрут #2655
2026-05-13 01:57:24 - INFO -   2694 → 2
2026-05-13 01:57:24 - INFO -   Длина: 1395.72 м
2026-05-13 01:57:24 - INFO - 
Маршрут #2656
2026-05-13 01:57:24 - INFO -   2695 → 2
2026-05-13 01:57:24 - INFO -   Длина: 1872.44 м
2026-05-13 01:57:24 - INFO - 
Маршрут #2657
2026-05-13 01:57:24 - INFO -   2696 → 7
2026-05-13 01:57:24 - INFO -   Длина: 2055.63 м
2026-05-13 01:57:24 - INFO - 
Маршрут #2658
2026-05-13 01:57:24 - INFO -   2697 → 2
2026-05-13 01:57:24 - INFO -   Длина: 1632.88 м
2026-05-13 01:57:24 - INFO - 
Маршрут #2659
2026-05-13 01:57:24 - INFO -   2698 → 7
2026-05-13 01:57:24 - INFO -   Длина: 1748.11 м
2026-05-13 01:57:24 - INFO - 
Маршрут #2660
2026-05-13 01:57:24 - INFO -   2699 → 7
2026-05-13 01:57:24 - INFO -   Длина: 2111.80 м
2026-05-13 01:57:24 - INFO - 
Маршрут #2661
2026-05-13 01:57:24 - INFO -   2700 → 7
2026-05-13 01:57:24 - INFO -   Длина: 2291.69 м
2026-05-13 01:57:24 - INFO - 
Маршрут #2662
2026-05-13 01:57:24 - INFO -   2701 → 7
2026-05-13 01:57:24 - INFO -   Длина: 2149.28 м
2026-05-13 01:57:24 - INFO - 
Маршрут #2663
2026-05-13 01:57:24 - INFO -   2702 → 7
2026-05-13 01:57:24 - INFO -   Длина: 2046.31 м
2026-05-13 01:57:24 - INFO - 
Маршрут #2664
2026-05-13 01:57:24 - INFO -   2703 → 7
2026-05-13 01:57:24 - INFO -   Длина: 2178.45 м
2026-05-13 01:57:24 - INFO - 
Маршрут #2665
2026-05-13 01:57:24 - INFO -   2704 → 7
2026-05-13 01:57:24 - INFO -   Длина: 2533.06 м
2026-05-13 01:57:24 - INFO - 
Маршрут #2666
2026-05-13 01:57:24 - INFO -   2705 → 2
2026-05-13 01:57:24 - INFO -   Длина: 1000.91 м
2026-05-13 01:57:24 - INFO - 
Маршрут #2667
2026-05-13 01:57:24 - INFO -   2706 → 2
2026-05-13 01:57:24 - INFO -   Длина: 782.88 м
2026-05-13 01:57:24 - INFO - 
Маршрут #2668
2026-05-13 01:57:24 - INFO -   2707 → 2
2026-05-13 01:57:24 - INFO -   Длина: 903.28 м
2026-05-13 01:57:24 - INFO - 
Маршрут #2669
2026-05-13 01:57:24 - INFO -   2708 → 2
2026-05-13 01:57:24 - INFO -   Длина: 890.07 м
2026-05-13 01:57:24 - INFO - 
Маршрут #2670
2026-05-13 01:57:24 - INFO -   2709 → 2
2026-05-13 01:57:24 - INFO -   Длина: 802.02 м
2026-05-13 01:57:24 - INFO - 
Маршрут #2671
2026-05-13 01:57:24 - INFO -   2710 → 2
2026-05-13 01:57:24 - INFO -   Длина: 672.34 м
2026-05-13 01:57:24 - INFO - 
Маршрут #2672
2026-05-13 01:57:24 - INFO -   2711 → 7
2026-05-13 01:57:24 - INFO -   Длина: 2080.99 м
2026-05-13 01:57:24 - INFO - 
Маршрут #2673
2026-05-13 01:57:24 - INFO -   2712 → 2
2026-05-13 01:57:24 - INFO -   Длина: 1599.53 м
2026-05-13 01:57:24 - INFO - 
Маршрут #2674
2026-05-13 01:57:24 - INFO -   2713 → 2
2026-05-13 01:57:24 - INFO -   Длина: 1656.42 м
2026-05-13 01:57:24 - INFO - 
Маршрут #2675
2026-05-13 01:57:24 - INFO -   2714 → 1
2026-05-13 01:57:24 - INFO -   Длина: 1969.07 м
2026-05-13 01:57:24 - INFO - 
Маршрут #2676
2026-05-13 01:57:24 - INFO -   2715 → 3
2026-05-13 01:57:24 - INFO -   Длина: 3908.58 м
2026-05-13 01:57:24 - INFO - 
Маршрут #2677
2026-05-13 01:57:24 - INFO -   2716 → 3
2026-05-13 01:57:24 - INFO -   Длина: 3844.78 м
2026-05-13 01:57:24 - INFO - 
Маршрут #2678
2026-05-13 01:57:24 - INFO -   2717 → 5
2026-05-13 01:57:24 - INFO -   Длина: 3173.50 м
2026-05-13 01:57:24 - INFO - 
Маршрут #2679
2026-05-13 01:57:24 - INFO -   2718 → 5
2026-05-13 01:57:24 - INFO -   Длина: 2884.29 м
2026-05-13 01:57:24 - INFO - 
Маршрут #2680
2026-05-13 01:57:24 - INFO -   2719 → 3
2026-05-13 01:57:24 - INFO -   Длина: 4423.60 м
2026-05-13 01:57:24 - INFO - 
Маршрут #2681
2026-05-13 01:57:24 - INFO -   2720 → 5
2026-05-13 01:57:24 - INFO -   Длина: 3485.69 м
2026-05-13 01:57:24 - INFO - 
Маршрут #2682
2026-05-13 01:57:24 - INFO -   2721 → 5
2026-05-13 01:57:24 - INFO -   Длина: 2776.43 м
2026-05-13 01:57:24 - INFO - 
Маршрут #2683
2026-05-13 01:57:24 - INFO -   2723 → 5
2026-05-13 01:57:24 - INFO -   Длина: 3721.71 м
2026-05-13 01:57:24 - INFO - 
Маршрут #2684
2026-05-13 01:57:24 - INFO -   2724 → 5
2026-05-13 01:57:24 - INFO -   Длина: 3821.77 м
2026-05-13 01:57:24 - INFO - 
Маршрут #2685
2026-05-13 01:57:24 - INFO -   2725 → 5
2026-05-13 01:57:24 - INFO -   Длина: 3489.46 м
2026-05-13 01:57:24 - INFO - 
Маршрут #2686
2026-05-13 01:57:24 - INFO -   2726 → 3
2026-05-13 01:57:24 - INFO -   Длина: 1300.53 м
2026-05-13 01:57:24 - INFO - 
Маршрут #2687
2026-05-13 01:57:24 - INFO -   2727 → 5
2026-05-13 01:57:24 - INFO -   Длина: 2745.06 м
2026-05-13 01:57:24 - INFO - 
Маршрут #2688
2026-05-13 01:57:24 - INFO -   2728 → 5
2026-05-13 01:57:24 - INFO -   Длина: 2371.29 м
2026-05-13 01:57:24 - INFO - 
Маршрут #2689
2026-05-13 01:57:24 - INFO -   2729 → 3
2026-05-13 01:57:24 - INFO -   Длина: 1525.85 м
2026-05-13 01:57:24 - INFO - 
Маршрут #2690
2026-05-13 01:57:24 - INFO -   2730 → 5
2026-05-13 01:57:24 - INFO -   Длина: 1453.65 м
2026-05-13 01:57:24 - INFO - 
Маршрут #2691
2026-05-13 01:57:24 - INFO -   2731 → 3
2026-05-13 01:57:24 - INFO -   Длина: 786.21 м
2026-05-13 01:57:24 - INFO - 
Маршрут #2692
2026-05-13 01:57:24 - INFO -   2732 → 5
2026-05-13 01:57:24 - INFO -   Длина: 418.96 м
2026-05-13 01:57:24 - INFO - 
Маршрут #2693
2026-05-13 01:57:24 - INFO -   2733 → 5
2026-05-13 01:57:24 - INFO -   Длина: 2352.86 м
2026-05-13 01:57:24 - INFO - 
Маршрут #2694
2026-05-13 01:57:24 - INFO -   2734 → 5
2026-05-13 01:57:24 - INFO -   Длина: 3118.45 м
2026-05-13 01:57:24 - INFO - 
Маршрут #2695
2026-05-13 01:57:24 - INFO -   2735 → 5
2026-05-13 01:57:24 - INFO -   Длина: 2555.81 м
2026-05-13 01:57:24 - INFO - 
Маршрут #2696
2026-05-13 01:57:24 - INFO -   2736 → 5
2026-05-13 01:57:24 - INFO -   Длина: 2831.77 м
2026-05-13 01:57:24 - INFO - 
Маршрут #2697
2026-05-13 01:57:24 - INFO -   2737 → 5
2026-05-13 01:57:24 - INFO -   Длина: 2004.94 м
2026-05-13 01:57:24 - INFO - 
Маршрут #2698
2026-05-13 01:57:24 - INFO -   2738 → 5
2026-05-13 01:57:24 - INFO -   Длина: 3160.06 м
2026-05-13 01:57:24 - INFO - 
Маршрут #2699
2026-05-13 01:57:24 - INFO -   2739 → 5
2026-05-13 01:57:24 - INFO -   Длина: 2588.22 м
2026-05-13 01:57:24 - INFO - 
Маршрут #2700
2026-05-13 01:57:24 - INFO -   2740 → 5
2026-05-13 01:57:24 - INFO -   Длина: 1351.56 м
2026-05-13 01:57:24 - INFO - 
Маршрут #2701
2026-05-13 01:57:24 - INFO -   2741 → 5
2026-05-13 01:57:24 - INFO -   Длина: 1203.96 м
2026-05-13 01:57:24 - INFO - 
Маршрут #2702
2026-05-13 01:57:24 - INFO -   2742 → 5
2026-05-13 01:57:24 - INFO -   Длина: 850.31 м
2026-05-13 01:57:24 - INFO - 
Маршрут #2703
2026-05-13 01:57:24 - INFO -   2743 → 5
2026-05-13 01:57:24 - INFO -   Длина: 1386.62 м
2026-05-13 01:57:24 - INFO - 
Маршрут #2704
2026-05-13 01:57:24 - INFO -   2744 → 5
2026-05-13 01:57:24 - INFO -   Длина: 2031.08 м
2026-05-13 01:57:24 - INFO - 
Маршрут #2705
2026-05-13 01:57:24 - INFO -   2745 → 5
2026-05-13 01:57:24 - INFO -   Длина: 2199.08 м
2026-05-13 01:57:24 - INFO - 
Маршрут #2706
2026-05-13 01:57:24 - INFO -   2746 → 5
2026-05-13 01:57:24 - INFO -   Длина: 2746.15 м
2026-05-13 01:57:24 - INFO - 
Маршрут #2707
2026-05-13 01:57:24 - INFO -   2747 → 5
2026-05-13 01:57:24 - INFO -   Длина: 3293.16 м
2026-05-13 01:57:24 - INFO - 
Маршрут #2708
2026-05-13 01:57:24 - INFO -   2748 → 5
2026-05-13 01:57:24 - INFO -   Длина: 3658.71 м
2026-05-13 01:57:24 - INFO - 
Маршрут #2709
2026-05-13 01:57:24 - INFO -   2749 → 5
2026-05-13 01:57:24 - INFO -   Длина: 2801.11 м
2026-05-13 01:57:24 - INFO - 
Маршрут #2710
2026-05-13 01:57:24 - INFO -   2750 → 5
2026-05-13 01:57:24 - INFO -   Длина: 2423.17 м
2026-05-13 01:57:24 - INFO - 
Маршрут #2711
2026-05-13 01:57:24 - INFO -   2751 → 5
2026-05-13 01:57:24 - INFO -   Длина: 2979.85 м
2026-05-13 01:57:24 - INFO - 
Маршрут #2712
2026-05-13 01:57:24 - INFO -   2752 → 5
2026-05-13 01:57:24 - INFO -   Длина: 2387.48 м
2026-05-13 01:57:24 - INFO - 
Маршрут #2713
2026-05-13 01:57:24 - INFO -   2753 → 5
2026-05-13 01:57:24 - INFO -   Длина: 3117.97 м
2026-05-13 01:57:24 - INFO - 
Маршрут #2714
2026-05-13 01:57:24 - INFO -   2754 → 5
2026-05-13 01:57:24 - INFO -   Длина: 4019.35 м
2026-05-13 01:57:24 - INFO - 
Маршрут #2715
2026-05-13 01:57:24 - INFO -   2755 → 5
2026-05-13 01:57:24 - INFO -   Длина: 3619.12 м
2026-05-13 01:57:24 - INFO - 
Маршрут #2716
2026-05-13 01:57:24 - INFO -   2756 → 5
2026-05-13 01:57:24 - INFO -   Длина: 4007.20 м
2026-05-13 01:57:24 - INFO - 
Маршрут #2717
2026-05-13 01:57:24 - INFO -   2757 → 5
2026-05-13 01:57:24 - INFO -   Длина: 4616.55 м
2026-05-13 01:57:24 - INFO - 
Маршрут #2718
2026-05-13 01:57:24 - INFO -   2758 → 5
2026-05-13 01:57:24 - INFO -   Длина: 3891.47 м
2026-05-13 01:57:24 - INFO - 
Маршрут #2719
2026-05-13 01:57:24 - INFO -   2759 → 2
2026-05-13 01:57:24 - INFO -   Длина: 3185.06 м
2026-05-13 01:57:24 - INFO - 
Маршрут #2720
2026-05-13 01:57:24 - INFO -   2760 → 2
2026-05-13 01:57:24 - INFO -   Длина: 2805.24 м
2026-05-13 01:57:24 - INFO - 
Маршрут #2721
2026-05-13 01:57:24 - INFO -   2761 → 2
2026-05-13 01:57:24 - INFO -   Длина: 3050.46 м
2026-05-13 01:57:24 - INFO - 
Маршрут #2722
2026-05-13 01:57:24 - INFO -   2762 → 2
2026-05-13 01:57:24 - INFO -   Длина: 2388.99 м
2026-05-13 01:57:24 - INFO - 
Маршрут #2723
2026-05-13 01:57:24 - INFO -   2763 → 2
2026-05-13 01:57:24 - INFO -   Длина: 3077.33 м
2026-05-13 01:57:24 - INFO - ======================================================================

2026-05-13 01:57:24 - INFO - Результаты экспортированы в C:\Users\User\data\Output\3
2026-05-13 01:57:25 - INFO - Добавлено слоёв в проект: 3
